ERROR - 2024-04-23 02:41:47 --> mysqli_sql_exception: Unknown column 'feedback.created_at' in 'field list' in C:\laragon\www\projectmahalta\system\Database\MySQLi\Connection.php:306
Stack trace:
#0 C:\laragon\www\projectmahalta\system\Database\MySQLi\Connection.php(306): mysqli->query('SELECT `feedbac...', 0)
#1 C:\laragon\www\projectmahalta\system\Database\BaseConnection.php(693): CodeIgniter\Database\MySQLi\Connection->execute('SELECT `feedbac...')
#2 C:\laragon\www\projectmahalta\system\Database\BaseConnection.php(607): CodeIgniter\Database\BaseConnection->simpleQuery('SELECT `feedbac...')
#3 C:\laragon\www\projectmahalta\system\Database\BaseBuilder.php(1615): CodeIgniter\Database\BaseConnection->query('SELECT `feedbac...', Array, false)
#4 C:\laragon\www\projectmahalta\system\Model.php(237): CodeIgniter\Database\BaseBuilder->get()
#5 C:\laragon\www\projectmahalta\system\BaseModel.php(624): CodeIgniter\Model->doFindAll(0, 0)
#6 C:\laragon\www\projectmahalta\app\Controllers\AdminController.php(1188): CodeIgniter\BaseModel->findAll()
#7 C:\laragon\www\projectmahalta\system\CodeIgniter.php(942): App\Controllers\AdminController->feedback()
#8 C:\laragon\www\projectmahalta\system\CodeIgniter.php(502): CodeIgniter\CodeIgniter->runController(Object(App\Controllers\AdminController))
#9 C:\laragon\www\projectmahalta\system\CodeIgniter.php(361): CodeIgniter\CodeIgniter->handleRequest(NULL, Object(Config\Cache), false)
#10 C:\laragon\www\projectmahalta\public\index.php(79): CodeIgniter\CodeIgniter->run()
#11 C:\laragon\www\projectmahalta\system\Commands\Server\rewrite.php(47): require_once('C:\\laragon\\www\\...')
#12 {main}
CRITICAL - 2024-04-23 02:41:47 --> Unknown column 'feedback.created_at' in 'field list'
in SYSTEMPATH\Database\BaseConnection.php on line 647.
 1 SYSTEMPATH\Database\BaseBuilder.php(1615): CodeIgniter\Database\BaseConnection->query('SELECT `feedback`.`FeedbackID`, `feedback`.`FeedbackMessage`, `feedback`.`created_at`, `users`.`UserID`, `users`.`Email`
FROM `feedback`
JOIN `users` ON `feedback`.`UserID` = `users`.`UserID`', [], false)
 2 SYSTEMPATH\Model.php(237): CodeIgniter\Database\BaseBuilder->get()
 3 SYSTEMPATH\BaseModel.php(624): CodeIgniter\Model->doFindAll(0, 0)
 4 APPPATH\Controllers\AdminController.php(1188): CodeIgniter\BaseModel->findAll()
 5 SYSTEMPATH\CodeIgniter.php(942): App\Controllers\AdminController->feedback()
 6 SYSTEMPATH\CodeIgniter.php(502): CodeIgniter\CodeIgniter->runController(Object(App\Controllers\AdminController))
 7 SYSTEMPATH\CodeIgniter.php(361): CodeIgniter\CodeIgniter->handleRequest(null, Object(Config\Cache), false)
 8 FCPATH\index.php(79): CodeIgniter\CodeIgniter->run()
 9 SYSTEMPATH\Commands\Server\rewrite.php(47): require_once('C:\\laragon\\www\\projectmahalta\\public\\index.php')
ERROR - 2024-04-23 02:48:20 --> mysqli_sql_exception: Unknown column 'feedback.datetime' in 'field list' in C:\laragon\www\projectmahalta\system\Database\MySQLi\Connection.php:306
Stack trace:
#0 C:\laragon\www\projectmahalta\system\Database\MySQLi\Connection.php(306): mysqli->query('SELECT `feedbac...', 0)
#1 C:\laragon\www\projectmahalta\system\Database\BaseConnection.php(693): CodeIgniter\Database\MySQLi\Connection->execute('SELECT `feedbac...')
#2 C:\laragon\www\projectmahalta\system\Database\BaseConnection.php(607): CodeIgniter\Database\BaseConnection->simpleQuery('SELECT `feedbac...')
#3 C:\laragon\www\projectmahalta\system\Database\BaseBuilder.php(1615): CodeIgniter\Database\BaseConnection->query('SELECT `feedbac...', Array, false)
#4 C:\laragon\www\projectmahalta\system\Model.php(237): CodeIgniter\Database\BaseBuilder->get()
#5 C:\laragon\www\projectmahalta\system\BaseModel.php(624): CodeIgniter\Model->doFindAll(0, 0)
#6 C:\laragon\www\projectmahalta\app\Controllers\GuestController.php(88): CodeIgniter\BaseModel->findAll()
#7 C:\laragon\www\projectmahalta\system\CodeIgniter.php(942): App\Controllers\GuestController->home()
#8 C:\laragon\www\projectmahalta\system\CodeIgniter.php(502): CodeIgniter\CodeIgniter->runController(Object(App\Controllers\GuestController))
#9 C:\laragon\www\projectmahalta\system\CodeIgniter.php(361): CodeIgniter\CodeIgniter->handleRequest(NULL, Object(Config\Cache), false)
#10 C:\laragon\www\projectmahalta\public\index.php(79): CodeIgniter\CodeIgniter->run()
#11 C:\laragon\www\projectmahalta\system\Commands\Server\rewrite.php(47): require_once('C:\\laragon\\www\\...')
#12 {main}
CRITICAL - 2024-04-23 02:48:20 --> Unknown column 'feedback.datetime' in 'field list'
in SYSTEMPATH\Database\BaseConnection.php on line 647.
 1 SYSTEMPATH\Database\BaseBuilder.php(1615): CodeIgniter\Database\BaseConnection->query('SELECT `feedback`.`FeedbackID`, `feedback`.`UserRating`, `feedback`.`FeedbackMessage`, `feedback`.`datetime`, `users`.`UserID`, `users`.`Email`
FROM `feedback`
JOIN `users` ON `feedback`.`UserID` = `users`.`UserID`', [], false)
 2 SYSTEMPATH\Model.php(237): CodeIgniter\Database\BaseBuilder->get()
 3 SYSTEMPATH\BaseModel.php(624): CodeIgniter\Model->doFindAll(0, 0)
 4 APPPATH\Controllers\GuestController.php(88): CodeIgniter\BaseModel->findAll()
 5 SYSTEMPATH\CodeIgniter.php(942): App\Controllers\GuestController->home()
 6 SYSTEMPATH\CodeIgniter.php(502): CodeIgniter\CodeIgniter->runController(Object(App\Controllers\GuestController))
 7 SYSTEMPATH\CodeIgniter.php(361): CodeIgniter\CodeIgniter->handleRequest(null, Object(Config\Cache), false)
 8 FCPATH\index.php(79): CodeIgniter\CodeIgniter->run()
 9 SYSTEMPATH\Commands\Server\rewrite.php(47): require_once('C:\\laragon\\www\\projectmahalta\\public\\index.php')
ERROR - 2024-04-23 02:50:01 --> mysqli_sql_exception: Unknown column 'feedback.datetime' in 'field list' in C:\laragon\www\projectmahalta\system\Database\MySQLi\Connection.php:306
Stack trace:
#0 C:\laragon\www\projectmahalta\system\Database\MySQLi\Connection.php(306): mysqli->query('SELECT `feedbac...', 0)
#1 C:\laragon\www\projectmahalta\system\Database\BaseConnection.php(693): CodeIgniter\Database\MySQLi\Connection->execute('SELECT `feedbac...')
#2 C:\laragon\www\projectmahalta\system\Database\BaseConnection.php(607): CodeIgniter\Database\BaseConnection->simpleQuery('SELECT `feedbac...')
#3 C:\laragon\www\projectmahalta\system\Database\BaseBuilder.php(1615): CodeIgniter\Database\BaseConnection->query('SELECT `feedbac...', Array, false)
#4 C:\laragon\www\projectmahalta\system\Model.php(237): CodeIgniter\Database\BaseBuilder->get()
#5 C:\laragon\www\projectmahalta\system\BaseModel.php(624): CodeIgniter\Model->doFindAll(0, 0)
#6 C:\laragon\www\projectmahalta\app\Controllers\GuestController.php(88): CodeIgniter\BaseModel->findAll()
#7 C:\laragon\www\projectmahalta\system\CodeIgniter.php(942): App\Controllers\GuestController->home()
#8 C:\laragon\www\projectmahalta\system\CodeIgniter.php(502): CodeIgniter\CodeIgniter->runController(Object(App\Controllers\GuestController))
#9 C:\laragon\www\projectmahalta\system\CodeIgniter.php(361): CodeIgniter\CodeIgniter->handleRequest(NULL, Object(Config\Cache), false)
#10 C:\laragon\www\projectmahalta\public\index.php(79): CodeIgniter\CodeIgniter->run()
#11 C:\laragon\www\projectmahalta\system\Commands\Server\rewrite.php(47): require_once('C:\\laragon\\www\\...')
#12 {main}
CRITICAL - 2024-04-23 02:50:01 --> Unknown column 'feedback.datetime' in 'field list'
in SYSTEMPATH\Database\BaseConnection.php on line 647.
 1 SYSTEMPATH\Database\BaseBuilder.php(1615): CodeIgniter\Database\BaseConnection->query('SELECT `feedback`.`FeedbackID`, `feedback`.`UserRating`, `feedback`.`FeedbackMessage`, `feedback`.`datetime`, `users`.`UserID`, `users`.`Email`
FROM `feedback`
JOIN `users` ON `feedback`.`UserID` = `users`.`UserID`', [], false)
 2 SYSTEMPATH\Model.php(237): CodeIgniter\Database\BaseBuilder->get()
 3 SYSTEMPATH\BaseModel.php(624): CodeIgniter\Model->doFindAll(0, 0)
 4 APPPATH\Controllers\GuestController.php(88): CodeIgniter\BaseModel->findAll()
 5 SYSTEMPATH\CodeIgniter.php(942): App\Controllers\GuestController->home()
 6 SYSTEMPATH\CodeIgniter.php(502): CodeIgniter\CodeIgniter->runController(Object(App\Controllers\GuestController))
 7 SYSTEMPATH\CodeIgniter.php(361): CodeIgniter\CodeIgniter->handleRequest(null, Object(Config\Cache), false)
 8 FCPATH\index.php(79): CodeIgniter\CodeIgniter->run()
 9 SYSTEMPATH\Commands\Server\rewrite.php(47): require_once('C:\\laragon\\www\\projectmahalta\\public\\index.php')
ERROR - 2024-04-23 02:50:36 --> mysqli_sql_exception: Unknown column 'feedback.datetime' in 'field list' in C:\laragon\www\projectmahalta\system\Database\MySQLi\Connection.php:306
Stack trace:
#0 C:\laragon\www\projectmahalta\system\Database\MySQLi\Connection.php(306): mysqli->query('SELECT `feedbac...', 0)
#1 C:\laragon\www\projectmahalta\system\Database\BaseConnection.php(693): CodeIgniter\Database\MySQLi\Connection->execute('SELECT `feedbac...')
#2 C:\laragon\www\projectmahalta\system\Database\BaseConnection.php(607): CodeIgniter\Database\BaseConnection->simpleQuery('SELECT `feedbac...')
#3 C:\laragon\www\projectmahalta\system\Database\BaseBuilder.php(1615): CodeIgniter\Database\BaseConnection->query('SELECT `feedbac...', Array, false)
#4 C:\laragon\www\projectmahalta\system\Model.php(237): CodeIgniter\Database\BaseBuilder->get()
#5 C:\laragon\www\projectmahalta\system\BaseModel.php(624): CodeIgniter\Model->doFindAll(0, 0)
#6 C:\laragon\www\projectmahalta\app\Controllers\GuestController.php(88): CodeIgniter\BaseModel->findAll()
#7 C:\laragon\www\projectmahalta\system\CodeIgniter.php(942): App\Controllers\GuestController->home()
#8 C:\laragon\www\projectmahalta\system\CodeIgniter.php(502): CodeIgniter\CodeIgniter->runController(Object(App\Controllers\GuestController))
#9 C:\laragon\www\projectmahalta\system\CodeIgniter.php(361): CodeIgniter\CodeIgniter->handleRequest(NULL, Object(Config\Cache), false)
#10 C:\laragon\www\projectmahalta\public\index.php(79): CodeIgniter\CodeIgniter->run()
#11 C:\laragon\www\projectmahalta\system\Commands\Server\rewrite.php(47): require_once('C:\\laragon\\www\\...')
#12 {main}
CRITICAL - 2024-04-23 02:50:36 --> Unknown column 'feedback.datetime' in 'field list'
in SYSTEMPATH\Database\BaseConnection.php on line 647.
 1 SYSTEMPATH\Database\BaseBuilder.php(1615): CodeIgniter\Database\BaseConnection->query('SELECT `feedback`.`FeedbackID`, `feedback`.`UserRating`, `feedback`.`FeedbackMessage`, `feedback`.`datetime`, `users`.`UserID`, `users`.`Email`
FROM `feedback`
JOIN `users` ON `feedback`.`UserID` = `users`.`UserID`', [], false)
 2 SYSTEMPATH\Model.php(237): CodeIgniter\Database\BaseBuilder->get()
 3 SYSTEMPATH\BaseModel.php(624): CodeIgniter\Model->doFindAll(0, 0)
 4 APPPATH\Controllers\GuestController.php(88): CodeIgniter\BaseModel->findAll()
 5 SYSTEMPATH\CodeIgniter.php(942): App\Controllers\GuestController->home()
 6 SYSTEMPATH\CodeIgniter.php(502): CodeIgniter\CodeIgniter->runController(Object(App\Controllers\GuestController))
 7 SYSTEMPATH\CodeIgniter.php(361): CodeIgniter\CodeIgniter->handleRequest(null, Object(Config\Cache), false)
 8 FCPATH\index.php(79): CodeIgniter\CodeIgniter->run()
 9 SYSTEMPATH\Commands\Server\rewrite.php(47): require_once('C:\\laragon\\www\\projectmahalta\\public\\index.php')
ERROR - 2024-04-23 02:51:35 --> mysqli_sql_exception: Unknown column 'feedback.datetime' in 'field list' in C:\laragon\www\projectmahalta\system\Database\MySQLi\Connection.php:306
Stack trace:
#0 C:\laragon\www\projectmahalta\system\Database\MySQLi\Connection.php(306): mysqli->query('SELECT `feedbac...', 0)
#1 C:\laragon\www\projectmahalta\system\Database\BaseConnection.php(693): CodeIgniter\Database\MySQLi\Connection->execute('SELECT `feedbac...')
#2 C:\laragon\www\projectmahalta\system\Database\BaseConnection.php(607): CodeIgniter\Database\BaseConnection->simpleQuery('SELECT `feedbac...')
#3 C:\laragon\www\projectmahalta\system\Database\BaseBuilder.php(1615): CodeIgniter\Database\BaseConnection->query('SELECT `feedbac...', Array, false)
#4 C:\laragon\www\projectmahalta\system\Model.php(237): CodeIgniter\Database\BaseBuilder->get()
#5 C:\laragon\www\projectmahalta\system\BaseModel.php(624): CodeIgniter\Model->doFindAll(0, 0)
#6 C:\laragon\www\projectmahalta\app\Controllers\GuestController.php(88): CodeIgniter\BaseModel->findAll()
#7 C:\laragon\www\projectmahalta\system\CodeIgniter.php(942): App\Controllers\GuestController->home()
#8 C:\laragon\www\projectmahalta\system\CodeIgniter.php(502): CodeIgniter\CodeIgniter->runController(Object(App\Controllers\GuestController))
#9 C:\laragon\www\projectmahalta\system\CodeIgniter.php(361): CodeIgniter\CodeIgniter->handleRequest(NULL, Object(Config\Cache), false)
#10 C:\laragon\www\projectmahalta\public\index.php(79): CodeIgniter\CodeIgniter->run()
#11 C:\laragon\www\projectmahalta\system\Commands\Server\rewrite.php(47): require_once('C:\\laragon\\www\\...')
#12 {main}
CRITICAL - 2024-04-23 02:51:35 --> Unknown column 'feedback.datetime' in 'field list'
in SYSTEMPATH\Database\BaseConnection.php on line 647.
 1 SYSTEMPATH\Database\BaseBuilder.php(1615): CodeIgniter\Database\BaseConnection->query('SELECT `feedback`.`FeedbackID`, `feedback`.`UserRating`, `feedback`.`FeedbackMessage`, `feedback`.`datetime`, `users`.`UserID`, `users`.`Email`
FROM `feedback`
JOIN `users` ON `feedback`.`UserID` = `users`.`UserID`', [], false)
 2 SYSTEMPATH\Model.php(237): CodeIgniter\Database\BaseBuilder->get()
 3 SYSTEMPATH\BaseModel.php(624): CodeIgniter\Model->doFindAll(0, 0)
 4 APPPATH\Controllers\GuestController.php(88): CodeIgniter\BaseModel->findAll()
 5 SYSTEMPATH\CodeIgniter.php(942): App\Controllers\GuestController->home()
 6 SYSTEMPATH\CodeIgniter.php(502): CodeIgniter\CodeIgniter->runController(Object(App\Controllers\GuestController))
 7 SYSTEMPATH\CodeIgniter.php(361): CodeIgniter\CodeIgniter->handleRequest(null, Object(Config\Cache), false)
 8 FCPATH\index.php(79): CodeIgniter\CodeIgniter->run()
 9 SYSTEMPATH\Commands\Server\rewrite.php(47): require_once('C:\\laragon\\www\\projectmahalta\\public\\index.php')
ERROR - 2024-04-23 02:51:37 --> mysqli_sql_exception: Unknown column 'feedback.datetime' in 'field list' in C:\laragon\www\projectmahalta\system\Database\MySQLi\Connection.php:306
Stack trace:
#0 C:\laragon\www\projectmahalta\system\Database\MySQLi\Connection.php(306): mysqli->query('SELECT `feedbac...', 0)
#1 C:\laragon\www\projectmahalta\system\Database\BaseConnection.php(693): CodeIgniter\Database\MySQLi\Connection->execute('SELECT `feedbac...')
#2 C:\laragon\www\projectmahalta\system\Database\BaseConnection.php(607): CodeIgniter\Database\BaseConnection->simpleQuery('SELECT `feedbac...')
#3 C:\laragon\www\projectmahalta\system\Database\BaseBuilder.php(1615): CodeIgniter\Database\BaseConnection->query('SELECT `feedbac...', Array, false)
#4 C:\laragon\www\projectmahalta\system\Model.php(237): CodeIgniter\Database\BaseBuilder->get()
#5 C:\laragon\www\projectmahalta\system\BaseModel.php(624): CodeIgniter\Model->doFindAll(0, 0)
#6 C:\laragon\www\projectmahalta\app\Controllers\GuestController.php(88): CodeIgniter\BaseModel->findAll()
#7 C:\laragon\www\projectmahalta\system\CodeIgniter.php(942): App\Controllers\GuestController->home()
#8 C:\laragon\www\projectmahalta\system\CodeIgniter.php(502): CodeIgniter\CodeIgniter->runController(Object(App\Controllers\GuestController))
#9 C:\laragon\www\projectmahalta\system\CodeIgniter.php(361): CodeIgniter\CodeIgniter->handleRequest(NULL, Object(Config\Cache), false)
#10 C:\laragon\www\projectmahalta\public\index.php(79): CodeIgniter\CodeIgniter->run()
#11 C:\laragon\www\projectmahalta\system\Commands\Server\rewrite.php(47): require_once('C:\\laragon\\www\\...')
#12 {main}
CRITICAL - 2024-04-23 02:51:37 --> Unknown column 'feedback.datetime' in 'field list'
in SYSTEMPATH\Database\BaseConnection.php on line 647.
 1 SYSTEMPATH\Database\BaseBuilder.php(1615): CodeIgniter\Database\BaseConnection->query('SELECT `feedback`.`FeedbackID`, `feedback`.`UserRating`, `feedback`.`FeedbackMessage`, `feedback`.`datetime`, `users`.`UserID`, `users`.`Email`
FROM `feedback`
JOIN `users` ON `feedback`.`UserID` = `users`.`UserID`', [], false)
 2 SYSTEMPATH\Model.php(237): CodeIgniter\Database\BaseBuilder->get()
 3 SYSTEMPATH\BaseModel.php(624): CodeIgniter\Model->doFindAll(0, 0)
 4 APPPATH\Controllers\GuestController.php(88): CodeIgniter\BaseModel->findAll()
 5 SYSTEMPATH\CodeIgniter.php(942): App\Controllers\GuestController->home()
 6 SYSTEMPATH\CodeIgniter.php(502): CodeIgniter\CodeIgniter->runController(Object(App\Controllers\GuestController))
 7 SYSTEMPATH\CodeIgniter.php(361): CodeIgniter\CodeIgniter->handleRequest(null, Object(Config\Cache), false)
 8 FCPATH\index.php(79): CodeIgniter\CodeIgniter->run()
 9 SYSTEMPATH\Commands\Server\rewrite.php(47): require_once('C:\\laragon\\www\\projectmahalta\\public\\index.php')
ERROR - 2024-04-23 02:51:37 --> mysqli_sql_exception: Unknown column 'feedback.datetime' in 'field list' in C:\laragon\www\projectmahalta\system\Database\MySQLi\Connection.php:306
Stack trace:
#0 C:\laragon\www\projectmahalta\system\Database\MySQLi\Connection.php(306): mysqli->query('SELECT `feedbac...', 0)
#1 C:\laragon\www\projectmahalta\system\Database\BaseConnection.php(693): CodeIgniter\Database\MySQLi\Connection->execute('SELECT `feedbac...')
#2 C:\laragon\www\projectmahalta\system\Database\BaseConnection.php(607): CodeIgniter\Database\BaseConnection->simpleQuery('SELECT `feedbac...')
#3 C:\laragon\www\projectmahalta\system\Database\BaseBuilder.php(1615): CodeIgniter\Database\BaseConnection->query('SELECT `feedbac...', Array, false)
#4 C:\laragon\www\projectmahalta\system\Model.php(237): CodeIgniter\Database\BaseBuilder->get()
#5 C:\laragon\www\projectmahalta\system\BaseModel.php(624): CodeIgniter\Model->doFindAll(0, 0)
#6 C:\laragon\www\projectmahalta\app\Controllers\GuestController.php(88): CodeIgniter\BaseModel->findAll()
#7 C:\laragon\www\projectmahalta\system\CodeIgniter.php(942): App\Controllers\GuestController->home()
#8 C:\laragon\www\projectmahalta\system\CodeIgniter.php(502): CodeIgniter\CodeIgniter->runController(Object(App\Controllers\GuestController))
#9 C:\laragon\www\projectmahalta\system\CodeIgniter.php(361): CodeIgniter\CodeIgniter->handleRequest(NULL, Object(Config\Cache), false)
#10 C:\laragon\www\projectmahalta\public\index.php(79): CodeIgniter\CodeIgniter->run()
#11 C:\laragon\www\projectmahalta\system\Commands\Server\rewrite.php(47): require_once('C:\\laragon\\www\\...')
#12 {main}
CRITICAL - 2024-04-23 02:51:37 --> Unknown column 'feedback.datetime' in 'field list'
in SYSTEMPATH\Database\BaseConnection.php on line 647.
 1 SYSTEMPATH\Database\BaseBuilder.php(1615): CodeIgniter\Database\BaseConnection->query('SELECT `feedback`.`FeedbackID`, `feedback`.`UserRating`, `feedback`.`FeedbackMessage`, `feedback`.`datetime`, `users`.`UserID`, `users`.`Email`
FROM `feedback`
JOIN `users` ON `feedback`.`UserID` = `users`.`UserID`', [], false)
 2 SYSTEMPATH\Model.php(237): CodeIgniter\Database\BaseBuilder->get()
 3 SYSTEMPATH\BaseModel.php(624): CodeIgniter\Model->doFindAll(0, 0)
 4 APPPATH\Controllers\GuestController.php(88): CodeIgniter\BaseModel->findAll()
 5 SYSTEMPATH\CodeIgniter.php(942): App\Controllers\GuestController->home()
 6 SYSTEMPATH\CodeIgniter.php(502): CodeIgniter\CodeIgniter->runController(Object(App\Controllers\GuestController))
 7 SYSTEMPATH\CodeIgniter.php(361): CodeIgniter\CodeIgniter->handleRequest(null, Object(Config\Cache), false)
 8 FCPATH\index.php(79): CodeIgniter\CodeIgniter->run()
 9 SYSTEMPATH\Commands\Server\rewrite.php(47): require_once('C:\\laragon\\www\\projectmahalta\\public\\index.php')
ERROR - 2024-04-23 02:51:37 --> mysqli_sql_exception: Unknown column 'feedback.datetime' in 'field list' in C:\laragon\www\projectmahalta\system\Database\MySQLi\Connection.php:306
Stack trace:
#0 C:\laragon\www\projectmahalta\system\Database\MySQLi\Connection.php(306): mysqli->query('SELECT `feedbac...', 0)
#1 C:\laragon\www\projectmahalta\system\Database\BaseConnection.php(693): CodeIgniter\Database\MySQLi\Connection->execute('SELECT `feedbac...')
#2 C:\laragon\www\projectmahalta\system\Database\BaseConnection.php(607): CodeIgniter\Database\BaseConnection->simpleQuery('SELECT `feedbac...')
#3 C:\laragon\www\projectmahalta\system\Database\BaseBuilder.php(1615): CodeIgniter\Database\BaseConnection->query('SELECT `feedbac...', Array, false)
#4 C:\laragon\www\projectmahalta\system\Model.php(237): CodeIgniter\Database\BaseBuilder->get()
#5 C:\laragon\www\projectmahalta\system\BaseModel.php(624): CodeIgniter\Model->doFindAll(0, 0)
#6 C:\laragon\www\projectmahalta\app\Controllers\GuestController.php(88): CodeIgniter\BaseModel->findAll()
#7 C:\laragon\www\projectmahalta\system\CodeIgniter.php(942): App\Controllers\GuestController->home()
#8 C:\laragon\www\projectmahalta\system\CodeIgniter.php(502): CodeIgniter\CodeIgniter->runController(Object(App\Controllers\GuestController))
#9 C:\laragon\www\projectmahalta\system\CodeIgniter.php(361): CodeIgniter\CodeIgniter->handleRequest(NULL, Object(Config\Cache), false)
#10 C:\laragon\www\projectmahalta\public\index.php(79): CodeIgniter\CodeIgniter->run()
#11 C:\laragon\www\projectmahalta\system\Commands\Server\rewrite.php(47): require_once('C:\\laragon\\www\\...')
#12 {main}
CRITICAL - 2024-04-23 02:51:37 --> Unknown column 'feedback.datetime' in 'field list'
in SYSTEMPATH\Database\BaseConnection.php on line 647.
 1 SYSTEMPATH\Database\BaseBuilder.php(1615): CodeIgniter\Database\BaseConnection->query('SELECT `feedback`.`FeedbackID`, `feedback`.`UserRating`, `feedback`.`FeedbackMessage`, `feedback`.`datetime`, `users`.`UserID`, `users`.`Email`
FROM `feedback`
JOIN `users` ON `feedback`.`UserID` = `users`.`UserID`', [], false)
 2 SYSTEMPATH\Model.php(237): CodeIgniter\Database\BaseBuilder->get()
 3 SYSTEMPATH\BaseModel.php(624): CodeIgniter\Model->doFindAll(0, 0)
 4 APPPATH\Controllers\GuestController.php(88): CodeIgniter\BaseModel->findAll()
 5 SYSTEMPATH\CodeIgniter.php(942): App\Controllers\GuestController->home()
 6 SYSTEMPATH\CodeIgniter.php(502): CodeIgniter\CodeIgniter->runController(Object(App\Controllers\GuestController))
 7 SYSTEMPATH\CodeIgniter.php(361): CodeIgniter\CodeIgniter->handleRequest(null, Object(Config\Cache), false)
 8 FCPATH\index.php(79): CodeIgniter\CodeIgniter->run()
 9 SYSTEMPATH\Commands\Server\rewrite.php(47): require_once('C:\\laragon\\www\\projectmahalta\\public\\index.php')
ERROR - 2024-04-23 02:54:50 --> mysqli_sql_exception: Unknown column 'feedback.datetime' in 'field list' in C:\laragon\www\projectmahalta\system\Database\MySQLi\Connection.php:306
Stack trace:
#0 C:\laragon\www\projectmahalta\system\Database\MySQLi\Connection.php(306): mysqli->query('SELECT `feedbac...', 0)
#1 C:\laragon\www\projectmahalta\system\Database\BaseConnection.php(693): CodeIgniter\Database\MySQLi\Connection->execute('SELECT `feedbac...')
#2 C:\laragon\www\projectmahalta\system\Database\BaseConnection.php(607): CodeIgniter\Database\BaseConnection->simpleQuery('SELECT `feedbac...')
#3 C:\laragon\www\projectmahalta\system\Database\BaseBuilder.php(1615): CodeIgniter\Database\BaseConnection->query('SELECT `feedbac...', Array, false)
#4 C:\laragon\www\projectmahalta\system\Model.php(237): CodeIgniter\Database\BaseBuilder->get()
#5 C:\laragon\www\projectmahalta\system\BaseModel.php(624): CodeIgniter\Model->doFindAll(0, 0)
#6 C:\laragon\www\projectmahalta\app\Controllers\GuestController.php(88): CodeIgniter\BaseModel->findAll()
#7 C:\laragon\www\projectmahalta\system\CodeIgniter.php(942): App\Controllers\GuestController->home()
#8 C:\laragon\www\projectmahalta\system\CodeIgniter.php(502): CodeIgniter\CodeIgniter->runController(Object(App\Controllers\GuestController))
#9 C:\laragon\www\projectmahalta\system\CodeIgniter.php(361): CodeIgniter\CodeIgniter->handleRequest(NULL, Object(Config\Cache), false)
#10 C:\laragon\www\projectmahalta\public\index.php(79): CodeIgniter\CodeIgniter->run()
#11 C:\laragon\www\projectmahalta\system\Commands\Server\rewrite.php(47): require_once('C:\\laragon\\www\\...')
#12 {main}
CRITICAL - 2024-04-23 02:54:50 --> Unknown column 'feedback.datetime' in 'field list'
in SYSTEMPATH\Database\BaseConnection.php on line 647.
 1 SYSTEMPATH\Database\BaseBuilder.php(1615): CodeIgniter\Database\BaseConnection->query('SELECT `feedback`.`FeedbackID`, `feedback`.`UserRating`, `feedback`.`FeedbackMessage`, `feedback`.`datetime`, `users`.`UserID`, `users`.`Email`
FROM `feedback`
JOIN `users` ON `feedback`.`UserID` = `users`.`UserID`', [], false)
 2 SYSTEMPATH\Model.php(237): CodeIgniter\Database\BaseBuilder->get()
 3 SYSTEMPATH\BaseModel.php(624): CodeIgniter\Model->doFindAll(0, 0)
 4 APPPATH\Controllers\GuestController.php(88): CodeIgniter\BaseModel->findAll()
 5 SYSTEMPATH\CodeIgniter.php(942): App\Controllers\GuestController->home()
 6 SYSTEMPATH\CodeIgniter.php(502): CodeIgniter\CodeIgniter->runController(Object(App\Controllers\GuestController))
 7 SYSTEMPATH\CodeIgniter.php(361): CodeIgniter\CodeIgniter->handleRequest(null, Object(Config\Cache), false)
 8 FCPATH\index.php(79): CodeIgniter\CodeIgniter->run()
 9 SYSTEMPATH\Commands\Server\rewrite.php(47): require_once('C:\\laragon\\www\\projectmahalta\\public\\index.php')
ERROR - 2024-04-23 02:54:59 --> mysqli_sql_exception: Unknown column 'feedback.datetime' in 'field list' in C:\laragon\www\projectmahalta\system\Database\MySQLi\Connection.php:306
Stack trace:
#0 C:\laragon\www\projectmahalta\system\Database\MySQLi\Connection.php(306): mysqli->query('SELECT `feedbac...', 0)
#1 C:\laragon\www\projectmahalta\system\Database\BaseConnection.php(693): CodeIgniter\Database\MySQLi\Connection->execute('SELECT `feedbac...')
#2 C:\laragon\www\projectmahalta\system\Database\BaseConnection.php(607): CodeIgniter\Database\BaseConnection->simpleQuery('SELECT `feedbac...')
#3 C:\laragon\www\projectmahalta\system\Database\BaseBuilder.php(1615): CodeIgniter\Database\BaseConnection->query('SELECT `feedbac...', Array, false)
#4 C:\laragon\www\projectmahalta\system\Model.php(237): CodeIgniter\Database\BaseBuilder->get()
#5 C:\laragon\www\projectmahalta\system\BaseModel.php(624): CodeIgniter\Model->doFindAll(0, 0)
#6 C:\laragon\www\projectmahalta\app\Controllers\GuestController.php(88): CodeIgniter\BaseModel->findAll()
#7 C:\laragon\www\projectmahalta\system\CodeIgniter.php(942): App\Controllers\GuestController->home()
#8 C:\laragon\www\projectmahalta\system\CodeIgniter.php(502): CodeIgniter\CodeIgniter->runController(Object(App\Controllers\GuestController))
#9 C:\laragon\www\projectmahalta\system\CodeIgniter.php(361): CodeIgniter\CodeIgniter->handleRequest(NULL, Object(Config\Cache), false)
#10 C:\laragon\www\projectmahalta\public\index.php(79): CodeIgniter\CodeIgniter->run()
#11 C:\laragon\www\projectmahalta\system\Commands\Server\rewrite.php(47): require_once('C:\\laragon\\www\\...')
#12 {main}
CRITICAL - 2024-04-23 02:54:59 --> Unknown column 'feedback.datetime' in 'field list'
in SYSTEMPATH\Database\BaseConnection.php on line 647.
 1 SYSTEMPATH\Database\BaseBuilder.php(1615): CodeIgniter\Database\BaseConnection->query('SELECT `feedback`.`FeedbackID`, `feedback`.`UserRating`, `feedback`.`FeedbackMessage`, `feedback`.`datetime`, `users`.`UserID`, `users`.`Email`
FROM `feedback`
JOIN `users` ON `feedback`.`UserID` = `users`.`UserID`', [], false)
 2 SYSTEMPATH\Model.php(237): CodeIgniter\Database\BaseBuilder->get()
 3 SYSTEMPATH\BaseModel.php(624): CodeIgniter\Model->doFindAll(0, 0)
 4 APPPATH\Controllers\GuestController.php(88): CodeIgniter\BaseModel->findAll()
 5 SYSTEMPATH\CodeIgniter.php(942): App\Controllers\GuestController->home()
 6 SYSTEMPATH\CodeIgniter.php(502): CodeIgniter\CodeIgniter->runController(Object(App\Controllers\GuestController))
 7 SYSTEMPATH\CodeIgniter.php(361): CodeIgniter\CodeIgniter->handleRequest(null, Object(Config\Cache), false)
 8 FCPATH\index.php(79): CodeIgniter\CodeIgniter->run()
 9 SYSTEMPATH\Commands\Server\rewrite.php(47): require_once('C:\\laragon\\www\\projectmahalta\\public\\index.php')
ERROR - 2024-04-23 03:01:09 --> mysqli_sql_exception: Unknown column 'feedback.datetime' in 'field list' in C:\laragon\www\projectmahalta\system\Database\MySQLi\Connection.php:306
Stack trace:
#0 C:\laragon\www\projectmahalta\system\Database\MySQLi\Connection.php(306): mysqli->query('SELECT `feedbac...', 0)
#1 C:\laragon\www\projectmahalta\system\Database\BaseConnection.php(693): CodeIgniter\Database\MySQLi\Connection->execute('SELECT `feedbac...')
#2 C:\laragon\www\projectmahalta\system\Database\BaseConnection.php(607): CodeIgniter\Database\BaseConnection->simpleQuery('SELECT `feedbac...')
#3 C:\laragon\www\projectmahalta\system\Database\BaseBuilder.php(1615): CodeIgniter\Database\BaseConnection->query('SELECT `feedbac...', Array, false)
#4 C:\laragon\www\projectmahalta\system\Model.php(237): CodeIgniter\Database\BaseBuilder->get()
#5 C:\laragon\www\projectmahalta\system\BaseModel.php(624): CodeIgniter\Model->doFindAll(0, 0)
#6 C:\laragon\www\projectmahalta\app\Controllers\GuestController.php(88): CodeIgniter\BaseModel->findAll()
#7 C:\laragon\www\projectmahalta\system\CodeIgniter.php(942): App\Controllers\GuestController->home()
#8 C:\laragon\www\projectmahalta\system\CodeIgniter.php(502): CodeIgniter\CodeIgniter->runController(Object(App\Controllers\GuestController))
#9 C:\laragon\www\projectmahalta\system\CodeIgniter.php(361): CodeIgniter\CodeIgniter->handleRequest(NULL, Object(Config\Cache), false)
#10 C:\laragon\www\projectmahalta\public\index.php(79): CodeIgniter\CodeIgniter->run()
#11 C:\laragon\www\projectmahalta\system\Commands\Server\rewrite.php(47): require_once('C:\\laragon\\www\\...')
#12 {main}
CRITICAL - 2024-04-23 03:01:09 --> Unknown column 'feedback.datetime' in 'field list'
in SYSTEMPATH\Database\BaseConnection.php on line 647.
 1 SYSTEMPATH\Database\BaseBuilder.php(1615): CodeIgniter\Database\BaseConnection->query('SELECT `feedback`.`FeedbackID`, `feedback`.`UserRating`, `feedback`.`FeedbackMessage`, `feedback`.`datetime`, `users`.`UserID`, `users`.`Email`
FROM `feedback`
JOIN `users` ON `feedback`.`UserID` = `users`.`UserID`', [], false)
 2 SYSTEMPATH\Model.php(237): CodeIgniter\Database\BaseBuilder->get()
 3 SYSTEMPATH\BaseModel.php(624): CodeIgniter\Model->doFindAll(0, 0)
 4 APPPATH\Controllers\GuestController.php(88): CodeIgniter\BaseModel->findAll()
 5 SYSTEMPATH\CodeIgniter.php(942): App\Controllers\GuestController->home()
 6 SYSTEMPATH\CodeIgniter.php(502): CodeIgniter\CodeIgniter->runController(Object(App\Controllers\GuestController))
 7 SYSTEMPATH\CodeIgniter.php(361): CodeIgniter\CodeIgniter->handleRequest(null, Object(Config\Cache), false)
 8 FCPATH\index.php(79): CodeIgniter\CodeIgniter->run()
 9 SYSTEMPATH\Commands\Server\rewrite.php(47): require_once('C:\\laragon\\www\\projectmahalta\\public\\index.php')
ERROR - 2024-04-23 03:01:10 --> mysqli_sql_exception: Unknown column 'feedback.datetime' in 'field list' in C:\laragon\www\projectmahalta\system\Database\MySQLi\Connection.php:306
Stack trace:
#0 C:\laragon\www\projectmahalta\system\Database\MySQLi\Connection.php(306): mysqli->query('SELECT `feedbac...', 0)
#1 C:\laragon\www\projectmahalta\system\Database\BaseConnection.php(693): CodeIgniter\Database\MySQLi\Connection->execute('SELECT `feedbac...')
#2 C:\laragon\www\projectmahalta\system\Database\BaseConnection.php(607): CodeIgniter\Database\BaseConnection->simpleQuery('SELECT `feedbac...')
#3 C:\laragon\www\projectmahalta\system\Database\BaseBuilder.php(1615): CodeIgniter\Database\BaseConnection->query('SELECT `feedbac...', Array, false)
#4 C:\laragon\www\projectmahalta\system\Model.php(237): CodeIgniter\Database\BaseBuilder->get()
#5 C:\laragon\www\projectmahalta\system\BaseModel.php(624): CodeIgniter\Model->doFindAll(0, 0)
#6 C:\laragon\www\projectmahalta\app\Controllers\GuestController.php(88): CodeIgniter\BaseModel->findAll()
#7 C:\laragon\www\projectmahalta\system\CodeIgniter.php(942): App\Controllers\GuestController->home()
#8 C:\laragon\www\projectmahalta\system\CodeIgniter.php(502): CodeIgniter\CodeIgniter->runController(Object(App\Controllers\GuestController))
#9 C:\laragon\www\projectmahalta\system\CodeIgniter.php(361): CodeIgniter\CodeIgniter->handleRequest(NULL, Object(Config\Cache), false)
#10 C:\laragon\www\projectmahalta\public\index.php(79): CodeIgniter\CodeIgniter->run()
#11 C:\laragon\www\projectmahalta\system\Commands\Server\rewrite.php(47): require_once('C:\\laragon\\www\\...')
#12 {main}
CRITICAL - 2024-04-23 03:01:10 --> Unknown column 'feedback.datetime' in 'field list'
in SYSTEMPATH\Database\BaseConnection.php on line 647.
 1 SYSTEMPATH\Database\BaseBuilder.php(1615): CodeIgniter\Database\BaseConnection->query('SELECT `feedback`.`FeedbackID`, `feedback`.`UserRating`, `feedback`.`FeedbackMessage`, `feedback`.`datetime`, `users`.`UserID`, `users`.`Email`
FROM `feedback`
JOIN `users` ON `feedback`.`UserID` = `users`.`UserID`', [], false)
 2 SYSTEMPATH\Model.php(237): CodeIgniter\Database\BaseBuilder->get()
 3 SYSTEMPATH\BaseModel.php(624): CodeIgniter\Model->doFindAll(0, 0)
 4 APPPATH\Controllers\GuestController.php(88): CodeIgniter\BaseModel->findAll()
 5 SYSTEMPATH\CodeIgniter.php(942): App\Controllers\GuestController->home()
 6 SYSTEMPATH\CodeIgniter.php(502): CodeIgniter\CodeIgniter->runController(Object(App\Controllers\GuestController))
 7 SYSTEMPATH\CodeIgniter.php(361): CodeIgniter\CodeIgniter->handleRequest(null, Object(Config\Cache), false)
 8 FCPATH\index.php(79): CodeIgniter\CodeIgniter->run()
 9 SYSTEMPATH\Commands\Server\rewrite.php(47): require_once('C:\\laragon\\www\\projectmahalta\\public\\index.php')
ERROR - 2024-04-23 03:01:10 --> mysqli_sql_exception: Unknown column 'feedback.datetime' in 'field list' in C:\laragon\www\projectmahalta\system\Database\MySQLi\Connection.php:306
Stack trace:
#0 C:\laragon\www\projectmahalta\system\Database\MySQLi\Connection.php(306): mysqli->query('SELECT `feedbac...', 0)
#1 C:\laragon\www\projectmahalta\system\Database\BaseConnection.php(693): CodeIgniter\Database\MySQLi\Connection->execute('SELECT `feedbac...')
#2 C:\laragon\www\projectmahalta\system\Database\BaseConnection.php(607): CodeIgniter\Database\BaseConnection->simpleQuery('SELECT `feedbac...')
#3 C:\laragon\www\projectmahalta\system\Database\BaseBuilder.php(1615): CodeIgniter\Database\BaseConnection->query('SELECT `feedbac...', Array, false)
#4 C:\laragon\www\projectmahalta\system\Model.php(237): CodeIgniter\Database\BaseBuilder->get()
#5 C:\laragon\www\projectmahalta\system\BaseModel.php(624): CodeIgniter\Model->doFindAll(0, 0)
#6 C:\laragon\www\projectmahalta\app\Controllers\GuestController.php(88): CodeIgniter\BaseModel->findAll()
#7 C:\laragon\www\projectmahalta\system\CodeIgniter.php(942): App\Controllers\GuestController->home()
#8 C:\laragon\www\projectmahalta\system\CodeIgniter.php(502): CodeIgniter\CodeIgniter->runController(Object(App\Controllers\GuestController))
#9 C:\laragon\www\projectmahalta\system\CodeIgniter.php(361): CodeIgniter\CodeIgniter->handleRequest(NULL, Object(Config\Cache), false)
#10 C:\laragon\www\projectmahalta\public\index.php(79): CodeIgniter\CodeIgniter->run()
#11 C:\laragon\www\projectmahalta\system\Commands\Server\rewrite.php(47): require_once('C:\\laragon\\www\\...')
#12 {main}
CRITICAL - 2024-04-23 03:01:10 --> Unknown column 'feedback.datetime' in 'field list'
in SYSTEMPATH\Database\BaseConnection.php on line 647.
 1 SYSTEMPATH\Database\BaseBuilder.php(1615): CodeIgniter\Database\BaseConnection->query('SELECT `feedback`.`FeedbackID`, `feedback`.`UserRating`, `feedback`.`FeedbackMessage`, `feedback`.`datetime`, `users`.`UserID`, `users`.`Email`
FROM `feedback`
JOIN `users` ON `feedback`.`UserID` = `users`.`UserID`', [], false)
 2 SYSTEMPATH\Model.php(237): CodeIgniter\Database\BaseBuilder->get()
 3 SYSTEMPATH\BaseModel.php(624): CodeIgniter\Model->doFindAll(0, 0)
 4 APPPATH\Controllers\GuestController.php(88): CodeIgniter\BaseModel->findAll()
 5 SYSTEMPATH\CodeIgniter.php(942): App\Controllers\GuestController->home()
 6 SYSTEMPATH\CodeIgniter.php(502): CodeIgniter\CodeIgniter->runController(Object(App\Controllers\GuestController))
 7 SYSTEMPATH\CodeIgniter.php(361): CodeIgniter\CodeIgniter->handleRequest(null, Object(Config\Cache), false)
 8 FCPATH\index.php(79): CodeIgniter\CodeIgniter->run()
 9 SYSTEMPATH\Commands\Server\rewrite.php(47): require_once('C:\\laragon\\www\\projectmahalta\\public\\index.php')
ERROR - 2024-04-23 03:01:10 --> mysqli_sql_exception: Unknown column 'feedback.datetime' in 'field list' in C:\laragon\www\projectmahalta\system\Database\MySQLi\Connection.php:306
Stack trace:
#0 C:\laragon\www\projectmahalta\system\Database\MySQLi\Connection.php(306): mysqli->query('SELECT `feedbac...', 0)
#1 C:\laragon\www\projectmahalta\system\Database\BaseConnection.php(693): CodeIgniter\Database\MySQLi\Connection->execute('SELECT `feedbac...')
#2 C:\laragon\www\projectmahalta\system\Database\BaseConnection.php(607): CodeIgniter\Database\BaseConnection->simpleQuery('SELECT `feedbac...')
#3 C:\laragon\www\projectmahalta\system\Database\BaseBuilder.php(1615): CodeIgniter\Database\BaseConnection->query('SELECT `feedbac...', Array, false)
#4 C:\laragon\www\projectmahalta\system\Model.php(237): CodeIgniter\Database\BaseBuilder->get()
#5 C:\laragon\www\projectmahalta\system\BaseModel.php(624): CodeIgniter\Model->doFindAll(0, 0)
#6 C:\laragon\www\projectmahalta\app\Controllers\GuestController.php(88): CodeIgniter\BaseModel->findAll()
#7 C:\laragon\www\projectmahalta\system\CodeIgniter.php(942): App\Controllers\GuestController->home()
#8 C:\laragon\www\projectmahalta\system\CodeIgniter.php(502): CodeIgniter\CodeIgniter->runController(Object(App\Controllers\GuestController))
#9 C:\laragon\www\projectmahalta\system\CodeIgniter.php(361): CodeIgniter\CodeIgniter->handleRequest(NULL, Object(Config\Cache), false)
#10 C:\laragon\www\projectmahalta\public\index.php(79): CodeIgniter\CodeIgniter->run()
#11 C:\laragon\www\projectmahalta\system\Commands\Server\rewrite.php(47): require_once('C:\\laragon\\www\\...')
#12 {main}
CRITICAL - 2024-04-23 03:01:10 --> Unknown column 'feedback.datetime' in 'field list'
in SYSTEMPATH\Database\BaseConnection.php on line 647.
 1 SYSTEMPATH\Database\BaseBuilder.php(1615): CodeIgniter\Database\BaseConnection->query('SELECT `feedback`.`FeedbackID`, `feedback`.`UserRating`, `feedback`.`FeedbackMessage`, `feedback`.`datetime`, `users`.`UserID`, `users`.`Email`
FROM `feedback`
JOIN `users` ON `feedback`.`UserID` = `users`.`UserID`', [], false)
 2 SYSTEMPATH\Model.php(237): CodeIgniter\Database\BaseBuilder->get()
 3 SYSTEMPATH\BaseModel.php(624): CodeIgniter\Model->doFindAll(0, 0)
 4 APPPATH\Controllers\GuestController.php(88): CodeIgniter\BaseModel->findAll()
 5 SYSTEMPATH\CodeIgniter.php(942): App\Controllers\GuestController->home()
 6 SYSTEMPATH\CodeIgniter.php(502): CodeIgniter\CodeIgniter->runController(Object(App\Controllers\GuestController))
 7 SYSTEMPATH\CodeIgniter.php(361): CodeIgniter\CodeIgniter->handleRequest(null, Object(Config\Cache), false)
 8 FCPATH\index.php(79): CodeIgniter\CodeIgniter->run()
 9 SYSTEMPATH\Commands\Server\rewrite.php(47): require_once('C:\\laragon\\www\\projectmahalta\\public\\index.php')
ERROR - 2024-04-23 03:02:08 --> mysqli_sql_exception: Unknown column 'feedback.datetime' in 'field list' in C:\laragon\www\projectmahalta\system\Database\MySQLi\Connection.php:306
Stack trace:
#0 C:\laragon\www\projectmahalta\system\Database\MySQLi\Connection.php(306): mysqli->query('SELECT `feedbac...', 0)
#1 C:\laragon\www\projectmahalta\system\Database\BaseConnection.php(693): CodeIgniter\Database\MySQLi\Connection->execute('SELECT `feedbac...')
#2 C:\laragon\www\projectmahalta\system\Database\BaseConnection.php(607): CodeIgniter\Database\BaseConnection->simpleQuery('SELECT `feedbac...')
#3 C:\laragon\www\projectmahalta\system\Database\BaseBuilder.php(1615): CodeIgniter\Database\BaseConnection->query('SELECT `feedbac...', Array, false)
#4 C:\laragon\www\projectmahalta\system\Model.php(237): CodeIgniter\Database\BaseBuilder->get()
#5 C:\laragon\www\projectmahalta\system\BaseModel.php(624): CodeIgniter\Model->doFindAll(0, 0)
#6 C:\laragon\www\projectmahalta\app\Controllers\GuestController.php(88): CodeIgniter\BaseModel->findAll()
#7 C:\laragon\www\projectmahalta\system\CodeIgniter.php(942): App\Controllers\GuestController->home()
#8 C:\laragon\www\projectmahalta\system\CodeIgniter.php(502): CodeIgniter\CodeIgniter->runController(Object(App\Controllers\GuestController))
#9 C:\laragon\www\projectmahalta\system\CodeIgniter.php(361): CodeIgniter\CodeIgniter->handleRequest(NULL, Object(Config\Cache), false)
#10 C:\laragon\www\projectmahalta\public\index.php(79): CodeIgniter\CodeIgniter->run()
#11 C:\laragon\www\projectmahalta\system\Commands\Server\rewrite.php(47): require_once('C:\\laragon\\www\\...')
#12 {main}
CRITICAL - 2024-04-23 03:02:08 --> Unknown column 'feedback.datetime' in 'field list'
in SYSTEMPATH\Database\BaseConnection.php on line 647.
 1 SYSTEMPATH\Database\BaseBuilder.php(1615): CodeIgniter\Database\BaseConnection->query('SELECT `feedback`.`FeedbackID`, `feedback`.`UserRating`, `feedback`.`FeedbackMessage`, `feedback`.`datetime`, `users`.`UserID`, `users`.`Email`
FROM `feedback`
JOIN `users` ON `feedback`.`UserID` = `users`.`UserID`', [], false)
 2 SYSTEMPATH\Model.php(237): CodeIgniter\Database\BaseBuilder->get()
 3 SYSTEMPATH\BaseModel.php(624): CodeIgniter\Model->doFindAll(0, 0)
 4 APPPATH\Controllers\GuestController.php(88): CodeIgniter\BaseModel->findAll()
 5 SYSTEMPATH\CodeIgniter.php(942): App\Controllers\GuestController->home()
 6 SYSTEMPATH\CodeIgniter.php(502): CodeIgniter\CodeIgniter->runController(Object(App\Controllers\GuestController))
 7 SYSTEMPATH\CodeIgniter.php(361): CodeIgniter\CodeIgniter->handleRequest(null, Object(Config\Cache), false)
 8 FCPATH\index.php(79): CodeIgniter\CodeIgniter->run()
 9 SYSTEMPATH\Commands\Server\rewrite.php(47): require_once('C:\\laragon\\www\\projectmahalta\\public\\index.php')
ERROR - 2024-04-23 03:02:11 --> mysqli_sql_exception: Unknown column 'feedback.datetime' in 'field list' in C:\laragon\www\projectmahalta\system\Database\MySQLi\Connection.php:306
Stack trace:
#0 C:\laragon\www\projectmahalta\system\Database\MySQLi\Connection.php(306): mysqli->query('SELECT `feedbac...', 0)
#1 C:\laragon\www\projectmahalta\system\Database\BaseConnection.php(693): CodeIgniter\Database\MySQLi\Connection->execute('SELECT `feedbac...')
#2 C:\laragon\www\projectmahalta\system\Database\BaseConnection.php(607): CodeIgniter\Database\BaseConnection->simpleQuery('SELECT `feedbac...')
#3 C:\laragon\www\projectmahalta\system\Database\BaseBuilder.php(1615): CodeIgniter\Database\BaseConnection->query('SELECT `feedbac...', Array, false)
#4 C:\laragon\www\projectmahalta\system\Model.php(237): CodeIgniter\Database\BaseBuilder->get()
#5 C:\laragon\www\projectmahalta\system\BaseModel.php(624): CodeIgniter\Model->doFindAll(0, 0)
#6 C:\laragon\www\projectmahalta\app\Controllers\GuestController.php(88): CodeIgniter\BaseModel->findAll()
#7 C:\laragon\www\projectmahalta\system\CodeIgniter.php(942): App\Controllers\GuestController->home()
#8 C:\laragon\www\projectmahalta\system\CodeIgniter.php(502): CodeIgniter\CodeIgniter->runController(Object(App\Controllers\GuestController))
#9 C:\laragon\www\projectmahalta\system\CodeIgniter.php(361): CodeIgniter\CodeIgniter->handleRequest(NULL, Object(Config\Cache), false)
#10 C:\laragon\www\projectmahalta\public\index.php(79): CodeIgniter\CodeIgniter->run()
#11 C:\laragon\www\projectmahalta\system\Commands\Server\rewrite.php(47): require_once('C:\\laragon\\www\\...')
#12 {main}
CRITICAL - 2024-04-23 03:02:11 --> Unknown column 'feedback.datetime' in 'field list'
in SYSTEMPATH\Database\BaseConnection.php on line 647.
 1 SYSTEMPATH\Database\BaseBuilder.php(1615): CodeIgniter\Database\BaseConnection->query('SELECT `feedback`.`FeedbackID`, `feedback`.`UserRating`, `feedback`.`FeedbackMessage`, `feedback`.`datetime`, `users`.`UserID`, `users`.`Email`
FROM `feedback`
JOIN `users` ON `feedback`.`UserID` = `users`.`UserID`', [], false)
 2 SYSTEMPATH\Model.php(237): CodeIgniter\Database\BaseBuilder->get()
 3 SYSTEMPATH\BaseModel.php(624): CodeIgniter\Model->doFindAll(0, 0)
 4 APPPATH\Controllers\GuestController.php(88): CodeIgniter\BaseModel->findAll()
 5 SYSTEMPATH\CodeIgniter.php(942): App\Controllers\GuestController->home()
 6 SYSTEMPATH\CodeIgniter.php(502): CodeIgniter\CodeIgniter->runController(Object(App\Controllers\GuestController))
 7 SYSTEMPATH\CodeIgniter.php(361): CodeIgniter\CodeIgniter->handleRequest(null, Object(Config\Cache), false)
 8 FCPATH\index.php(79): CodeIgniter\CodeIgniter->run()
 9 SYSTEMPATH\Commands\Server\rewrite.php(47): require_once('C:\\laragon\\www\\projectmahalta\\public\\index.php')
ERROR - 2024-04-23 03:02:14 --> mysqli_sql_exception: Unknown column 'feedback.datetime' in 'field list' in C:\laragon\www\projectmahalta\system\Database\MySQLi\Connection.php:306
Stack trace:
#0 C:\laragon\www\projectmahalta\system\Database\MySQLi\Connection.php(306): mysqli->query('SELECT `feedbac...', 0)
#1 C:\laragon\www\projectmahalta\system\Database\BaseConnection.php(693): CodeIgniter\Database\MySQLi\Connection->execute('SELECT `feedbac...')
#2 C:\laragon\www\projectmahalta\system\Database\BaseConnection.php(607): CodeIgniter\Database\BaseConnection->simpleQuery('SELECT `feedbac...')
#3 C:\laragon\www\projectmahalta\system\Database\BaseBuilder.php(1615): CodeIgniter\Database\BaseConnection->query('SELECT `feedbac...', Array, false)
#4 C:\laragon\www\projectmahalta\system\Model.php(237): CodeIgniter\Database\BaseBuilder->get()
#5 C:\laragon\www\projectmahalta\system\BaseModel.php(624): CodeIgniter\Model->doFindAll(0, 0)
#6 C:\laragon\www\projectmahalta\app\Controllers\GuestController.php(88): CodeIgniter\BaseModel->findAll()
#7 C:\laragon\www\projectmahalta\system\CodeIgniter.php(942): App\Controllers\GuestController->home()
#8 C:\laragon\www\projectmahalta\system\CodeIgniter.php(502): CodeIgniter\CodeIgniter->runController(Object(App\Controllers\GuestController))
#9 C:\laragon\www\projectmahalta\system\CodeIgniter.php(361): CodeIgniter\CodeIgniter->handleRequest(NULL, Object(Config\Cache), false)
#10 C:\laragon\www\projectmahalta\public\index.php(79): CodeIgniter\CodeIgniter->run()
#11 C:\laragon\www\projectmahalta\system\Commands\Server\rewrite.php(47): require_once('C:\\laragon\\www\\...')
#12 {main}
CRITICAL - 2024-04-23 03:02:14 --> Unknown column 'feedback.datetime' in 'field list'
in SYSTEMPATH\Database\BaseConnection.php on line 647.
 1 SYSTEMPATH\Database\BaseBuilder.php(1615): CodeIgniter\Database\BaseConnection->query('SELECT `feedback`.`FeedbackID`, `feedback`.`UserRating`, `feedback`.`FeedbackMessage`, `feedback`.`datetime`, `users`.`UserID`, `users`.`Email`
FROM `feedback`
JOIN `users` ON `feedback`.`UserID` = `users`.`UserID`', [], false)
 2 SYSTEMPATH\Model.php(237): CodeIgniter\Database\BaseBuilder->get()
 3 SYSTEMPATH\BaseModel.php(624): CodeIgniter\Model->doFindAll(0, 0)
 4 APPPATH\Controllers\GuestController.php(88): CodeIgniter\BaseModel->findAll()
 5 SYSTEMPATH\CodeIgniter.php(942): App\Controllers\GuestController->home()
 6 SYSTEMPATH\CodeIgniter.php(502): CodeIgniter\CodeIgniter->runController(Object(App\Controllers\GuestController))
 7 SYSTEMPATH\CodeIgniter.php(361): CodeIgniter\CodeIgniter->handleRequest(null, Object(Config\Cache), false)
 8 FCPATH\index.php(79): CodeIgniter\CodeIgniter->run()
 9 SYSTEMPATH\Commands\Server\rewrite.php(47): require_once('C:\\laragon\\www\\projectmahalta\\public\\index.php')
ERROR - 2024-04-23 03:06:44 --> mysqli_sql_exception: Unknown column 'feedback.datetime' in 'field list' in C:\laragon\www\projectmahalta\system\Database\MySQLi\Connection.php:306
Stack trace:
#0 C:\laragon\www\projectmahalta\system\Database\MySQLi\Connection.php(306): mysqli->query('SELECT `feedbac...', 0)
#1 C:\laragon\www\projectmahalta\system\Database\BaseConnection.php(693): CodeIgniter\Database\MySQLi\Connection->execute('SELECT `feedbac...')
#2 C:\laragon\www\projectmahalta\system\Database\BaseConnection.php(607): CodeIgniter\Database\BaseConnection->simpleQuery('SELECT `feedbac...')
#3 C:\laragon\www\projectmahalta\system\Database\BaseBuilder.php(1615): CodeIgniter\Database\BaseConnection->query('SELECT `feedbac...', Array, false)
#4 C:\laragon\www\projectmahalta\system\Model.php(237): CodeIgniter\Database\BaseBuilder->get()
#5 C:\laragon\www\projectmahalta\system\BaseModel.php(624): CodeIgniter\Model->doFindAll(0, 0)
#6 C:\laragon\www\projectmahalta\app\Controllers\GuestController.php(88): CodeIgniter\BaseModel->findAll()
#7 C:\laragon\www\projectmahalta\system\CodeIgniter.php(942): App\Controllers\GuestController->home()
#8 C:\laragon\www\projectmahalta\system\CodeIgniter.php(502): CodeIgniter\CodeIgniter->runController(Object(App\Controllers\GuestController))
#9 C:\laragon\www\projectmahalta\system\CodeIgniter.php(361): CodeIgniter\CodeIgniter->handleRequest(NULL, Object(Config\Cache), false)
#10 C:\laragon\www\projectmahalta\public\index.php(79): CodeIgniter\CodeIgniter->run()
#11 C:\laragon\www\projectmahalta\system\Commands\Server\rewrite.php(47): require_once('C:\\laragon\\www\\...')
#12 {main}
CRITICAL - 2024-04-23 03:06:44 --> Unknown column 'feedback.datetime' in 'field list'
in SYSTEMPATH\Database\BaseConnection.php on line 647.
 1 SYSTEMPATH\Database\BaseBuilder.php(1615): CodeIgniter\Database\BaseConnection->query('SELECT `feedback`.`FeedbackID`, `feedback`.`UserRating`, `feedback`.`FeedbackMessage`, `feedback`.`datetime`, `users`.`UserID`, `users`.`Email`
FROM `feedback`
JOIN `users` ON `feedback`.`UserID` = `users`.`UserID`', [], false)
 2 SYSTEMPATH\Model.php(237): CodeIgniter\Database\BaseBuilder->get()
 3 SYSTEMPATH\BaseModel.php(624): CodeIgniter\Model->doFindAll(0, 0)
 4 APPPATH\Controllers\GuestController.php(88): CodeIgniter\BaseModel->findAll()
 5 SYSTEMPATH\CodeIgniter.php(942): App\Controllers\GuestController->home()
 6 SYSTEMPATH\CodeIgniter.php(502): CodeIgniter\CodeIgniter->runController(Object(App\Controllers\GuestController))
 7 SYSTEMPATH\CodeIgniter.php(361): CodeIgniter\CodeIgniter->handleRequest(null, Object(Config\Cache), false)
 8 FCPATH\index.php(79): CodeIgniter\CodeIgniter->run()
 9 SYSTEMPATH\Commands\Server\rewrite.php(47): require_once('C:\\laragon\\www\\projectmahalta\\public\\index.php')
ERROR - 2024-04-23 03:11:54 --> mysqli_sql_exception: Unknown column 'feedback.datetime' in 'field list' in C:\laragon\www\projectmahalta\system\Database\MySQLi\Connection.php:306
Stack trace:
#0 C:\laragon\www\projectmahalta\system\Database\MySQLi\Connection.php(306): mysqli->query('SELECT `feedbac...', 0)
#1 C:\laragon\www\projectmahalta\system\Database\BaseConnection.php(693): CodeIgniter\Database\MySQLi\Connection->execute('SELECT `feedbac...')
#2 C:\laragon\www\projectmahalta\system\Database\BaseConnection.php(607): CodeIgniter\Database\BaseConnection->simpleQuery('SELECT `feedbac...')
#3 C:\laragon\www\projectmahalta\system\Database\BaseBuilder.php(1615): CodeIgniter\Database\BaseConnection->query('SELECT `feedbac...', Array, false)
#4 C:\laragon\www\projectmahalta\system\Model.php(237): CodeIgniter\Database\BaseBuilder->get()
#5 C:\laragon\www\projectmahalta\system\BaseModel.php(624): CodeIgniter\Model->doFindAll(0, 0)
#6 C:\laragon\www\projectmahalta\app\Controllers\GuestController.php(88): CodeIgniter\BaseModel->findAll()
#7 C:\laragon\www\projectmahalta\system\CodeIgniter.php(942): App\Controllers\GuestController->home()
#8 C:\laragon\www\projectmahalta\system\CodeIgniter.php(502): CodeIgniter\CodeIgniter->runController(Object(App\Controllers\GuestController))
#9 C:\laragon\www\projectmahalta\system\CodeIgniter.php(361): CodeIgniter\CodeIgniter->handleRequest(NULL, Object(Config\Cache), false)
#10 C:\laragon\www\projectmahalta\public\index.php(79): CodeIgniter\CodeIgniter->run()
#11 C:\laragon\www\projectmahalta\system\Commands\Server\rewrite.php(47): require_once('C:\\laragon\\www\\...')
#12 {main}
CRITICAL - 2024-04-23 03:11:54 --> Unknown column 'feedback.datetime' in 'field list'
in SYSTEMPATH\Database\BaseConnection.php on line 647.
 1 SYSTEMPATH\Database\BaseBuilder.php(1615): CodeIgniter\Database\BaseConnection->query('SELECT `feedback`.`FeedbackID`, `feedback`.`UserRating`, `feedback`.`FeedbackMessage`, `feedback`.`datetime`, `users`.`UserID`, `users`.`Email`
FROM `feedback`
JOIN `users` ON `feedback`.`UserID` = `users`.`UserID`', [], false)
 2 SYSTEMPATH\Model.php(237): CodeIgniter\Database\BaseBuilder->get()
 3 SYSTEMPATH\BaseModel.php(624): CodeIgniter\Model->doFindAll(0, 0)
 4 APPPATH\Controllers\GuestController.php(88): CodeIgniter\BaseModel->findAll()
 5 SYSTEMPATH\CodeIgniter.php(942): App\Controllers\GuestController->home()
 6 SYSTEMPATH\CodeIgniter.php(502): CodeIgniter\CodeIgniter->runController(Object(App\Controllers\GuestController))
 7 SYSTEMPATH\CodeIgniter.php(361): CodeIgniter\CodeIgniter->handleRequest(null, Object(Config\Cache), false)
 8 FCPATH\index.php(79): CodeIgniter\CodeIgniter->run()
 9 SYSTEMPATH\Commands\Server\rewrite.php(47): require_once('C:\\laragon\\www\\projectmahalta\\public\\index.php')
ERROR - 2024-04-23 03:11:56 --> mysqli_sql_exception: Unknown column 'feedback.datetime' in 'field list' in C:\laragon\www\projectmahalta\system\Database\MySQLi\Connection.php:306
Stack trace:
#0 C:\laragon\www\projectmahalta\system\Database\MySQLi\Connection.php(306): mysqli->query('SELECT `feedbac...', 0)
#1 C:\laragon\www\projectmahalta\system\Database\BaseConnection.php(693): CodeIgniter\Database\MySQLi\Connection->execute('SELECT `feedbac...')
#2 C:\laragon\www\projectmahalta\system\Database\BaseConnection.php(607): CodeIgniter\Database\BaseConnection->simpleQuery('SELECT `feedbac...')
#3 C:\laragon\www\projectmahalta\system\Database\BaseBuilder.php(1615): CodeIgniter\Database\BaseConnection->query('SELECT `feedbac...', Array, false)
#4 C:\laragon\www\projectmahalta\system\Model.php(237): CodeIgniter\Database\BaseBuilder->get()
#5 C:\laragon\www\projectmahalta\system\BaseModel.php(624): CodeIgniter\Model->doFindAll(0, 0)
#6 C:\laragon\www\projectmahalta\app\Controllers\GuestController.php(88): CodeIgniter\BaseModel->findAll()
#7 C:\laragon\www\projectmahalta\system\CodeIgniter.php(942): App\Controllers\GuestController->home()
#8 C:\laragon\www\projectmahalta\system\CodeIgniter.php(502): CodeIgniter\CodeIgniter->runController(Object(App\Controllers\GuestController))
#9 C:\laragon\www\projectmahalta\system\CodeIgniter.php(361): CodeIgniter\CodeIgniter->handleRequest(NULL, Object(Config\Cache), false)
#10 C:\laragon\www\projectmahalta\public\index.php(79): CodeIgniter\CodeIgniter->run()
#11 C:\laragon\www\projectmahalta\system\Commands\Server\rewrite.php(47): require_once('C:\\laragon\\www\\...')
#12 {main}
CRITICAL - 2024-04-23 03:11:56 --> Unknown column 'feedback.datetime' in 'field list'
in SYSTEMPATH\Database\BaseConnection.php on line 647.
 1 SYSTEMPATH\Database\BaseBuilder.php(1615): CodeIgniter\Database\BaseConnection->query('SELECT `feedback`.`FeedbackID`, `feedback`.`UserRating`, `feedback`.`FeedbackMessage`, `feedback`.`datetime`, `users`.`UserID`, `users`.`Email`
FROM `feedback`
JOIN `users` ON `feedback`.`UserID` = `users`.`UserID`', [], false)
 2 SYSTEMPATH\Model.php(237): CodeIgniter\Database\BaseBuilder->get()
 3 SYSTEMPATH\BaseModel.php(624): CodeIgniter\Model->doFindAll(0, 0)
 4 APPPATH\Controllers\GuestController.php(88): CodeIgniter\BaseModel->findAll()
 5 SYSTEMPATH\CodeIgniter.php(942): App\Controllers\GuestController->home()
 6 SYSTEMPATH\CodeIgniter.php(502): CodeIgniter\CodeIgniter->runController(Object(App\Controllers\GuestController))
 7 SYSTEMPATH\CodeIgniter.php(361): CodeIgniter\CodeIgniter->handleRequest(null, Object(Config\Cache), false)
 8 FCPATH\index.php(79): CodeIgniter\CodeIgniter->run()
 9 SYSTEMPATH\Commands\Server\rewrite.php(47): require_once('C:\\laragon\\www\\projectmahalta\\public\\index.php')
ERROR - 2024-04-23 03:11:56 --> mysqli_sql_exception: Unknown column 'feedback.datetime' in 'field list' in C:\laragon\www\projectmahalta\system\Database\MySQLi\Connection.php:306
Stack trace:
#0 C:\laragon\www\projectmahalta\system\Database\MySQLi\Connection.php(306): mysqli->query('SELECT `feedbac...', 0)
#1 C:\laragon\www\projectmahalta\system\Database\BaseConnection.php(693): CodeIgniter\Database\MySQLi\Connection->execute('SELECT `feedbac...')
#2 C:\laragon\www\projectmahalta\system\Database\BaseConnection.php(607): CodeIgniter\Database\BaseConnection->simpleQuery('SELECT `feedbac...')
#3 C:\laragon\www\projectmahalta\system\Database\BaseBuilder.php(1615): CodeIgniter\Database\BaseConnection->query('SELECT `feedbac...', Array, false)
#4 C:\laragon\www\projectmahalta\system\Model.php(237): CodeIgniter\Database\BaseBuilder->get()
#5 C:\laragon\www\projectmahalta\system\BaseModel.php(624): CodeIgniter\Model->doFindAll(0, 0)
#6 C:\laragon\www\projectmahalta\app\Controllers\GuestController.php(88): CodeIgniter\BaseModel->findAll()
#7 C:\laragon\www\projectmahalta\system\CodeIgniter.php(942): App\Controllers\GuestController->home()
#8 C:\laragon\www\projectmahalta\system\CodeIgniter.php(502): CodeIgniter\CodeIgniter->runController(Object(App\Controllers\GuestController))
#9 C:\laragon\www\projectmahalta\system\CodeIgniter.php(361): CodeIgniter\CodeIgniter->handleRequest(NULL, Object(Config\Cache), false)
#10 C:\laragon\www\projectmahalta\public\index.php(79): CodeIgniter\CodeIgniter->run()
#11 C:\laragon\www\projectmahalta\system\Commands\Server\rewrite.php(47): require_once('C:\\laragon\\www\\...')
#12 {main}
CRITICAL - 2024-04-23 03:11:56 --> Unknown column 'feedback.datetime' in 'field list'
in SYSTEMPATH\Database\BaseConnection.php on line 647.
 1 SYSTEMPATH\Database\BaseBuilder.php(1615): CodeIgniter\Database\BaseConnection->query('SELECT `feedback`.`FeedbackID`, `feedback`.`UserRating`, `feedback`.`FeedbackMessage`, `feedback`.`datetime`, `users`.`UserID`, `users`.`Email`
FROM `feedback`
JOIN `users` ON `feedback`.`UserID` = `users`.`UserID`', [], false)
 2 SYSTEMPATH\Model.php(237): CodeIgniter\Database\BaseBuilder->get()
 3 SYSTEMPATH\BaseModel.php(624): CodeIgniter\Model->doFindAll(0, 0)
 4 APPPATH\Controllers\GuestController.php(88): CodeIgniter\BaseModel->findAll()
 5 SYSTEMPATH\CodeIgniter.php(942): App\Controllers\GuestController->home()
 6 SYSTEMPATH\CodeIgniter.php(502): CodeIgniter\CodeIgniter->runController(Object(App\Controllers\GuestController))
 7 SYSTEMPATH\CodeIgniter.php(361): CodeIgniter\CodeIgniter->handleRequest(null, Object(Config\Cache), false)
 8 FCPATH\index.php(79): CodeIgniter\CodeIgniter->run()
 9 SYSTEMPATH\Commands\Server\rewrite.php(47): require_once('C:\\laragon\\www\\projectmahalta\\public\\index.php')
ERROR - 2024-04-23 03:12:20 --> mysqli_sql_exception: Unknown column 'feedback.datetime' in 'field list' in C:\laragon\www\projectmahalta\system\Database\MySQLi\Connection.php:306
Stack trace:
#0 C:\laragon\www\projectmahalta\system\Database\MySQLi\Connection.php(306): mysqli->query('SELECT `feedbac...', 0)
#1 C:\laragon\www\projectmahalta\system\Database\BaseConnection.php(693): CodeIgniter\Database\MySQLi\Connection->execute('SELECT `feedbac...')
#2 C:\laragon\www\projectmahalta\system\Database\BaseConnection.php(607): CodeIgniter\Database\BaseConnection->simpleQuery('SELECT `feedbac...')
#3 C:\laragon\www\projectmahalta\system\Database\BaseBuilder.php(1615): CodeIgniter\Database\BaseConnection->query('SELECT `feedbac...', Array, false)
#4 C:\laragon\www\projectmahalta\system\Model.php(237): CodeIgniter\Database\BaseBuilder->get()
#5 C:\laragon\www\projectmahalta\system\BaseModel.php(624): CodeIgniter\Model->doFindAll(0, 0)
#6 C:\laragon\www\projectmahalta\app\Controllers\GuestController.php(88): CodeIgniter\BaseModel->findAll()
#7 C:\laragon\www\projectmahalta\system\CodeIgniter.php(942): App\Controllers\GuestController->home()
#8 C:\laragon\www\projectmahalta\system\CodeIgniter.php(502): CodeIgniter\CodeIgniter->runController(Object(App\Controllers\GuestController))
#9 C:\laragon\www\projectmahalta\system\CodeIgniter.php(361): CodeIgniter\CodeIgniter->handleRequest(NULL, Object(Config\Cache), false)
#10 C:\laragon\www\projectmahalta\public\index.php(79): CodeIgniter\CodeIgniter->run()
#11 C:\laragon\www\projectmahalta\system\Commands\Server\rewrite.php(47): require_once('C:\\laragon\\www\\...')
#12 {main}
CRITICAL - 2024-04-23 03:12:20 --> Unknown column 'feedback.datetime' in 'field list'
in SYSTEMPATH\Database\BaseConnection.php on line 647.
 1 SYSTEMPATH\Database\BaseBuilder.php(1615): CodeIgniter\Database\BaseConnection->query('SELECT `feedback`.`FeedbackID`, `feedback`.`UserRating`, `feedback`.`FeedbackMessage`, `feedback`.`datetime`, `users`.`UserID`, `users`.`Email`
FROM `feedback`
JOIN `users` ON `feedback`.`UserID` = `users`.`UserID`', [], false)
 2 SYSTEMPATH\Model.php(237): CodeIgniter\Database\BaseBuilder->get()
 3 SYSTEMPATH\BaseModel.php(624): CodeIgniter\Model->doFindAll(0, 0)
 4 APPPATH\Controllers\GuestController.php(88): CodeIgniter\BaseModel->findAll()
 5 SYSTEMPATH\CodeIgniter.php(942): App\Controllers\GuestController->home()
 6 SYSTEMPATH\CodeIgniter.php(502): CodeIgniter\CodeIgniter->runController(Object(App\Controllers\GuestController))
 7 SYSTEMPATH\CodeIgniter.php(361): CodeIgniter\CodeIgniter->handleRequest(null, Object(Config\Cache), false)
 8 FCPATH\index.php(79): CodeIgniter\CodeIgniter->run()
 9 SYSTEMPATH\Commands\Server\rewrite.php(47): require_once('C:\\laragon\\www\\projectmahalta\\public\\index.php')
CRITICAL - 2024-04-23 03:20:49 --> Maximum execution time of 60 seconds exceeded
in VENDORPATH\phpmailer\phpmailer\src\SMTP.php on line 1269.
 1 [internal function]: CodeIgniter\Debug\Exceptions->shutdownHandler()
ERROR - 2024-04-23 10:42:40 --> mysqli_sql_exception: Unknown column 'updated_at' in 'field list' in C:\laragon\www\projectmahalta\system\Database\MySQLi\Connection.php:306
Stack trace:
#0 C:\laragon\www\projectmahalta\system\Database\MySQLi\Connection.php(306): mysqli->query('INSERT INTO `fe...', 0)
#1 C:\laragon\www\projectmahalta\system\Database\BaseConnection.php(693): CodeIgniter\Database\MySQLi\Connection->execute('INSERT INTO `fe...')
#2 C:\laragon\www\projectmahalta\system\Database\BaseConnection.php(607): CodeIgniter\Database\BaseConnection->simpleQuery('INSERT INTO `fe...')
#3 C:\laragon\www\projectmahalta\system\Database\BaseBuilder.php(2308): CodeIgniter\Database\BaseConnection->query('INSERT INTO `fe...', Array, false)
#4 C:\laragon\www\projectmahalta\system\Model.php(319): CodeIgniter\Database\BaseBuilder->insert()
#5 C:\laragon\www\projectmahalta\system\BaseModel.php(788): CodeIgniter\Model->doInsert(Array)
#6 C:\laragon\www\projectmahalta\system\Model.php(715): CodeIgniter\BaseModel->insert(Array, true)
#7 C:\laragon\www\projectmahalta\app\Controllers\GuestController.php(1164): CodeIgniter\Model->insert(Array)
#8 C:\laragon\www\projectmahalta\system\CodeIgniter.php(942): App\Controllers\GuestController->submitReview()
#9 C:\laragon\www\projectmahalta\system\CodeIgniter.php(502): CodeIgniter\CodeIgniter->runController(Object(App\Controllers\GuestController))
#10 C:\laragon\www\projectmahalta\system\CodeIgniter.php(361): CodeIgniter\CodeIgniter->handleRequest(NULL, Object(Config\Cache), false)
#11 C:\laragon\www\projectmahalta\public\index.php(79): CodeIgniter\CodeIgniter->run()
#12 C:\laragon\www\projectmahalta\system\Commands\Server\rewrite.php(47): require_once('C:\\laragon\\www\\...')
#13 {main}
CRITICAL - 2024-04-23 10:42:40 --> Unknown column 'updated_at' in 'field list'
in SYSTEMPATH\Database\BaseConnection.php on line 647.
 1 SYSTEMPATH\Database\BaseBuilder.php(2308): CodeIgniter\Database\BaseConnection->query('INSERT INTO `feedback` (`UserID`, `UserRating`, `FeedbackMessage`, `created_at`, `updated_at`) VALUES (:UserID:, :UserRating:, :FeedbackMessage:, :created_at:, :updated_at:)', [...], false)
 2 SYSTEMPATH\Model.php(319): CodeIgniter\Database\BaseBuilder->insert()
 3 SYSTEMPATH\BaseModel.php(788): CodeIgniter\Model->doInsert([...])
 4 SYSTEMPATH\Model.php(715): CodeIgniter\BaseModel->insert([...], true)
 5 APPPATH\Controllers\GuestController.php(1164): CodeIgniter\Model->insert([...])
 6 SYSTEMPATH\CodeIgniter.php(942): App\Controllers\GuestController->submitReview()
 7 SYSTEMPATH\CodeIgniter.php(502): CodeIgniter\CodeIgniter->runController(Object(App\Controllers\GuestController))
 8 SYSTEMPATH\CodeIgniter.php(361): CodeIgniter\CodeIgniter->handleRequest(null, Object(Config\Cache), false)
 9 FCPATH\index.php(79): CodeIgniter\CodeIgniter->run()
10 SYSTEMPATH\Commands\Server\rewrite.php(47): require_once('C:\\laragon\\www\\projectmahalta\\public\\index.php')
ERROR - 2024-04-23 10:42:42 --> mysqli_sql_exception: Unknown column 'updated_at' in 'field list' in C:\laragon\www\projectmahalta\system\Database\MySQLi\Connection.php:306
Stack trace:
#0 C:\laragon\www\projectmahalta\system\Database\MySQLi\Connection.php(306): mysqli->query('INSERT INTO `fe...', 0)
#1 C:\laragon\www\projectmahalta\system\Database\BaseConnection.php(693): CodeIgniter\Database\MySQLi\Connection->execute('INSERT INTO `fe...')
#2 C:\laragon\www\projectmahalta\system\Database\BaseConnection.php(607): CodeIgniter\Database\BaseConnection->simpleQuery('INSERT INTO `fe...')
#3 C:\laragon\www\projectmahalta\system\Database\BaseBuilder.php(2308): CodeIgniter\Database\BaseConnection->query('INSERT INTO `fe...', Array, false)
#4 C:\laragon\www\projectmahalta\system\Model.php(319): CodeIgniter\Database\BaseBuilder->insert()
#5 C:\laragon\www\projectmahalta\system\BaseModel.php(788): CodeIgniter\Model->doInsert(Array)
#6 C:\laragon\www\projectmahalta\system\Model.php(715): CodeIgniter\BaseModel->insert(Array, true)
#7 C:\laragon\www\projectmahalta\app\Controllers\GuestController.php(1164): CodeIgniter\Model->insert(Array)
#8 C:\laragon\www\projectmahalta\system\CodeIgniter.php(942): App\Controllers\GuestController->submitReview()
#9 C:\laragon\www\projectmahalta\system\CodeIgniter.php(502): CodeIgniter\CodeIgniter->runController(Object(App\Controllers\GuestController))
#10 C:\laragon\www\projectmahalta\system\CodeIgniter.php(361): CodeIgniter\CodeIgniter->handleRequest(NULL, Object(Config\Cache), false)
#11 C:\laragon\www\projectmahalta\public\index.php(79): CodeIgniter\CodeIgniter->run()
#12 C:\laragon\www\projectmahalta\system\Commands\Server\rewrite.php(47): require_once('C:\\laragon\\www\\...')
#13 {main}
CRITICAL - 2024-04-23 10:42:42 --> Unknown column 'updated_at' in 'field list'
in SYSTEMPATH\Database\BaseConnection.php on line 647.
 1 SYSTEMPATH\Database\BaseBuilder.php(2308): CodeIgniter\Database\BaseConnection->query('INSERT INTO `feedback` (`UserID`, `UserRating`, `FeedbackMessage`, `created_at`, `updated_at`) VALUES (:UserID:, :UserRating:, :FeedbackMessage:, :created_at:, :updated_at:)', [...], false)
 2 SYSTEMPATH\Model.php(319): CodeIgniter\Database\BaseBuilder->insert()
 3 SYSTEMPATH\BaseModel.php(788): CodeIgniter\Model->doInsert([...])
 4 SYSTEMPATH\Model.php(715): CodeIgniter\BaseModel->insert([...], true)
 5 APPPATH\Controllers\GuestController.php(1164): CodeIgniter\Model->insert([...])
 6 SYSTEMPATH\CodeIgniter.php(942): App\Controllers\GuestController->submitReview()
 7 SYSTEMPATH\CodeIgniter.php(502): CodeIgniter\CodeIgniter->runController(Object(App\Controllers\GuestController))
 8 SYSTEMPATH\CodeIgniter.php(361): CodeIgniter\CodeIgniter->handleRequest(null, Object(Config\Cache), false)
 9 FCPATH\index.php(79): CodeIgniter\CodeIgniter->run()
10 SYSTEMPATH\Commands\Server\rewrite.php(47): require_once('C:\\laragon\\www\\projectmahalta\\public\\index.php')
ERROR - 2024-04-23 10:42:48 --> mysqli_sql_exception: Unknown column 'updated_at' in 'field list' in C:\laragon\www\projectmahalta\system\Database\MySQLi\Connection.php:306
Stack trace:
#0 C:\laragon\www\projectmahalta\system\Database\MySQLi\Connection.php(306): mysqli->query('INSERT INTO `fe...', 0)
#1 C:\laragon\www\projectmahalta\system\Database\BaseConnection.php(693): CodeIgniter\Database\MySQLi\Connection->execute('INSERT INTO `fe...')
#2 C:\laragon\www\projectmahalta\system\Database\BaseConnection.php(607): CodeIgniter\Database\BaseConnection->simpleQuery('INSERT INTO `fe...')
#3 C:\laragon\www\projectmahalta\system\Database\BaseBuilder.php(2308): CodeIgniter\Database\BaseConnection->query('INSERT INTO `fe...', Array, false)
#4 C:\laragon\www\projectmahalta\system\Model.php(319): CodeIgniter\Database\BaseBuilder->insert()
#5 C:\laragon\www\projectmahalta\system\BaseModel.php(788): CodeIgniter\Model->doInsert(Array)
#6 C:\laragon\www\projectmahalta\system\Model.php(715): CodeIgniter\BaseModel->insert(Array, true)
#7 C:\laragon\www\projectmahalta\app\Controllers\GuestController.php(1164): CodeIgniter\Model->insert(Array)
#8 C:\laragon\www\projectmahalta\system\CodeIgniter.php(942): App\Controllers\GuestController->submitReview()
#9 C:\laragon\www\projectmahalta\system\CodeIgniter.php(502): CodeIgniter\CodeIgniter->runController(Object(App\Controllers\GuestController))
#10 C:\laragon\www\projectmahalta\system\CodeIgniter.php(361): CodeIgniter\CodeIgniter->handleRequest(NULL, Object(Config\Cache), false)
#11 C:\laragon\www\projectmahalta\public\index.php(79): CodeIgniter\CodeIgniter->run()
#12 C:\laragon\www\projectmahalta\system\Commands\Server\rewrite.php(47): require_once('C:\\laragon\\www\\...')
#13 {main}
CRITICAL - 2024-04-23 10:42:48 --> Unknown column 'updated_at' in 'field list'
in SYSTEMPATH\Database\BaseConnection.php on line 647.
 1 SYSTEMPATH\Database\BaseBuilder.php(2308): CodeIgniter\Database\BaseConnection->query('INSERT INTO `feedback` (`UserID`, `UserRating`, `FeedbackMessage`, `created_at`, `updated_at`) VALUES (:UserID:, :UserRating:, :FeedbackMessage:, :created_at:, :updated_at:)', [...], false)
 2 SYSTEMPATH\Model.php(319): CodeIgniter\Database\BaseBuilder->insert()
 3 SYSTEMPATH\BaseModel.php(788): CodeIgniter\Model->doInsert([...])
 4 SYSTEMPATH\Model.php(715): CodeIgniter\BaseModel->insert([...], true)
 5 APPPATH\Controllers\GuestController.php(1164): CodeIgniter\Model->insert([...])
 6 SYSTEMPATH\CodeIgniter.php(942): App\Controllers\GuestController->submitReview()
 7 SYSTEMPATH\CodeIgniter.php(502): CodeIgniter\CodeIgniter->runController(Object(App\Controllers\GuestController))
 8 SYSTEMPATH\CodeIgniter.php(361): CodeIgniter\CodeIgniter->handleRequest(null, Object(Config\Cache), false)
 9 FCPATH\index.php(79): CodeIgniter\CodeIgniter->run()
10 SYSTEMPATH\Commands\Server\rewrite.php(47): require_once('C:\\laragon\\www\\projectmahalta\\public\\index.php')
ERROR - 2024-04-23 10:42:48 --> mysqli_sql_exception: Unknown column 'updated_at' in 'field list' in C:\laragon\www\projectmahalta\system\Database\MySQLi\Connection.php:306
Stack trace:
#0 C:\laragon\www\projectmahalta\system\Database\MySQLi\Connection.php(306): mysqli->query('INSERT INTO `fe...', 0)
#1 C:\laragon\www\projectmahalta\system\Database\BaseConnection.php(693): CodeIgniter\Database\MySQLi\Connection->execute('INSERT INTO `fe...')
#2 C:\laragon\www\projectmahalta\system\Database\BaseConnection.php(607): CodeIgniter\Database\BaseConnection->simpleQuery('INSERT INTO `fe...')
#3 C:\laragon\www\projectmahalta\system\Database\BaseBuilder.php(2308): CodeIgniter\Database\BaseConnection->query('INSERT INTO `fe...', Array, false)
#4 C:\laragon\www\projectmahalta\system\Model.php(319): CodeIgniter\Database\BaseBuilder->insert()
#5 C:\laragon\www\projectmahalta\system\BaseModel.php(788): CodeIgniter\Model->doInsert(Array)
#6 C:\laragon\www\projectmahalta\system\Model.php(715): CodeIgniter\BaseModel->insert(Array, true)
#7 C:\laragon\www\projectmahalta\app\Controllers\GuestController.php(1164): CodeIgniter\Model->insert(Array)
#8 C:\laragon\www\projectmahalta\system\CodeIgniter.php(942): App\Controllers\GuestController->submitReview()
#9 C:\laragon\www\projectmahalta\system\CodeIgniter.php(502): CodeIgniter\CodeIgniter->runController(Object(App\Controllers\GuestController))
#10 C:\laragon\www\projectmahalta\system\CodeIgniter.php(361): CodeIgniter\CodeIgniter->handleRequest(NULL, Object(Config\Cache), false)
#11 C:\laragon\www\projectmahalta\public\index.php(79): CodeIgniter\CodeIgniter->run()
#12 C:\laragon\www\projectmahalta\system\Commands\Server\rewrite.php(47): require_once('C:\\laragon\\www\\...')
#13 {main}
CRITICAL - 2024-04-23 10:42:48 --> Unknown column 'updated_at' in 'field list'
in SYSTEMPATH\Database\BaseConnection.php on line 647.
 1 SYSTEMPATH\Database\BaseBuilder.php(2308): CodeIgniter\Database\BaseConnection->query('INSERT INTO `feedback` (`UserID`, `UserRating`, `FeedbackMessage`, `created_at`, `updated_at`) VALUES (:UserID:, :UserRating:, :FeedbackMessage:, :created_at:, :updated_at:)', [...], false)
 2 SYSTEMPATH\Model.php(319): CodeIgniter\Database\BaseBuilder->insert()
 3 SYSTEMPATH\BaseModel.php(788): CodeIgniter\Model->doInsert([...])
 4 SYSTEMPATH\Model.php(715): CodeIgniter\BaseModel->insert([...], true)
 5 APPPATH\Controllers\GuestController.php(1164): CodeIgniter\Model->insert([...])
 6 SYSTEMPATH\CodeIgniter.php(942): App\Controllers\GuestController->submitReview()
 7 SYSTEMPATH\CodeIgniter.php(502): CodeIgniter\CodeIgniter->runController(Object(App\Controllers\GuestController))
 8 SYSTEMPATH\CodeIgniter.php(361): CodeIgniter\CodeIgniter->handleRequest(null, Object(Config\Cache), false)
 9 FCPATH\index.php(79): CodeIgniter\CodeIgniter->run()
10 SYSTEMPATH\Commands\Server\rewrite.php(47): require_once('C:\\laragon\\www\\projectmahalta\\public\\index.php')
ERROR - 2024-04-23 10:42:49 --> mysqli_sql_exception: Unknown column 'updated_at' in 'field list' in C:\laragon\www\projectmahalta\system\Database\MySQLi\Connection.php:306
Stack trace:
#0 C:\laragon\www\projectmahalta\system\Database\MySQLi\Connection.php(306): mysqli->query('INSERT INTO `fe...', 0)
#1 C:\laragon\www\projectmahalta\system\Database\BaseConnection.php(693): CodeIgniter\Database\MySQLi\Connection->execute('INSERT INTO `fe...')
#2 C:\laragon\www\projectmahalta\system\Database\BaseConnection.php(607): CodeIgniter\Database\BaseConnection->simpleQuery('INSERT INTO `fe...')
#3 C:\laragon\www\projectmahalta\system\Database\BaseBuilder.php(2308): CodeIgniter\Database\BaseConnection->query('INSERT INTO `fe...', Array, false)
#4 C:\laragon\www\projectmahalta\system\Model.php(319): CodeIgniter\Database\BaseBuilder->insert()
#5 C:\laragon\www\projectmahalta\system\BaseModel.php(788): CodeIgniter\Model->doInsert(Array)
#6 C:\laragon\www\projectmahalta\system\Model.php(715): CodeIgniter\BaseModel->insert(Array, true)
#7 C:\laragon\www\projectmahalta\app\Controllers\GuestController.php(1164): CodeIgniter\Model->insert(Array)
#8 C:\laragon\www\projectmahalta\system\CodeIgniter.php(942): App\Controllers\GuestController->submitReview()
#9 C:\laragon\www\projectmahalta\system\CodeIgniter.php(502): CodeIgniter\CodeIgniter->runController(Object(App\Controllers\GuestController))
#10 C:\laragon\www\projectmahalta\system\CodeIgniter.php(361): CodeIgniter\CodeIgniter->handleRequest(NULL, Object(Config\Cache), false)
#11 C:\laragon\www\projectmahalta\public\index.php(79): CodeIgniter\CodeIgniter->run()
#12 C:\laragon\www\projectmahalta\system\Commands\Server\rewrite.php(47): require_once('C:\\laragon\\www\\...')
#13 {main}
CRITICAL - 2024-04-23 10:42:49 --> Unknown column 'updated_at' in 'field list'
in SYSTEMPATH\Database\BaseConnection.php on line 647.
 1 SYSTEMPATH\Database\BaseBuilder.php(2308): CodeIgniter\Database\BaseConnection->query('INSERT INTO `feedback` (`UserID`, `UserRating`, `FeedbackMessage`, `created_at`, `updated_at`) VALUES (:UserID:, :UserRating:, :FeedbackMessage:, :created_at:, :updated_at:)', [...], false)
 2 SYSTEMPATH\Model.php(319): CodeIgniter\Database\BaseBuilder->insert()
 3 SYSTEMPATH\BaseModel.php(788): CodeIgniter\Model->doInsert([...])
 4 SYSTEMPATH\Model.php(715): CodeIgniter\BaseModel->insert([...], true)
 5 APPPATH\Controllers\GuestController.php(1164): CodeIgniter\Model->insert([...])
 6 SYSTEMPATH\CodeIgniter.php(942): App\Controllers\GuestController->submitReview()
 7 SYSTEMPATH\CodeIgniter.php(502): CodeIgniter\CodeIgniter->runController(Object(App\Controllers\GuestController))
 8 SYSTEMPATH\CodeIgniter.php(361): CodeIgniter\CodeIgniter->handleRequest(null, Object(Config\Cache), false)
 9 FCPATH\index.php(79): CodeIgniter\CodeIgniter->run()
10 SYSTEMPATH\Commands\Server\rewrite.php(47): require_once('C:\\laragon\\www\\projectmahalta\\public\\index.php')
ERROR - 2024-04-23 10:42:49 --> mysqli_sql_exception: Unknown column 'updated_at' in 'field list' in C:\laragon\www\projectmahalta\system\Database\MySQLi\Connection.php:306
Stack trace:
#0 C:\laragon\www\projectmahalta\system\Database\MySQLi\Connection.php(306): mysqli->query('INSERT INTO `fe...', 0)
#1 C:\laragon\www\projectmahalta\system\Database\BaseConnection.php(693): CodeIgniter\Database\MySQLi\Connection->execute('INSERT INTO `fe...')
#2 C:\laragon\www\projectmahalta\system\Database\BaseConnection.php(607): CodeIgniter\Database\BaseConnection->simpleQuery('INSERT INTO `fe...')
#3 C:\laragon\www\projectmahalta\system\Database\BaseBuilder.php(2308): CodeIgniter\Database\BaseConnection->query('INSERT INTO `fe...', Array, false)
#4 C:\laragon\www\projectmahalta\system\Model.php(319): CodeIgniter\Database\BaseBuilder->insert()
#5 C:\laragon\www\projectmahalta\system\BaseModel.php(788): CodeIgniter\Model->doInsert(Array)
#6 C:\laragon\www\projectmahalta\system\Model.php(715): CodeIgniter\BaseModel->insert(Array, true)
#7 C:\laragon\www\projectmahalta\app\Controllers\GuestController.php(1164): CodeIgniter\Model->insert(Array)
#8 C:\laragon\www\projectmahalta\system\CodeIgniter.php(942): App\Controllers\GuestController->submitReview()
#9 C:\laragon\www\projectmahalta\system\CodeIgniter.php(502): CodeIgniter\CodeIgniter->runController(Object(App\Controllers\GuestController))
#10 C:\laragon\www\projectmahalta\system\CodeIgniter.php(361): CodeIgniter\CodeIgniter->handleRequest(NULL, Object(Config\Cache), false)
#11 C:\laragon\www\projectmahalta\public\index.php(79): CodeIgniter\CodeIgniter->run()
#12 C:\laragon\www\projectmahalta\system\Commands\Server\rewrite.php(47): require_once('C:\\laragon\\www\\...')
#13 {main}
CRITICAL - 2024-04-23 10:42:49 --> Unknown column 'updated_at' in 'field list'
in SYSTEMPATH\Database\BaseConnection.php on line 647.
 1 SYSTEMPATH\Database\BaseBuilder.php(2308): CodeIgniter\Database\BaseConnection->query('INSERT INTO `feedback` (`UserID`, `UserRating`, `FeedbackMessage`, `created_at`, `updated_at`) VALUES (:UserID:, :UserRating:, :FeedbackMessage:, :created_at:, :updated_at:)', [...], false)
 2 SYSTEMPATH\Model.php(319): CodeIgniter\Database\BaseBuilder->insert()
 3 SYSTEMPATH\BaseModel.php(788): CodeIgniter\Model->doInsert([...])
 4 SYSTEMPATH\Model.php(715): CodeIgniter\BaseModel->insert([...], true)
 5 APPPATH\Controllers\GuestController.php(1164): CodeIgniter\Model->insert([...])
 6 SYSTEMPATH\CodeIgniter.php(942): App\Controllers\GuestController->submitReview()
 7 SYSTEMPATH\CodeIgniter.php(502): CodeIgniter\CodeIgniter->runController(Object(App\Controllers\GuestController))
 8 SYSTEMPATH\CodeIgniter.php(361): CodeIgniter\CodeIgniter->handleRequest(null, Object(Config\Cache), false)
 9 FCPATH\index.php(79): CodeIgniter\CodeIgniter->run()
10 SYSTEMPATH\Commands\Server\rewrite.php(47): require_once('C:\\laragon\\www\\projectmahalta\\public\\index.php')
ERROR - 2024-04-23 10:42:49 --> mysqli_sql_exception: Unknown column 'updated_at' in 'field list' in C:\laragon\www\projectmahalta\system\Database\MySQLi\Connection.php:306
Stack trace:
#0 C:\laragon\www\projectmahalta\system\Database\MySQLi\Connection.php(306): mysqli->query('INSERT INTO `fe...', 0)
#1 C:\laragon\www\projectmahalta\system\Database\BaseConnection.php(693): CodeIgniter\Database\MySQLi\Connection->execute('INSERT INTO `fe...')
#2 C:\laragon\www\projectmahalta\system\Database\BaseConnection.php(607): CodeIgniter\Database\BaseConnection->simpleQuery('INSERT INTO `fe...')
#3 C:\laragon\www\projectmahalta\system\Database\BaseBuilder.php(2308): CodeIgniter\Database\BaseConnection->query('INSERT INTO `fe...', Array, false)
#4 C:\laragon\www\projectmahalta\system\Model.php(319): CodeIgniter\Database\BaseBuilder->insert()
#5 C:\laragon\www\projectmahalta\system\BaseModel.php(788): CodeIgniter\Model->doInsert(Array)
#6 C:\laragon\www\projectmahalta\system\Model.php(715): CodeIgniter\BaseModel->insert(Array, true)
#7 C:\laragon\www\projectmahalta\app\Controllers\GuestController.php(1164): CodeIgniter\Model->insert(Array)
#8 C:\laragon\www\projectmahalta\system\CodeIgniter.php(942): App\Controllers\GuestController->submitReview()
#9 C:\laragon\www\projectmahalta\system\CodeIgniter.php(502): CodeIgniter\CodeIgniter->runController(Object(App\Controllers\GuestController))
#10 C:\laragon\www\projectmahalta\system\CodeIgniter.php(361): CodeIgniter\CodeIgniter->handleRequest(NULL, Object(Config\Cache), false)
#11 C:\laragon\www\projectmahalta\public\index.php(79): CodeIgniter\CodeIgniter->run()
#12 C:\laragon\www\projectmahalta\system\Commands\Server\rewrite.php(47): require_once('C:\\laragon\\www\\...')
#13 {main}
CRITICAL - 2024-04-23 10:42:49 --> Unknown column 'updated_at' in 'field list'
in SYSTEMPATH\Database\BaseConnection.php on line 647.
 1 SYSTEMPATH\Database\BaseBuilder.php(2308): CodeIgniter\Database\BaseConnection->query('INSERT INTO `feedback` (`UserID`, `UserRating`, `FeedbackMessage`, `created_at`, `updated_at`) VALUES (:UserID:, :UserRating:, :FeedbackMessage:, :created_at:, :updated_at:)', [...], false)
 2 SYSTEMPATH\Model.php(319): CodeIgniter\Database\BaseBuilder->insert()
 3 SYSTEMPATH\BaseModel.php(788): CodeIgniter\Model->doInsert([...])
 4 SYSTEMPATH\Model.php(715): CodeIgniter\BaseModel->insert([...], true)
 5 APPPATH\Controllers\GuestController.php(1164): CodeIgniter\Model->insert([...])
 6 SYSTEMPATH\CodeIgniter.php(942): App\Controllers\GuestController->submitReview()
 7 SYSTEMPATH\CodeIgniter.php(502): CodeIgniter\CodeIgniter->runController(Object(App\Controllers\GuestController))
 8 SYSTEMPATH\CodeIgniter.php(361): CodeIgniter\CodeIgniter->handleRequest(null, Object(Config\Cache), false)
 9 FCPATH\index.php(79): CodeIgniter\CodeIgniter->run()
10 SYSTEMPATH\Commands\Server\rewrite.php(47): require_once('C:\\laragon\\www\\projectmahalta\\public\\index.php')
ERROR - 2024-04-23 10:42:50 --> mysqli_sql_exception: Unknown column 'updated_at' in 'field list' in C:\laragon\www\projectmahalta\system\Database\MySQLi\Connection.php:306
Stack trace:
#0 C:\laragon\www\projectmahalta\system\Database\MySQLi\Connection.php(306): mysqli->query('INSERT INTO `fe...', 0)
#1 C:\laragon\www\projectmahalta\system\Database\BaseConnection.php(693): CodeIgniter\Database\MySQLi\Connection->execute('INSERT INTO `fe...')
#2 C:\laragon\www\projectmahalta\system\Database\BaseConnection.php(607): CodeIgniter\Database\BaseConnection->simpleQuery('INSERT INTO `fe...')
#3 C:\laragon\www\projectmahalta\system\Database\BaseBuilder.php(2308): CodeIgniter\Database\BaseConnection->query('INSERT INTO `fe...', Array, false)
#4 C:\laragon\www\projectmahalta\system\Model.php(319): CodeIgniter\Database\BaseBuilder->insert()
#5 C:\laragon\www\projectmahalta\system\BaseModel.php(788): CodeIgniter\Model->doInsert(Array)
#6 C:\laragon\www\projectmahalta\system\Model.php(715): CodeIgniter\BaseModel->insert(Array, true)
#7 C:\laragon\www\projectmahalta\app\Controllers\GuestController.php(1164): CodeIgniter\Model->insert(Array)
#8 C:\laragon\www\projectmahalta\system\CodeIgniter.php(942): App\Controllers\GuestController->submitReview()
#9 C:\laragon\www\projectmahalta\system\CodeIgniter.php(502): CodeIgniter\CodeIgniter->runController(Object(App\Controllers\GuestController))
#10 C:\laragon\www\projectmahalta\system\CodeIgniter.php(361): CodeIgniter\CodeIgniter->handleRequest(NULL, Object(Config\Cache), false)
#11 C:\laragon\www\projectmahalta\public\index.php(79): CodeIgniter\CodeIgniter->run()
#12 C:\laragon\www\projectmahalta\system\Commands\Server\rewrite.php(47): require_once('C:\\laragon\\www\\...')
#13 {main}
CRITICAL - 2024-04-23 10:42:50 --> Unknown column 'updated_at' in 'field list'
in SYSTEMPATH\Database\BaseConnection.php on line 647.
 1 SYSTEMPATH\Database\BaseBuilder.php(2308): CodeIgniter\Database\BaseConnection->query('INSERT INTO `feedback` (`UserID`, `UserRating`, `FeedbackMessage`, `created_at`, `updated_at`) VALUES (:UserID:, :UserRating:, :FeedbackMessage:, :created_at:, :updated_at:)', [...], false)
 2 SYSTEMPATH\Model.php(319): CodeIgniter\Database\BaseBuilder->insert()
 3 SYSTEMPATH\BaseModel.php(788): CodeIgniter\Model->doInsert([...])
 4 SYSTEMPATH\Model.php(715): CodeIgniter\BaseModel->insert([...], true)
 5 APPPATH\Controllers\GuestController.php(1164): CodeIgniter\Model->insert([...])
 6 SYSTEMPATH\CodeIgniter.php(942): App\Controllers\GuestController->submitReview()
 7 SYSTEMPATH\CodeIgniter.php(502): CodeIgniter\CodeIgniter->runController(Object(App\Controllers\GuestController))
 8 SYSTEMPATH\CodeIgniter.php(361): CodeIgniter\CodeIgniter->handleRequest(null, Object(Config\Cache), false)
 9 FCPATH\index.php(79): CodeIgniter\CodeIgniter->run()
10 SYSTEMPATH\Commands\Server\rewrite.php(47): require_once('C:\\laragon\\www\\projectmahalta\\public\\index.php')
ERROR - 2024-04-23 10:42:50 --> mysqli_sql_exception: Unknown column 'updated_at' in 'field list' in C:\laragon\www\projectmahalta\system\Database\MySQLi\Connection.php:306
Stack trace:
#0 C:\laragon\www\projectmahalta\system\Database\MySQLi\Connection.php(306): mysqli->query('INSERT INTO `fe...', 0)
#1 C:\laragon\www\projectmahalta\system\Database\BaseConnection.php(693): CodeIgniter\Database\MySQLi\Connection->execute('INSERT INTO `fe...')
#2 C:\laragon\www\projectmahalta\system\Database\BaseConnection.php(607): CodeIgniter\Database\BaseConnection->simpleQuery('INSERT INTO `fe...')
#3 C:\laragon\www\projectmahalta\system\Database\BaseBuilder.php(2308): CodeIgniter\Database\BaseConnection->query('INSERT INTO `fe...', Array, false)
#4 C:\laragon\www\projectmahalta\system\Model.php(319): CodeIgniter\Database\BaseBuilder->insert()
#5 C:\laragon\www\projectmahalta\system\BaseModel.php(788): CodeIgniter\Model->doInsert(Array)
#6 C:\laragon\www\projectmahalta\system\Model.php(715): CodeIgniter\BaseModel->insert(Array, true)
#7 C:\laragon\www\projectmahalta\app\Controllers\GuestController.php(1164): CodeIgniter\Model->insert(Array)
#8 C:\laragon\www\projectmahalta\system\CodeIgniter.php(942): App\Controllers\GuestController->submitReview()
#9 C:\laragon\www\projectmahalta\system\CodeIgniter.php(502): CodeIgniter\CodeIgniter->runController(Object(App\Controllers\GuestController))
#10 C:\laragon\www\projectmahalta\system\CodeIgniter.php(361): CodeIgniter\CodeIgniter->handleRequest(NULL, Object(Config\Cache), false)
#11 C:\laragon\www\projectmahalta\public\index.php(79): CodeIgniter\CodeIgniter->run()
#12 C:\laragon\www\projectmahalta\system\Commands\Server\rewrite.php(47): require_once('C:\\laragon\\www\\...')
#13 {main}
CRITICAL - 2024-04-23 10:42:50 --> Unknown column 'updated_at' in 'field list'
in SYSTEMPATH\Database\BaseConnection.php on line 647.
 1 SYSTEMPATH\Database\BaseBuilder.php(2308): CodeIgniter\Database\BaseConnection->query('INSERT INTO `feedback` (`UserID`, `UserRating`, `FeedbackMessage`, `created_at`, `updated_at`) VALUES (:UserID:, :UserRating:, :FeedbackMessage:, :created_at:, :updated_at:)', [...], false)
 2 SYSTEMPATH\Model.php(319): CodeIgniter\Database\BaseBuilder->insert()
 3 SYSTEMPATH\BaseModel.php(788): CodeIgniter\Model->doInsert([...])
 4 SYSTEMPATH\Model.php(715): CodeIgniter\BaseModel->insert([...], true)
 5 APPPATH\Controllers\GuestController.php(1164): CodeIgniter\Model->insert([...])
 6 SYSTEMPATH\CodeIgniter.php(942): App\Controllers\GuestController->submitReview()
 7 SYSTEMPATH\CodeIgniter.php(502): CodeIgniter\CodeIgniter->runController(Object(App\Controllers\GuestController))
 8 SYSTEMPATH\CodeIgniter.php(361): CodeIgniter\CodeIgniter->handleRequest(null, Object(Config\Cache), false)
 9 FCPATH\index.php(79): CodeIgniter\CodeIgniter->run()
10 SYSTEMPATH\Commands\Server\rewrite.php(47): require_once('C:\\laragon\\www\\projectmahalta\\public\\index.php')
ERROR - 2024-04-23 10:42:50 --> mysqli_sql_exception: Unknown column 'updated_at' in 'field list' in C:\laragon\www\projectmahalta\system\Database\MySQLi\Connection.php:306
Stack trace:
#0 C:\laragon\www\projectmahalta\system\Database\MySQLi\Connection.php(306): mysqli->query('INSERT INTO `fe...', 0)
#1 C:\laragon\www\projectmahalta\system\Database\BaseConnection.php(693): CodeIgniter\Database\MySQLi\Connection->execute('INSERT INTO `fe...')
#2 C:\laragon\www\projectmahalta\system\Database\BaseConnection.php(607): CodeIgniter\Database\BaseConnection->simpleQuery('INSERT INTO `fe...')
#3 C:\laragon\www\projectmahalta\system\Database\BaseBuilder.php(2308): CodeIgniter\Database\BaseConnection->query('INSERT INTO `fe...', Array, false)
#4 C:\laragon\www\projectmahalta\system\Model.php(319): CodeIgniter\Database\BaseBuilder->insert()
#5 C:\laragon\www\projectmahalta\system\BaseModel.php(788): CodeIgniter\Model->doInsert(Array)
#6 C:\laragon\www\projectmahalta\system\Model.php(715): CodeIgniter\BaseModel->insert(Array, true)
#7 C:\laragon\www\projectmahalta\app\Controllers\GuestController.php(1164): CodeIgniter\Model->insert(Array)
#8 C:\laragon\www\projectmahalta\system\CodeIgniter.php(942): App\Controllers\GuestController->submitReview()
#9 C:\laragon\www\projectmahalta\system\CodeIgniter.php(502): CodeIgniter\CodeIgniter->runController(Object(App\Controllers\GuestController))
#10 C:\laragon\www\projectmahalta\system\CodeIgniter.php(361): CodeIgniter\CodeIgniter->handleRequest(NULL, Object(Config\Cache), false)
#11 C:\laragon\www\projectmahalta\public\index.php(79): CodeIgniter\CodeIgniter->run()
#12 C:\laragon\www\projectmahalta\system\Commands\Server\rewrite.php(47): require_once('C:\\laragon\\www\\...')
#13 {main}
CRITICAL - 2024-04-23 10:42:50 --> Unknown column 'updated_at' in 'field list'
in SYSTEMPATH\Database\BaseConnection.php on line 647.
 1 SYSTEMPATH\Database\BaseBuilder.php(2308): CodeIgniter\Database\BaseConnection->query('INSERT INTO `feedback` (`UserID`, `UserRating`, `FeedbackMessage`, `created_at`, `updated_at`) VALUES (:UserID:, :UserRating:, :FeedbackMessage:, :created_at:, :updated_at:)', [...], false)
 2 SYSTEMPATH\Model.php(319): CodeIgniter\Database\BaseBuilder->insert()
 3 SYSTEMPATH\BaseModel.php(788): CodeIgniter\Model->doInsert([...])
 4 SYSTEMPATH\Model.php(715): CodeIgniter\BaseModel->insert([...], true)
 5 APPPATH\Controllers\GuestController.php(1164): CodeIgniter\Model->insert([...])
 6 SYSTEMPATH\CodeIgniter.php(942): App\Controllers\GuestController->submitReview()
 7 SYSTEMPATH\CodeIgniter.php(502): CodeIgniter\CodeIgniter->runController(Object(App\Controllers\GuestController))
 8 SYSTEMPATH\CodeIgniter.php(361): CodeIgniter\CodeIgniter->handleRequest(null, Object(Config\Cache), false)
 9 FCPATH\index.php(79): CodeIgniter\CodeIgniter->run()
10 SYSTEMPATH\Commands\Server\rewrite.php(47): require_once('C:\\laragon\\www\\projectmahalta\\public\\index.php')
ERROR - 2024-04-23 10:42:51 --> mysqli_sql_exception: Unknown column 'updated_at' in 'field list' in C:\laragon\www\projectmahalta\system\Database\MySQLi\Connection.php:306
Stack trace:
#0 C:\laragon\www\projectmahalta\system\Database\MySQLi\Connection.php(306): mysqli->query('INSERT INTO `fe...', 0)
#1 C:\laragon\www\projectmahalta\system\Database\BaseConnection.php(693): CodeIgniter\Database\MySQLi\Connection->execute('INSERT INTO `fe...')
#2 C:\laragon\www\projectmahalta\system\Database\BaseConnection.php(607): CodeIgniter\Database\BaseConnection->simpleQuery('INSERT INTO `fe...')
#3 C:\laragon\www\projectmahalta\system\Database\BaseBuilder.php(2308): CodeIgniter\Database\BaseConnection->query('INSERT INTO `fe...', Array, false)
#4 C:\laragon\www\projectmahalta\system\Model.php(319): CodeIgniter\Database\BaseBuilder->insert()
#5 C:\laragon\www\projectmahalta\system\BaseModel.php(788): CodeIgniter\Model->doInsert(Array)
#6 C:\laragon\www\projectmahalta\system\Model.php(715): CodeIgniter\BaseModel->insert(Array, true)
#7 C:\laragon\www\projectmahalta\app\Controllers\GuestController.php(1164): CodeIgniter\Model->insert(Array)
#8 C:\laragon\www\projectmahalta\system\CodeIgniter.php(942): App\Controllers\GuestController->submitReview()
#9 C:\laragon\www\projectmahalta\system\CodeIgniter.php(502): CodeIgniter\CodeIgniter->runController(Object(App\Controllers\GuestController))
#10 C:\laragon\www\projectmahalta\system\CodeIgniter.php(361): CodeIgniter\CodeIgniter->handleRequest(NULL, Object(Config\Cache), false)
#11 C:\laragon\www\projectmahalta\public\index.php(79): CodeIgniter\CodeIgniter->run()
#12 C:\laragon\www\projectmahalta\system\Commands\Server\rewrite.php(47): require_once('C:\\laragon\\www\\...')
#13 {main}
CRITICAL - 2024-04-23 10:42:51 --> Unknown column 'updated_at' in 'field list'
in SYSTEMPATH\Database\BaseConnection.php on line 647.
 1 SYSTEMPATH\Database\BaseBuilder.php(2308): CodeIgniter\Database\BaseConnection->query('INSERT INTO `feedback` (`UserID`, `UserRating`, `FeedbackMessage`, `created_at`, `updated_at`) VALUES (:UserID:, :UserRating:, :FeedbackMessage:, :created_at:, :updated_at:)', [...], false)
 2 SYSTEMPATH\Model.php(319): CodeIgniter\Database\BaseBuilder->insert()
 3 SYSTEMPATH\BaseModel.php(788): CodeIgniter\Model->doInsert([...])
 4 SYSTEMPATH\Model.php(715): CodeIgniter\BaseModel->insert([...], true)
 5 APPPATH\Controllers\GuestController.php(1164): CodeIgniter\Model->insert([...])
 6 SYSTEMPATH\CodeIgniter.php(942): App\Controllers\GuestController->submitReview()
 7 SYSTEMPATH\CodeIgniter.php(502): CodeIgniter\CodeIgniter->runController(Object(App\Controllers\GuestController))
 8 SYSTEMPATH\CodeIgniter.php(361): CodeIgniter\CodeIgniter->handleRequest(null, Object(Config\Cache), false)
 9 FCPATH\index.php(79): CodeIgniter\CodeIgniter->run()
10 SYSTEMPATH\Commands\Server\rewrite.php(47): require_once('C:\\laragon\\www\\projectmahalta\\public\\index.php')
ERROR - 2024-04-23 10:42:51 --> mysqli_sql_exception: Unknown column 'updated_at' in 'field list' in C:\laragon\www\projectmahalta\system\Database\MySQLi\Connection.php:306
Stack trace:
#0 C:\laragon\www\projectmahalta\system\Database\MySQLi\Connection.php(306): mysqli->query('INSERT INTO `fe...', 0)
#1 C:\laragon\www\projectmahalta\system\Database\BaseConnection.php(693): CodeIgniter\Database\MySQLi\Connection->execute('INSERT INTO `fe...')
#2 C:\laragon\www\projectmahalta\system\Database\BaseConnection.php(607): CodeIgniter\Database\BaseConnection->simpleQuery('INSERT INTO `fe...')
#3 C:\laragon\www\projectmahalta\system\Database\BaseBuilder.php(2308): CodeIgniter\Database\BaseConnection->query('INSERT INTO `fe...', Array, false)
#4 C:\laragon\www\projectmahalta\system\Model.php(319): CodeIgniter\Database\BaseBuilder->insert()
#5 C:\laragon\www\projectmahalta\system\BaseModel.php(788): CodeIgniter\Model->doInsert(Array)
#6 C:\laragon\www\projectmahalta\system\Model.php(715): CodeIgniter\BaseModel->insert(Array, true)
#7 C:\laragon\www\projectmahalta\app\Controllers\GuestController.php(1164): CodeIgniter\Model->insert(Array)
#8 C:\laragon\www\projectmahalta\system\CodeIgniter.php(942): App\Controllers\GuestController->submitReview()
#9 C:\laragon\www\projectmahalta\system\CodeIgniter.php(502): CodeIgniter\CodeIgniter->runController(Object(App\Controllers\GuestController))
#10 C:\laragon\www\projectmahalta\system\CodeIgniter.php(361): CodeIgniter\CodeIgniter->handleRequest(NULL, Object(Config\Cache), false)
#11 C:\laragon\www\projectmahalta\public\index.php(79): CodeIgniter\CodeIgniter->run()
#12 C:\laragon\www\projectmahalta\system\Commands\Server\rewrite.php(47): require_once('C:\\laragon\\www\\...')
#13 {main}
CRITICAL - 2024-04-23 10:42:51 --> Unknown column 'updated_at' in 'field list'
in SYSTEMPATH\Database\BaseConnection.php on line 647.
 1 SYSTEMPATH\Database\BaseBuilder.php(2308): CodeIgniter\Database\BaseConnection->query('INSERT INTO `feedback` (`UserID`, `UserRating`, `FeedbackMessage`, `created_at`, `updated_at`) VALUES (:UserID:, :UserRating:, :FeedbackMessage:, :created_at:, :updated_at:)', [...], false)
 2 SYSTEMPATH\Model.php(319): CodeIgniter\Database\BaseBuilder->insert()
 3 SYSTEMPATH\BaseModel.php(788): CodeIgniter\Model->doInsert([...])
 4 SYSTEMPATH\Model.php(715): CodeIgniter\BaseModel->insert([...], true)
 5 APPPATH\Controllers\GuestController.php(1164): CodeIgniter\Model->insert([...])
 6 SYSTEMPATH\CodeIgniter.php(942): App\Controllers\GuestController->submitReview()
 7 SYSTEMPATH\CodeIgniter.php(502): CodeIgniter\CodeIgniter->runController(Object(App\Controllers\GuestController))
 8 SYSTEMPATH\CodeIgniter.php(361): CodeIgniter\CodeIgniter->handleRequest(null, Object(Config\Cache), false)
 9 FCPATH\index.php(79): CodeIgniter\CodeIgniter->run()
10 SYSTEMPATH\Commands\Server\rewrite.php(47): require_once('C:\\laragon\\www\\projectmahalta\\public\\index.php')
ERROR - 2024-04-23 10:42:51 --> mysqli_sql_exception: Unknown column 'updated_at' in 'field list' in C:\laragon\www\projectmahalta\system\Database\MySQLi\Connection.php:306
Stack trace:
#0 C:\laragon\www\projectmahalta\system\Database\MySQLi\Connection.php(306): mysqli->query('INSERT INTO `fe...', 0)
#1 C:\laragon\www\projectmahalta\system\Database\BaseConnection.php(693): CodeIgniter\Database\MySQLi\Connection->execute('INSERT INTO `fe...')
#2 C:\laragon\www\projectmahalta\system\Database\BaseConnection.php(607): CodeIgniter\Database\BaseConnection->simpleQuery('INSERT INTO `fe...')
#3 C:\laragon\www\projectmahalta\system\Database\BaseBuilder.php(2308): CodeIgniter\Database\BaseConnection->query('INSERT INTO `fe...', Array, false)
#4 C:\laragon\www\projectmahalta\system\Model.php(319): CodeIgniter\Database\BaseBuilder->insert()
#5 C:\laragon\www\projectmahalta\system\BaseModel.php(788): CodeIgniter\Model->doInsert(Array)
#6 C:\laragon\www\projectmahalta\system\Model.php(715): CodeIgniter\BaseModel->insert(Array, true)
#7 C:\laragon\www\projectmahalta\app\Controllers\GuestController.php(1164): CodeIgniter\Model->insert(Array)
#8 C:\laragon\www\projectmahalta\system\CodeIgniter.php(942): App\Controllers\GuestController->submitReview()
#9 C:\laragon\www\projectmahalta\system\CodeIgniter.php(502): CodeIgniter\CodeIgniter->runController(Object(App\Controllers\GuestController))
#10 C:\laragon\www\projectmahalta\system\CodeIgniter.php(361): CodeIgniter\CodeIgniter->handleRequest(NULL, Object(Config\Cache), false)
#11 C:\laragon\www\projectmahalta\public\index.php(79): CodeIgniter\CodeIgniter->run()
#12 C:\laragon\www\projectmahalta\system\Commands\Server\rewrite.php(47): require_once('C:\\laragon\\www\\...')
#13 {main}
CRITICAL - 2024-04-23 10:42:51 --> Unknown column 'updated_at' in 'field list'
in SYSTEMPATH\Database\BaseConnection.php on line 647.
 1 SYSTEMPATH\Database\BaseBuilder.php(2308): CodeIgniter\Database\BaseConnection->query('INSERT INTO `feedback` (`UserID`, `UserRating`, `FeedbackMessage`, `created_at`, `updated_at`) VALUES (:UserID:, :UserRating:, :FeedbackMessage:, :created_at:, :updated_at:)', [...], false)
 2 SYSTEMPATH\Model.php(319): CodeIgniter\Database\BaseBuilder->insert()
 3 SYSTEMPATH\BaseModel.php(788): CodeIgniter\Model->doInsert([...])
 4 SYSTEMPATH\Model.php(715): CodeIgniter\BaseModel->insert([...], true)
 5 APPPATH\Controllers\GuestController.php(1164): CodeIgniter\Model->insert([...])
 6 SYSTEMPATH\CodeIgniter.php(942): App\Controllers\GuestController->submitReview()
 7 SYSTEMPATH\CodeIgniter.php(502): CodeIgniter\CodeIgniter->runController(Object(App\Controllers\GuestController))
 8 SYSTEMPATH\CodeIgniter.php(361): CodeIgniter\CodeIgniter->handleRequest(null, Object(Config\Cache), false)
 9 FCPATH\index.php(79): CodeIgniter\CodeIgniter->run()
10 SYSTEMPATH\Commands\Server\rewrite.php(47): require_once('C:\\laragon\\www\\projectmahalta\\public\\index.php')
ERROR - 2024-04-23 10:42:51 --> mysqli_sql_exception: Unknown column 'updated_at' in 'field list' in C:\laragon\www\projectmahalta\system\Database\MySQLi\Connection.php:306
Stack trace:
#0 C:\laragon\www\projectmahalta\system\Database\MySQLi\Connection.php(306): mysqli->query('INSERT INTO `fe...', 0)
#1 C:\laragon\www\projectmahalta\system\Database\BaseConnection.php(693): CodeIgniter\Database\MySQLi\Connection->execute('INSERT INTO `fe...')
#2 C:\laragon\www\projectmahalta\system\Database\BaseConnection.php(607): CodeIgniter\Database\BaseConnection->simpleQuery('INSERT INTO `fe...')
#3 C:\laragon\www\projectmahalta\system\Database\BaseBuilder.php(2308): CodeIgniter\Database\BaseConnection->query('INSERT INTO `fe...', Array, false)
#4 C:\laragon\www\projectmahalta\system\Model.php(319): CodeIgniter\Database\BaseBuilder->insert()
#5 C:\laragon\www\projectmahalta\system\BaseModel.php(788): CodeIgniter\Model->doInsert(Array)
#6 C:\laragon\www\projectmahalta\system\Model.php(715): CodeIgniter\BaseModel->insert(Array, true)
#7 C:\laragon\www\projectmahalta\app\Controllers\GuestController.php(1164): CodeIgniter\Model->insert(Array)
#8 C:\laragon\www\projectmahalta\system\CodeIgniter.php(942): App\Controllers\GuestController->submitReview()
#9 C:\laragon\www\projectmahalta\system\CodeIgniter.php(502): CodeIgniter\CodeIgniter->runController(Object(App\Controllers\GuestController))
#10 C:\laragon\www\projectmahalta\system\CodeIgniter.php(361): CodeIgniter\CodeIgniter->handleRequest(NULL, Object(Config\Cache), false)
#11 C:\laragon\www\projectmahalta\public\index.php(79): CodeIgniter\CodeIgniter->run()
#12 C:\laragon\www\projectmahalta\system\Commands\Server\rewrite.php(47): require_once('C:\\laragon\\www\\...')
#13 {main}
CRITICAL - 2024-04-23 10:42:51 --> Unknown column 'updated_at' in 'field list'
in SYSTEMPATH\Database\BaseConnection.php on line 647.
 1 SYSTEMPATH\Database\BaseBuilder.php(2308): CodeIgniter\Database\BaseConnection->query('INSERT INTO `feedback` (`UserID`, `UserRating`, `FeedbackMessage`, `created_at`, `updated_at`) VALUES (:UserID:, :UserRating:, :FeedbackMessage:, :created_at:, :updated_at:)', [...], false)
 2 SYSTEMPATH\Model.php(319): CodeIgniter\Database\BaseBuilder->insert()
 3 SYSTEMPATH\BaseModel.php(788): CodeIgniter\Model->doInsert([...])
 4 SYSTEMPATH\Model.php(715): CodeIgniter\BaseModel->insert([...], true)
 5 APPPATH\Controllers\GuestController.php(1164): CodeIgniter\Model->insert([...])
 6 SYSTEMPATH\CodeIgniter.php(942): App\Controllers\GuestController->submitReview()
 7 SYSTEMPATH\CodeIgniter.php(502): CodeIgniter\CodeIgniter->runController(Object(App\Controllers\GuestController))
 8 SYSTEMPATH\CodeIgniter.php(361): CodeIgniter\CodeIgniter->handleRequest(null, Object(Config\Cache), false)
 9 FCPATH\index.php(79): CodeIgniter\CodeIgniter->run()
10 SYSTEMPATH\Commands\Server\rewrite.php(47): require_once('C:\\laragon\\www\\projectmahalta\\public\\index.php')
ERROR - 2024-04-23 10:42:52 --> mysqli_sql_exception: Unknown column 'updated_at' in 'field list' in C:\laragon\www\projectmahalta\system\Database\MySQLi\Connection.php:306
Stack trace:
#0 C:\laragon\www\projectmahalta\system\Database\MySQLi\Connection.php(306): mysqli->query('INSERT INTO `fe...', 0)
#1 C:\laragon\www\projectmahalta\system\Database\BaseConnection.php(693): CodeIgniter\Database\MySQLi\Connection->execute('INSERT INTO `fe...')
#2 C:\laragon\www\projectmahalta\system\Database\BaseConnection.php(607): CodeIgniter\Database\BaseConnection->simpleQuery('INSERT INTO `fe...')
#3 C:\laragon\www\projectmahalta\system\Database\BaseBuilder.php(2308): CodeIgniter\Database\BaseConnection->query('INSERT INTO `fe...', Array, false)
#4 C:\laragon\www\projectmahalta\system\Model.php(319): CodeIgniter\Database\BaseBuilder->insert()
#5 C:\laragon\www\projectmahalta\system\BaseModel.php(788): CodeIgniter\Model->doInsert(Array)
#6 C:\laragon\www\projectmahalta\system\Model.php(715): CodeIgniter\BaseModel->insert(Array, true)
#7 C:\laragon\www\projectmahalta\app\Controllers\GuestController.php(1164): CodeIgniter\Model->insert(Array)
#8 C:\laragon\www\projectmahalta\system\CodeIgniter.php(942): App\Controllers\GuestController->submitReview()
#9 C:\laragon\www\projectmahalta\system\CodeIgniter.php(502): CodeIgniter\CodeIgniter->runController(Object(App\Controllers\GuestController))
#10 C:\laragon\www\projectmahalta\system\CodeIgniter.php(361): CodeIgniter\CodeIgniter->handleRequest(NULL, Object(Config\Cache), false)
#11 C:\laragon\www\projectmahalta\public\index.php(79): CodeIgniter\CodeIgniter->run()
#12 C:\laragon\www\projectmahalta\system\Commands\Server\rewrite.php(47): require_once('C:\\laragon\\www\\...')
#13 {main}
CRITICAL - 2024-04-23 10:42:52 --> Unknown column 'updated_at' in 'field list'
in SYSTEMPATH\Database\BaseConnection.php on line 647.
 1 SYSTEMPATH\Database\BaseBuilder.php(2308): CodeIgniter\Database\BaseConnection->query('INSERT INTO `feedback` (`UserID`, `UserRating`, `FeedbackMessage`, `created_at`, `updated_at`) VALUES (:UserID:, :UserRating:, :FeedbackMessage:, :created_at:, :updated_at:)', [...], false)
 2 SYSTEMPATH\Model.php(319): CodeIgniter\Database\BaseBuilder->insert()
 3 SYSTEMPATH\BaseModel.php(788): CodeIgniter\Model->doInsert([...])
 4 SYSTEMPATH\Model.php(715): CodeIgniter\BaseModel->insert([...], true)
 5 APPPATH\Controllers\GuestController.php(1164): CodeIgniter\Model->insert([...])
 6 SYSTEMPATH\CodeIgniter.php(942): App\Controllers\GuestController->submitReview()
 7 SYSTEMPATH\CodeIgniter.php(502): CodeIgniter\CodeIgniter->runController(Object(App\Controllers\GuestController))
 8 SYSTEMPATH\CodeIgniter.php(361): CodeIgniter\CodeIgniter->handleRequest(null, Object(Config\Cache), false)
 9 FCPATH\index.php(79): CodeIgniter\CodeIgniter->run()
10 SYSTEMPATH\Commands\Server\rewrite.php(47): require_once('C:\\laragon\\www\\projectmahalta\\public\\index.php')
ERROR - 2024-04-23 10:42:52 --> mysqli_sql_exception: Unknown column 'updated_at' in 'field list' in C:\laragon\www\projectmahalta\system\Database\MySQLi\Connection.php:306
Stack trace:
#0 C:\laragon\www\projectmahalta\system\Database\MySQLi\Connection.php(306): mysqli->query('INSERT INTO `fe...', 0)
#1 C:\laragon\www\projectmahalta\system\Database\BaseConnection.php(693): CodeIgniter\Database\MySQLi\Connection->execute('INSERT INTO `fe...')
#2 C:\laragon\www\projectmahalta\system\Database\BaseConnection.php(607): CodeIgniter\Database\BaseConnection->simpleQuery('INSERT INTO `fe...')
#3 C:\laragon\www\projectmahalta\system\Database\BaseBuilder.php(2308): CodeIgniter\Database\BaseConnection->query('INSERT INTO `fe...', Array, false)
#4 C:\laragon\www\projectmahalta\system\Model.php(319): CodeIgniter\Database\BaseBuilder->insert()
#5 C:\laragon\www\projectmahalta\system\BaseModel.php(788): CodeIgniter\Model->doInsert(Array)
#6 C:\laragon\www\projectmahalta\system\Model.php(715): CodeIgniter\BaseModel->insert(Array, true)
#7 C:\laragon\www\projectmahalta\app\Controllers\GuestController.php(1164): CodeIgniter\Model->insert(Array)
#8 C:\laragon\www\projectmahalta\system\CodeIgniter.php(942): App\Controllers\GuestController->submitReview()
#9 C:\laragon\www\projectmahalta\system\CodeIgniter.php(502): CodeIgniter\CodeIgniter->runController(Object(App\Controllers\GuestController))
#10 C:\laragon\www\projectmahalta\system\CodeIgniter.php(361): CodeIgniter\CodeIgniter->handleRequest(NULL, Object(Config\Cache), false)
#11 C:\laragon\www\projectmahalta\public\index.php(79): CodeIgniter\CodeIgniter->run()
#12 C:\laragon\www\projectmahalta\system\Commands\Server\rewrite.php(47): require_once('C:\\laragon\\www\\...')
#13 {main}
CRITICAL - 2024-04-23 10:42:52 --> Unknown column 'updated_at' in 'field list'
in SYSTEMPATH\Database\BaseConnection.php on line 647.
 1 SYSTEMPATH\Database\BaseBuilder.php(2308): CodeIgniter\Database\BaseConnection->query('INSERT INTO `feedback` (`UserID`, `UserRating`, `FeedbackMessage`, `created_at`, `updated_at`) VALUES (:UserID:, :UserRating:, :FeedbackMessage:, :created_at:, :updated_at:)', [...], false)
 2 SYSTEMPATH\Model.php(319): CodeIgniter\Database\BaseBuilder->insert()
 3 SYSTEMPATH\BaseModel.php(788): CodeIgniter\Model->doInsert([...])
 4 SYSTEMPATH\Model.php(715): CodeIgniter\BaseModel->insert([...], true)
 5 APPPATH\Controllers\GuestController.php(1164): CodeIgniter\Model->insert([...])
 6 SYSTEMPATH\CodeIgniter.php(942): App\Controllers\GuestController->submitReview()
 7 SYSTEMPATH\CodeIgniter.php(502): CodeIgniter\CodeIgniter->runController(Object(App\Controllers\GuestController))
 8 SYSTEMPATH\CodeIgniter.php(361): CodeIgniter\CodeIgniter->handleRequest(null, Object(Config\Cache), false)
 9 FCPATH\index.php(79): CodeIgniter\CodeIgniter->run()
10 SYSTEMPATH\Commands\Server\rewrite.php(47): require_once('C:\\laragon\\www\\projectmahalta\\public\\index.php')
ERROR - 2024-04-23 10:42:52 --> mysqli_sql_exception: Unknown column 'updated_at' in 'field list' in C:\laragon\www\projectmahalta\system\Database\MySQLi\Connection.php:306
Stack trace:
#0 C:\laragon\www\projectmahalta\system\Database\MySQLi\Connection.php(306): mysqli->query('INSERT INTO `fe...', 0)
#1 C:\laragon\www\projectmahalta\system\Database\BaseConnection.php(693): CodeIgniter\Database\MySQLi\Connection->execute('INSERT INTO `fe...')
#2 C:\laragon\www\projectmahalta\system\Database\BaseConnection.php(607): CodeIgniter\Database\BaseConnection->simpleQuery('INSERT INTO `fe...')
#3 C:\laragon\www\projectmahalta\system\Database\BaseBuilder.php(2308): CodeIgniter\Database\BaseConnection->query('INSERT INTO `fe...', Array, false)
#4 C:\laragon\www\projectmahalta\system\Model.php(319): CodeIgniter\Database\BaseBuilder->insert()
#5 C:\laragon\www\projectmahalta\system\BaseModel.php(788): CodeIgniter\Model->doInsert(Array)
#6 C:\laragon\www\projectmahalta\system\Model.php(715): CodeIgniter\BaseModel->insert(Array, true)
#7 C:\laragon\www\projectmahalta\app\Controllers\GuestController.php(1164): CodeIgniter\Model->insert(Array)
#8 C:\laragon\www\projectmahalta\system\CodeIgniter.php(942): App\Controllers\GuestController->submitReview()
#9 C:\laragon\www\projectmahalta\system\CodeIgniter.php(502): CodeIgniter\CodeIgniter->runController(Object(App\Controllers\GuestController))
#10 C:\laragon\www\projectmahalta\system\CodeIgniter.php(361): CodeIgniter\CodeIgniter->handleRequest(NULL, Object(Config\Cache), false)
#11 C:\laragon\www\projectmahalta\public\index.php(79): CodeIgniter\CodeIgniter->run()
#12 C:\laragon\www\projectmahalta\system\Commands\Server\rewrite.php(47): require_once('C:\\laragon\\www\\...')
#13 {main}
CRITICAL - 2024-04-23 10:42:52 --> Unknown column 'updated_at' in 'field list'
in SYSTEMPATH\Database\BaseConnection.php on line 647.
 1 SYSTEMPATH\Database\BaseBuilder.php(2308): CodeIgniter\Database\BaseConnection->query('INSERT INTO `feedback` (`UserID`, `UserRating`, `FeedbackMessage`, `created_at`, `updated_at`) VALUES (:UserID:, :UserRating:, :FeedbackMessage:, :created_at:, :updated_at:)', [...], false)
 2 SYSTEMPATH\Model.php(319): CodeIgniter\Database\BaseBuilder->insert()
 3 SYSTEMPATH\BaseModel.php(788): CodeIgniter\Model->doInsert([...])
 4 SYSTEMPATH\Model.php(715): CodeIgniter\BaseModel->insert([...], true)
 5 APPPATH\Controllers\GuestController.php(1164): CodeIgniter\Model->insert([...])
 6 SYSTEMPATH\CodeIgniter.php(942): App\Controllers\GuestController->submitReview()
 7 SYSTEMPATH\CodeIgniter.php(502): CodeIgniter\CodeIgniter->runController(Object(App\Controllers\GuestController))
 8 SYSTEMPATH\CodeIgniter.php(361): CodeIgniter\CodeIgniter->handleRequest(null, Object(Config\Cache), false)
 9 FCPATH\index.php(79): CodeIgniter\CodeIgniter->run()
10 SYSTEMPATH\Commands\Server\rewrite.php(47): require_once('C:\\laragon\\www\\projectmahalta\\public\\index.php')
ERROR - 2024-04-23 10:42:52 --> mysqli_sql_exception: Unknown column 'updated_at' in 'field list' in C:\laragon\www\projectmahalta\system\Database\MySQLi\Connection.php:306
Stack trace:
#0 C:\laragon\www\projectmahalta\system\Database\MySQLi\Connection.php(306): mysqli->query('INSERT INTO `fe...', 0)
#1 C:\laragon\www\projectmahalta\system\Database\BaseConnection.php(693): CodeIgniter\Database\MySQLi\Connection->execute('INSERT INTO `fe...')
#2 C:\laragon\www\projectmahalta\system\Database\BaseConnection.php(607): CodeIgniter\Database\BaseConnection->simpleQuery('INSERT INTO `fe...')
#3 C:\laragon\www\projectmahalta\system\Database\BaseBuilder.php(2308): CodeIgniter\Database\BaseConnection->query('INSERT INTO `fe...', Array, false)
#4 C:\laragon\www\projectmahalta\system\Model.php(319): CodeIgniter\Database\BaseBuilder->insert()
#5 C:\laragon\www\projectmahalta\system\BaseModel.php(788): CodeIgniter\Model->doInsert(Array)
#6 C:\laragon\www\projectmahalta\system\Model.php(715): CodeIgniter\BaseModel->insert(Array, true)
#7 C:\laragon\www\projectmahalta\app\Controllers\GuestController.php(1164): CodeIgniter\Model->insert(Array)
#8 C:\laragon\www\projectmahalta\system\CodeIgniter.php(942): App\Controllers\GuestController->submitReview()
#9 C:\laragon\www\projectmahalta\system\CodeIgniter.php(502): CodeIgniter\CodeIgniter->runController(Object(App\Controllers\GuestController))
#10 C:\laragon\www\projectmahalta\system\CodeIgniter.php(361): CodeIgniter\CodeIgniter->handleRequest(NULL, Object(Config\Cache), false)
#11 C:\laragon\www\projectmahalta\public\index.php(79): CodeIgniter\CodeIgniter->run()
#12 C:\laragon\www\projectmahalta\system\Commands\Server\rewrite.php(47): require_once('C:\\laragon\\www\\...')
#13 {main}
CRITICAL - 2024-04-23 10:42:52 --> Unknown column 'updated_at' in 'field list'
in SYSTEMPATH\Database\BaseConnection.php on line 647.
 1 SYSTEMPATH\Database\BaseBuilder.php(2308): CodeIgniter\Database\BaseConnection->query('INSERT INTO `feedback` (`UserID`, `UserRating`, `FeedbackMessage`, `created_at`, `updated_at`) VALUES (:UserID:, :UserRating:, :FeedbackMessage:, :created_at:, :updated_at:)', [...], false)
 2 SYSTEMPATH\Model.php(319): CodeIgniter\Database\BaseBuilder->insert()
 3 SYSTEMPATH\BaseModel.php(788): CodeIgniter\Model->doInsert([...])
 4 SYSTEMPATH\Model.php(715): CodeIgniter\BaseModel->insert([...], true)
 5 APPPATH\Controllers\GuestController.php(1164): CodeIgniter\Model->insert([...])
 6 SYSTEMPATH\CodeIgniter.php(942): App\Controllers\GuestController->submitReview()
 7 SYSTEMPATH\CodeIgniter.php(502): CodeIgniter\CodeIgniter->runController(Object(App\Controllers\GuestController))
 8 SYSTEMPATH\CodeIgniter.php(361): CodeIgniter\CodeIgniter->handleRequest(null, Object(Config\Cache), false)
 9 FCPATH\index.php(79): CodeIgniter\CodeIgniter->run()
10 SYSTEMPATH\Commands\Server\rewrite.php(47): require_once('C:\\laragon\\www\\projectmahalta\\public\\index.php')
ERROR - 2024-04-23 10:43:14 --> mysqli_sql_exception: Unknown column 'updated_at' in 'field list' in C:\laragon\www\projectmahalta\system\Database\MySQLi\Connection.php:306
Stack trace:
#0 C:\laragon\www\projectmahalta\system\Database\MySQLi\Connection.php(306): mysqli->query('INSERT INTO `fe...', 0)
#1 C:\laragon\www\projectmahalta\system\Database\BaseConnection.php(693): CodeIgniter\Database\MySQLi\Connection->execute('INSERT INTO `fe...')
#2 C:\laragon\www\projectmahalta\system\Database\BaseConnection.php(607): CodeIgniter\Database\BaseConnection->simpleQuery('INSERT INTO `fe...')
#3 C:\laragon\www\projectmahalta\system\Database\BaseBuilder.php(2308): CodeIgniter\Database\BaseConnection->query('INSERT INTO `fe...', Array, false)
#4 C:\laragon\www\projectmahalta\system\Model.php(319): CodeIgniter\Database\BaseBuilder->insert()
#5 C:\laragon\www\projectmahalta\system\BaseModel.php(788): CodeIgniter\Model->doInsert(Array)
#6 C:\laragon\www\projectmahalta\system\Model.php(715): CodeIgniter\BaseModel->insert(Array, true)
#7 C:\laragon\www\projectmahalta\app\Controllers\GuestController.php(1164): CodeIgniter\Model->insert(Array)
#8 C:\laragon\www\projectmahalta\system\CodeIgniter.php(942): App\Controllers\GuestController->submitReview()
#9 C:\laragon\www\projectmahalta\system\CodeIgniter.php(502): CodeIgniter\CodeIgniter->runController(Object(App\Controllers\GuestController))
#10 C:\laragon\www\projectmahalta\system\CodeIgniter.php(361): CodeIgniter\CodeIgniter->handleRequest(NULL, Object(Config\Cache), false)
#11 C:\laragon\www\projectmahalta\public\index.php(79): CodeIgniter\CodeIgniter->run()
#12 C:\laragon\www\projectmahalta\system\Commands\Server\rewrite.php(47): require_once('C:\\laragon\\www\\...')
#13 {main}
CRITICAL - 2024-04-23 10:43:14 --> Unknown column 'updated_at' in 'field list'
in SYSTEMPATH\Database\BaseConnection.php on line 647.
 1 SYSTEMPATH\Database\BaseBuilder.php(2308): CodeIgniter\Database\BaseConnection->query('INSERT INTO `feedback` (`UserID`, `UserRating`, `FeedbackMessage`, `created_at`, `updated_at`) VALUES (:UserID:, :UserRating:, :FeedbackMessage:, :created_at:, :updated_at:)', [...], false)
 2 SYSTEMPATH\Model.php(319): CodeIgniter\Database\BaseBuilder->insert()
 3 SYSTEMPATH\BaseModel.php(788): CodeIgniter\Model->doInsert([...])
 4 SYSTEMPATH\Model.php(715): CodeIgniter\BaseModel->insert([...], true)
 5 APPPATH\Controllers\GuestController.php(1164): CodeIgniter\Model->insert([...])
 6 SYSTEMPATH\CodeIgniter.php(942): App\Controllers\GuestController->submitReview()
 7 SYSTEMPATH\CodeIgniter.php(502): CodeIgniter\CodeIgniter->runController(Object(App\Controllers\GuestController))
 8 SYSTEMPATH\CodeIgniter.php(361): CodeIgniter\CodeIgniter->handleRequest(null, Object(Config\Cache), false)
 9 FCPATH\index.php(79): CodeIgniter\CodeIgniter->run()
10 SYSTEMPATH\Commands\Server\rewrite.php(47): require_once('C:\\laragon\\www\\projectmahalta\\public\\index.php')
ERROR - 2024-04-23 10:43:14 --> mysqli_sql_exception: Unknown column 'updated_at' in 'field list' in C:\laragon\www\projectmahalta\system\Database\MySQLi\Connection.php:306
Stack trace:
#0 C:\laragon\www\projectmahalta\system\Database\MySQLi\Connection.php(306): mysqli->query('INSERT INTO `fe...', 0)
#1 C:\laragon\www\projectmahalta\system\Database\BaseConnection.php(693): CodeIgniter\Database\MySQLi\Connection->execute('INSERT INTO `fe...')
#2 C:\laragon\www\projectmahalta\system\Database\BaseConnection.php(607): CodeIgniter\Database\BaseConnection->simpleQuery('INSERT INTO `fe...')
#3 C:\laragon\www\projectmahalta\system\Database\BaseBuilder.php(2308): CodeIgniter\Database\BaseConnection->query('INSERT INTO `fe...', Array, false)
#4 C:\laragon\www\projectmahalta\system\Model.php(319): CodeIgniter\Database\BaseBuilder->insert()
#5 C:\laragon\www\projectmahalta\system\BaseModel.php(788): CodeIgniter\Model->doInsert(Array)
#6 C:\laragon\www\projectmahalta\system\Model.php(715): CodeIgniter\BaseModel->insert(Array, true)
#7 C:\laragon\www\projectmahalta\app\Controllers\GuestController.php(1164): CodeIgniter\Model->insert(Array)
#8 C:\laragon\www\projectmahalta\system\CodeIgniter.php(942): App\Controllers\GuestController->submitReview()
#9 C:\laragon\www\projectmahalta\system\CodeIgniter.php(502): CodeIgniter\CodeIgniter->runController(Object(App\Controllers\GuestController))
#10 C:\laragon\www\projectmahalta\system\CodeIgniter.php(361): CodeIgniter\CodeIgniter->handleRequest(NULL, Object(Config\Cache), false)
#11 C:\laragon\www\projectmahalta\public\index.php(79): CodeIgniter\CodeIgniter->run()
#12 C:\laragon\www\projectmahalta\system\Commands\Server\rewrite.php(47): require_once('C:\\laragon\\www\\...')
#13 {main}
CRITICAL - 2024-04-23 10:43:14 --> Unknown column 'updated_at' in 'field list'
in SYSTEMPATH\Database\BaseConnection.php on line 647.
 1 SYSTEMPATH\Database\BaseBuilder.php(2308): CodeIgniter\Database\BaseConnection->query('INSERT INTO `feedback` (`UserID`, `UserRating`, `FeedbackMessage`, `created_at`, `updated_at`) VALUES (:UserID:, :UserRating:, :FeedbackMessage:, :created_at:, :updated_at:)', [...], false)
 2 SYSTEMPATH\Model.php(319): CodeIgniter\Database\BaseBuilder->insert()
 3 SYSTEMPATH\BaseModel.php(788): CodeIgniter\Model->doInsert([...])
 4 SYSTEMPATH\Model.php(715): CodeIgniter\BaseModel->insert([...], true)
 5 APPPATH\Controllers\GuestController.php(1164): CodeIgniter\Model->insert([...])
 6 SYSTEMPATH\CodeIgniter.php(942): App\Controllers\GuestController->submitReview()
 7 SYSTEMPATH\CodeIgniter.php(502): CodeIgniter\CodeIgniter->runController(Object(App\Controllers\GuestController))
 8 SYSTEMPATH\CodeIgniter.php(361): CodeIgniter\CodeIgniter->handleRequest(null, Object(Config\Cache), false)
 9 FCPATH\index.php(79): CodeIgniter\CodeIgniter->run()
10 SYSTEMPATH\Commands\Server\rewrite.php(47): require_once('C:\\laragon\\www\\projectmahalta\\public\\index.php')
ERROR - 2024-04-23 10:43:14 --> mysqli_sql_exception: Unknown column 'updated_at' in 'field list' in C:\laragon\www\projectmahalta\system\Database\MySQLi\Connection.php:306
Stack trace:
#0 C:\laragon\www\projectmahalta\system\Database\MySQLi\Connection.php(306): mysqli->query('INSERT INTO `fe...', 0)
#1 C:\laragon\www\projectmahalta\system\Database\BaseConnection.php(693): CodeIgniter\Database\MySQLi\Connection->execute('INSERT INTO `fe...')
#2 C:\laragon\www\projectmahalta\system\Database\BaseConnection.php(607): CodeIgniter\Database\BaseConnection->simpleQuery('INSERT INTO `fe...')
#3 C:\laragon\www\projectmahalta\system\Database\BaseBuilder.php(2308): CodeIgniter\Database\BaseConnection->query('INSERT INTO `fe...', Array, false)
#4 C:\laragon\www\projectmahalta\system\Model.php(319): CodeIgniter\Database\BaseBuilder->insert()
#5 C:\laragon\www\projectmahalta\system\BaseModel.php(788): CodeIgniter\Model->doInsert(Array)
#6 C:\laragon\www\projectmahalta\system\Model.php(715): CodeIgniter\BaseModel->insert(Array, true)
#7 C:\laragon\www\projectmahalta\app\Controllers\GuestController.php(1164): CodeIgniter\Model->insert(Array)
#8 C:\laragon\www\projectmahalta\system\CodeIgniter.php(942): App\Controllers\GuestController->submitReview()
#9 C:\laragon\www\projectmahalta\system\CodeIgniter.php(502): CodeIgniter\CodeIgniter->runController(Object(App\Controllers\GuestController))
#10 C:\laragon\www\projectmahalta\system\CodeIgniter.php(361): CodeIgniter\CodeIgniter->handleRequest(NULL, Object(Config\Cache), false)
#11 C:\laragon\www\projectmahalta\public\index.php(79): CodeIgniter\CodeIgniter->run()
#12 C:\laragon\www\projectmahalta\system\Commands\Server\rewrite.php(47): require_once('C:\\laragon\\www\\...')
#13 {main}
CRITICAL - 2024-04-23 10:43:14 --> Unknown column 'updated_at' in 'field list'
in SYSTEMPATH\Database\BaseConnection.php on line 647.
 1 SYSTEMPATH\Database\BaseBuilder.php(2308): CodeIgniter\Database\BaseConnection->query('INSERT INTO `feedback` (`UserID`, `UserRating`, `FeedbackMessage`, `created_at`, `updated_at`) VALUES (:UserID:, :UserRating:, :FeedbackMessage:, :created_at:, :updated_at:)', [...], false)
 2 SYSTEMPATH\Model.php(319): CodeIgniter\Database\BaseBuilder->insert()
 3 SYSTEMPATH\BaseModel.php(788): CodeIgniter\Model->doInsert([...])
 4 SYSTEMPATH\Model.php(715): CodeIgniter\BaseModel->insert([...], true)
 5 APPPATH\Controllers\GuestController.php(1164): CodeIgniter\Model->insert([...])
 6 SYSTEMPATH\CodeIgniter.php(942): App\Controllers\GuestController->submitReview()
 7 SYSTEMPATH\CodeIgniter.php(502): CodeIgniter\CodeIgniter->runController(Object(App\Controllers\GuestController))
 8 SYSTEMPATH\CodeIgniter.php(361): CodeIgniter\CodeIgniter->handleRequest(null, Object(Config\Cache), false)
 9 FCPATH\index.php(79): CodeIgniter\CodeIgniter->run()
10 SYSTEMPATH\Commands\Server\rewrite.php(47): require_once('C:\\laragon\\www\\projectmahalta\\public\\index.php')
ERROR - 2024-04-23 10:43:15 --> mysqli_sql_exception: Unknown column 'updated_at' in 'field list' in C:\laragon\www\projectmahalta\system\Database\MySQLi\Connection.php:306
Stack trace:
#0 C:\laragon\www\projectmahalta\system\Database\MySQLi\Connection.php(306): mysqli->query('INSERT INTO `fe...', 0)
#1 C:\laragon\www\projectmahalta\system\Database\BaseConnection.php(693): CodeIgniter\Database\MySQLi\Connection->execute('INSERT INTO `fe...')
#2 C:\laragon\www\projectmahalta\system\Database\BaseConnection.php(607): CodeIgniter\Database\BaseConnection->simpleQuery('INSERT INTO `fe...')
#3 C:\laragon\www\projectmahalta\system\Database\BaseBuilder.php(2308): CodeIgniter\Database\BaseConnection->query('INSERT INTO `fe...', Array, false)
#4 C:\laragon\www\projectmahalta\system\Model.php(319): CodeIgniter\Database\BaseBuilder->insert()
#5 C:\laragon\www\projectmahalta\system\BaseModel.php(788): CodeIgniter\Model->doInsert(Array)
#6 C:\laragon\www\projectmahalta\system\Model.php(715): CodeIgniter\BaseModel->insert(Array, true)
#7 C:\laragon\www\projectmahalta\app\Controllers\GuestController.php(1164): CodeIgniter\Model->insert(Array)
#8 C:\laragon\www\projectmahalta\system\CodeIgniter.php(942): App\Controllers\GuestController->submitReview()
#9 C:\laragon\www\projectmahalta\system\CodeIgniter.php(502): CodeIgniter\CodeIgniter->runController(Object(App\Controllers\GuestController))
#10 C:\laragon\www\projectmahalta\system\CodeIgniter.php(361): CodeIgniter\CodeIgniter->handleRequest(NULL, Object(Config\Cache), false)
#11 C:\laragon\www\projectmahalta\public\index.php(79): CodeIgniter\CodeIgniter->run()
#12 C:\laragon\www\projectmahalta\system\Commands\Server\rewrite.php(47): require_once('C:\\laragon\\www\\...')
#13 {main}
CRITICAL - 2024-04-23 10:43:15 --> Unknown column 'updated_at' in 'field list'
in SYSTEMPATH\Database\BaseConnection.php on line 647.
 1 SYSTEMPATH\Database\BaseBuilder.php(2308): CodeIgniter\Database\BaseConnection->query('INSERT INTO `feedback` (`UserID`, `UserRating`, `FeedbackMessage`, `created_at`, `updated_at`) VALUES (:UserID:, :UserRating:, :FeedbackMessage:, :created_at:, :updated_at:)', [...], false)
 2 SYSTEMPATH\Model.php(319): CodeIgniter\Database\BaseBuilder->insert()
 3 SYSTEMPATH\BaseModel.php(788): CodeIgniter\Model->doInsert([...])
 4 SYSTEMPATH\Model.php(715): CodeIgniter\BaseModel->insert([...], true)
 5 APPPATH\Controllers\GuestController.php(1164): CodeIgniter\Model->insert([...])
 6 SYSTEMPATH\CodeIgniter.php(942): App\Controllers\GuestController->submitReview()
 7 SYSTEMPATH\CodeIgniter.php(502): CodeIgniter\CodeIgniter->runController(Object(App\Controllers\GuestController))
 8 SYSTEMPATH\CodeIgniter.php(361): CodeIgniter\CodeIgniter->handleRequest(null, Object(Config\Cache), false)
 9 FCPATH\index.php(79): CodeIgniter\CodeIgniter->run()
10 SYSTEMPATH\Commands\Server\rewrite.php(47): require_once('C:\\laragon\\www\\projectmahalta\\public\\index.php')
ERROR - 2024-04-23 10:43:15 --> mysqli_sql_exception: Unknown column 'updated_at' in 'field list' in C:\laragon\www\projectmahalta\system\Database\MySQLi\Connection.php:306
Stack trace:
#0 C:\laragon\www\projectmahalta\system\Database\MySQLi\Connection.php(306): mysqli->query('INSERT INTO `fe...', 0)
#1 C:\laragon\www\projectmahalta\system\Database\BaseConnection.php(693): CodeIgniter\Database\MySQLi\Connection->execute('INSERT INTO `fe...')
#2 C:\laragon\www\projectmahalta\system\Database\BaseConnection.php(607): CodeIgniter\Database\BaseConnection->simpleQuery('INSERT INTO `fe...')
#3 C:\laragon\www\projectmahalta\system\Database\BaseBuilder.php(2308): CodeIgniter\Database\BaseConnection->query('INSERT INTO `fe...', Array, false)
#4 C:\laragon\www\projectmahalta\system\Model.php(319): CodeIgniter\Database\BaseBuilder->insert()
#5 C:\laragon\www\projectmahalta\system\BaseModel.php(788): CodeIgniter\Model->doInsert(Array)
#6 C:\laragon\www\projectmahalta\system\Model.php(715): CodeIgniter\BaseModel->insert(Array, true)
#7 C:\laragon\www\projectmahalta\app\Controllers\GuestController.php(1164): CodeIgniter\Model->insert(Array)
#8 C:\laragon\www\projectmahalta\system\CodeIgniter.php(942): App\Controllers\GuestController->submitReview()
#9 C:\laragon\www\projectmahalta\system\CodeIgniter.php(502): CodeIgniter\CodeIgniter->runController(Object(App\Controllers\GuestController))
#10 C:\laragon\www\projectmahalta\system\CodeIgniter.php(361): CodeIgniter\CodeIgniter->handleRequest(NULL, Object(Config\Cache), false)
#11 C:\laragon\www\projectmahalta\public\index.php(79): CodeIgniter\CodeIgniter->run()
#12 C:\laragon\www\projectmahalta\system\Commands\Server\rewrite.php(47): require_once('C:\\laragon\\www\\...')
#13 {main}
CRITICAL - 2024-04-23 10:43:15 --> Unknown column 'updated_at' in 'field list'
in SYSTEMPATH\Database\BaseConnection.php on line 647.
 1 SYSTEMPATH\Database\BaseBuilder.php(2308): CodeIgniter\Database\BaseConnection->query('INSERT INTO `feedback` (`UserID`, `UserRating`, `FeedbackMessage`, `created_at`, `updated_at`) VALUES (:UserID:, :UserRating:, :FeedbackMessage:, :created_at:, :updated_at:)', [...], false)
 2 SYSTEMPATH\Model.php(319): CodeIgniter\Database\BaseBuilder->insert()
 3 SYSTEMPATH\BaseModel.php(788): CodeIgniter\Model->doInsert([...])
 4 SYSTEMPATH\Model.php(715): CodeIgniter\BaseModel->insert([...], true)
 5 APPPATH\Controllers\GuestController.php(1164): CodeIgniter\Model->insert([...])
 6 SYSTEMPATH\CodeIgniter.php(942): App\Controllers\GuestController->submitReview()
 7 SYSTEMPATH\CodeIgniter.php(502): CodeIgniter\CodeIgniter->runController(Object(App\Controllers\GuestController))
 8 SYSTEMPATH\CodeIgniter.php(361): CodeIgniter\CodeIgniter->handleRequest(null, Object(Config\Cache), false)
 9 FCPATH\index.php(79): CodeIgniter\CodeIgniter->run()
10 SYSTEMPATH\Commands\Server\rewrite.php(47): require_once('C:\\laragon\\www\\projectmahalta\\public\\index.php')
ERROR - 2024-04-23 10:43:27 --> mysqli_sql_exception: Unknown column 'updated_at' in 'field list' in C:\laragon\www\projectmahalta\system\Database\MySQLi\Connection.php:306
Stack trace:
#0 C:\laragon\www\projectmahalta\system\Database\MySQLi\Connection.php(306): mysqli->query('INSERT INTO `fe...', 0)
#1 C:\laragon\www\projectmahalta\system\Database\BaseConnection.php(693): CodeIgniter\Database\MySQLi\Connection->execute('INSERT INTO `fe...')
#2 C:\laragon\www\projectmahalta\system\Database\BaseConnection.php(607): CodeIgniter\Database\BaseConnection->simpleQuery('INSERT INTO `fe...')
#3 C:\laragon\www\projectmahalta\system\Database\BaseBuilder.php(2308): CodeIgniter\Database\BaseConnection->query('INSERT INTO `fe...', Array, false)
#4 C:\laragon\www\projectmahalta\system\Model.php(319): CodeIgniter\Database\BaseBuilder->insert()
#5 C:\laragon\www\projectmahalta\system\BaseModel.php(788): CodeIgniter\Model->doInsert(Array)
#6 C:\laragon\www\projectmahalta\system\Model.php(715): CodeIgniter\BaseModel->insert(Array, true)
#7 C:\laragon\www\projectmahalta\app\Controllers\GuestController.php(1164): CodeIgniter\Model->insert(Array)
#8 C:\laragon\www\projectmahalta\system\CodeIgniter.php(942): App\Controllers\GuestController->submitReview()
#9 C:\laragon\www\projectmahalta\system\CodeIgniter.php(502): CodeIgniter\CodeIgniter->runController(Object(App\Controllers\GuestController))
#10 C:\laragon\www\projectmahalta\system\CodeIgniter.php(361): CodeIgniter\CodeIgniter->handleRequest(NULL, Object(Config\Cache), false)
#11 C:\laragon\www\projectmahalta\public\index.php(79): CodeIgniter\CodeIgniter->run()
#12 C:\laragon\www\projectmahalta\system\Commands\Server\rewrite.php(47): require_once('C:\\laragon\\www\\...')
#13 {main}
CRITICAL - 2024-04-23 10:43:27 --> Unknown column 'updated_at' in 'field list'
in SYSTEMPATH\Database\BaseConnection.php on line 647.
 1 SYSTEMPATH\Database\BaseBuilder.php(2308): CodeIgniter\Database\BaseConnection->query('INSERT INTO `feedback` (`UserID`, `UserRating`, `FeedbackMessage`, `created_at`, `updated_at`) VALUES (:UserID:, :UserRating:, :FeedbackMessage:, :created_at:, :updated_at:)', [...], false)
 2 SYSTEMPATH\Model.php(319): CodeIgniter\Database\BaseBuilder->insert()
 3 SYSTEMPATH\BaseModel.php(788): CodeIgniter\Model->doInsert([...])
 4 SYSTEMPATH\Model.php(715): CodeIgniter\BaseModel->insert([...], true)
 5 APPPATH\Controllers\GuestController.php(1164): CodeIgniter\Model->insert([...])
 6 SYSTEMPATH\CodeIgniter.php(942): App\Controllers\GuestController->submitReview()
 7 SYSTEMPATH\CodeIgniter.php(502): CodeIgniter\CodeIgniter->runController(Object(App\Controllers\GuestController))
 8 SYSTEMPATH\CodeIgniter.php(361): CodeIgniter\CodeIgniter->handleRequest(null, Object(Config\Cache), false)
 9 FCPATH\index.php(79): CodeIgniter\CodeIgniter->run()
10 SYSTEMPATH\Commands\Server\rewrite.php(47): require_once('C:\\laragon\\www\\projectmahalta\\public\\index.php')
ERROR - 2024-04-23 10:49:05 --> mysqli_sql_exception: Unknown column 'updated_at' in 'field list' in C:\laragon\www\projectmahalta\system\Database\MySQLi\Connection.php:306
Stack trace:
#0 C:\laragon\www\projectmahalta\system\Database\MySQLi\Connection.php(306): mysqli->query('INSERT INTO `fe...', 0)
#1 C:\laragon\www\projectmahalta\system\Database\BaseConnection.php(693): CodeIgniter\Database\MySQLi\Connection->execute('INSERT INTO `fe...')
#2 C:\laragon\www\projectmahalta\system\Database\BaseConnection.php(607): CodeIgniter\Database\BaseConnection->simpleQuery('INSERT INTO `fe...')
#3 C:\laragon\www\projectmahalta\system\Database\BaseBuilder.php(2308): CodeIgniter\Database\BaseConnection->query('INSERT INTO `fe...', Array, false)
#4 C:\laragon\www\projectmahalta\system\Model.php(319): CodeIgniter\Database\BaseBuilder->insert()
#5 C:\laragon\www\projectmahalta\system\BaseModel.php(788): CodeIgniter\Model->doInsert(Array)
#6 C:\laragon\www\projectmahalta\system\Model.php(715): CodeIgniter\BaseModel->insert(Array, true)
#7 C:\laragon\www\projectmahalta\app\Controllers\GuestController.php(1164): CodeIgniter\Model->insert(Array)
#8 C:\laragon\www\projectmahalta\system\CodeIgniter.php(942): App\Controllers\GuestController->submitReview()
#9 C:\laragon\www\projectmahalta\system\CodeIgniter.php(502): CodeIgniter\CodeIgniter->runController(Object(App\Controllers\GuestController))
#10 C:\laragon\www\projectmahalta\system\CodeIgniter.php(361): CodeIgniter\CodeIgniter->handleRequest(NULL, Object(Config\Cache), false)
#11 C:\laragon\www\projectmahalta\public\index.php(79): CodeIgniter\CodeIgniter->run()
#12 C:\laragon\www\projectmahalta\system\Commands\Server\rewrite.php(47): require_once('C:\\laragon\\www\\...')
#13 {main}
CRITICAL - 2024-04-23 10:49:05 --> Unknown column 'updated_at' in 'field list'
in SYSTEMPATH\Database\BaseConnection.php on line 647.
 1 SYSTEMPATH\Database\BaseBuilder.php(2308): CodeIgniter\Database\BaseConnection->query('INSERT INTO `feedback` (`UserID`, `UserRating`, `FeedbackMessage`, `created_at`, `updated_at`) VALUES (:UserID:, :UserRating:, :FeedbackMessage:, :created_at:, :updated_at:)', [...], false)
 2 SYSTEMPATH\Model.php(319): CodeIgniter\Database\BaseBuilder->insert()
 3 SYSTEMPATH\BaseModel.php(788): CodeIgniter\Model->doInsert([...])
 4 SYSTEMPATH\Model.php(715): CodeIgniter\BaseModel->insert([...], true)
 5 APPPATH\Controllers\GuestController.php(1164): CodeIgniter\Model->insert([...])
 6 SYSTEMPATH\CodeIgniter.php(942): App\Controllers\GuestController->submitReview()
 7 SYSTEMPATH\CodeIgniter.php(502): CodeIgniter\CodeIgniter->runController(Object(App\Controllers\GuestController))
 8 SYSTEMPATH\CodeIgniter.php(361): CodeIgniter\CodeIgniter->handleRequest(null, Object(Config\Cache), false)
 9 FCPATH\index.php(79): CodeIgniter\CodeIgniter->run()
10 SYSTEMPATH\Commands\Server\rewrite.php(47): require_once('C:\\laragon\\www\\projectmahalta\\public\\index.php')
ERROR - 2024-04-23 10:49:19 --> mysqli_sql_exception: Unknown column 'updated_at' in 'field list' in C:\laragon\www\projectmahalta\system\Database\MySQLi\Connection.php:306
Stack trace:
#0 C:\laragon\www\projectmahalta\system\Database\MySQLi\Connection.php(306): mysqli->query('INSERT INTO `fe...', 0)
#1 C:\laragon\www\projectmahalta\system\Database\BaseConnection.php(693): CodeIgniter\Database\MySQLi\Connection->execute('INSERT INTO `fe...')
#2 C:\laragon\www\projectmahalta\system\Database\BaseConnection.php(607): CodeIgniter\Database\BaseConnection->simpleQuery('INSERT INTO `fe...')
#3 C:\laragon\www\projectmahalta\system\Database\BaseBuilder.php(2308): CodeIgniter\Database\BaseConnection->query('INSERT INTO `fe...', Array, false)
#4 C:\laragon\www\projectmahalta\system\Model.php(319): CodeIgniter\Database\BaseBuilder->insert()
#5 C:\laragon\www\projectmahalta\system\BaseModel.php(788): CodeIgniter\Model->doInsert(Array)
#6 C:\laragon\www\projectmahalta\system\Model.php(715): CodeIgniter\BaseModel->insert(Array, true)
#7 C:\laragon\www\projectmahalta\app\Controllers\GuestController.php(1164): CodeIgniter\Model->insert(Array)
#8 C:\laragon\www\projectmahalta\system\CodeIgniter.php(942): App\Controllers\GuestController->submitReview()
#9 C:\laragon\www\projectmahalta\system\CodeIgniter.php(502): CodeIgniter\CodeIgniter->runController(Object(App\Controllers\GuestController))
#10 C:\laragon\www\projectmahalta\system\CodeIgniter.php(361): CodeIgniter\CodeIgniter->handleRequest(NULL, Object(Config\Cache), false)
#11 C:\laragon\www\projectmahalta\public\index.php(79): CodeIgniter\CodeIgniter->run()
#12 C:\laragon\www\projectmahalta\system\Commands\Server\rewrite.php(47): require_once('C:\\laragon\\www\\...')
#13 {main}
CRITICAL - 2024-04-23 10:49:19 --> Unknown column 'updated_at' in 'field list'
in SYSTEMPATH\Database\BaseConnection.php on line 647.
 1 SYSTEMPATH\Database\BaseBuilder.php(2308): CodeIgniter\Database\BaseConnection->query('INSERT INTO `feedback` (`UserID`, `UserRating`, `FeedbackMessage`, `created_at`, `updated_at`) VALUES (:UserID:, :UserRating:, :FeedbackMessage:, :created_at:, :updated_at:)', [...], false)
 2 SYSTEMPATH\Model.php(319): CodeIgniter\Database\BaseBuilder->insert()
 3 SYSTEMPATH\BaseModel.php(788): CodeIgniter\Model->doInsert([...])
 4 SYSTEMPATH\Model.php(715): CodeIgniter\BaseModel->insert([...], true)
 5 APPPATH\Controllers\GuestController.php(1164): CodeIgniter\Model->insert([...])
 6 SYSTEMPATH\CodeIgniter.php(942): App\Controllers\GuestController->submitReview()
 7 SYSTEMPATH\CodeIgniter.php(502): CodeIgniter\CodeIgniter->runController(Object(App\Controllers\GuestController))
 8 SYSTEMPATH\CodeIgniter.php(361): CodeIgniter\CodeIgniter->handleRequest(null, Object(Config\Cache), false)
 9 FCPATH\index.php(79): CodeIgniter\CodeIgniter->run()
10 SYSTEMPATH\Commands\Server\rewrite.php(47): require_once('C:\\laragon\\www\\projectmahalta\\public\\index.php')
ERROR - 2024-04-23 10:52:18 --> mysqli_sql_exception: Unknown column 'updated_at' in 'field list' in C:\laragon\www\projectmahalta\system\Database\MySQLi\Connection.php:306
Stack trace:
#0 C:\laragon\www\projectmahalta\system\Database\MySQLi\Connection.php(306): mysqli->query('INSERT INTO `fe...', 0)
#1 C:\laragon\www\projectmahalta\system\Database\BaseConnection.php(693): CodeIgniter\Database\MySQLi\Connection->execute('INSERT INTO `fe...')
#2 C:\laragon\www\projectmahalta\system\Database\BaseConnection.php(607): CodeIgniter\Database\BaseConnection->simpleQuery('INSERT INTO `fe...')
#3 C:\laragon\www\projectmahalta\system\Database\BaseBuilder.php(2308): CodeIgniter\Database\BaseConnection->query('INSERT INTO `fe...', Array, false)
#4 C:\laragon\www\projectmahalta\system\Model.php(319): CodeIgniter\Database\BaseBuilder->insert()
#5 C:\laragon\www\projectmahalta\system\BaseModel.php(788): CodeIgniter\Model->doInsert(Array)
#6 C:\laragon\www\projectmahalta\system\Model.php(715): CodeIgniter\BaseModel->insert(Array, true)
#7 C:\laragon\www\projectmahalta\app\Controllers\GuestController.php(1164): CodeIgniter\Model->insert(Array)
#8 C:\laragon\www\projectmahalta\system\CodeIgniter.php(942): App\Controllers\GuestController->submitReview()
#9 C:\laragon\www\projectmahalta\system\CodeIgniter.php(502): CodeIgniter\CodeIgniter->runController(Object(App\Controllers\GuestController))
#10 C:\laragon\www\projectmahalta\system\CodeIgniter.php(361): CodeIgniter\CodeIgniter->handleRequest(NULL, Object(Config\Cache), false)
#11 C:\laragon\www\projectmahalta\public\index.php(79): CodeIgniter\CodeIgniter->run()
#12 C:\laragon\www\projectmahalta\system\Commands\Server\rewrite.php(47): require_once('C:\\laragon\\www\\...')
#13 {main}
CRITICAL - 2024-04-23 10:52:18 --> Unknown column 'updated_at' in 'field list'
in SYSTEMPATH\Database\BaseConnection.php on line 647.
 1 SYSTEMPATH\Database\BaseBuilder.php(2308): CodeIgniter\Database\BaseConnection->query('INSERT INTO `feedback` (`UserID`, `UserRating`, `FeedbackMessage`, `created_at`, `updated_at`) VALUES (:UserID:, :UserRating:, :FeedbackMessage:, :created_at:, :updated_at:)', [...], false)
 2 SYSTEMPATH\Model.php(319): CodeIgniter\Database\BaseBuilder->insert()
 3 SYSTEMPATH\BaseModel.php(788): CodeIgniter\Model->doInsert([...])
 4 SYSTEMPATH\Model.php(715): CodeIgniter\BaseModel->insert([...], true)
 5 APPPATH\Controllers\GuestController.php(1164): CodeIgniter\Model->insert([...])
 6 SYSTEMPATH\CodeIgniter.php(942): App\Controllers\GuestController->submitReview()
 7 SYSTEMPATH\CodeIgniter.php(502): CodeIgniter\CodeIgniter->runController(Object(App\Controllers\GuestController))
 8 SYSTEMPATH\CodeIgniter.php(361): CodeIgniter\CodeIgniter->handleRequest(null, Object(Config\Cache), false)
 9 FCPATH\index.php(79): CodeIgniter\CodeIgniter->run()
10 SYSTEMPATH\Commands\Server\rewrite.php(47): require_once('C:\\laragon\\www\\projectmahalta\\public\\index.php')
ERROR - 2024-04-23 10:52:27 --> mysqli_sql_exception: Unknown column 'updated_at' in 'field list' in C:\laragon\www\projectmahalta\system\Database\MySQLi\Connection.php:306
Stack trace:
#0 C:\laragon\www\projectmahalta\system\Database\MySQLi\Connection.php(306): mysqli->query('INSERT INTO `fe...', 0)
#1 C:\laragon\www\projectmahalta\system\Database\BaseConnection.php(693): CodeIgniter\Database\MySQLi\Connection->execute('INSERT INTO `fe...')
#2 C:\laragon\www\projectmahalta\system\Database\BaseConnection.php(607): CodeIgniter\Database\BaseConnection->simpleQuery('INSERT INTO `fe...')
#3 C:\laragon\www\projectmahalta\system\Database\BaseBuilder.php(2308): CodeIgniter\Database\BaseConnection->query('INSERT INTO `fe...', Array, false)
#4 C:\laragon\www\projectmahalta\system\Model.php(319): CodeIgniter\Database\BaseBuilder->insert()
#5 C:\laragon\www\projectmahalta\system\BaseModel.php(788): CodeIgniter\Model->doInsert(Array)
#6 C:\laragon\www\projectmahalta\system\Model.php(715): CodeIgniter\BaseModel->insert(Array, true)
#7 C:\laragon\www\projectmahalta\app\Controllers\GuestController.php(1164): CodeIgniter\Model->insert(Array)
#8 C:\laragon\www\projectmahalta\system\CodeIgniter.php(942): App\Controllers\GuestController->submitReview()
#9 C:\laragon\www\projectmahalta\system\CodeIgniter.php(502): CodeIgniter\CodeIgniter->runController(Object(App\Controllers\GuestController))
#10 C:\laragon\www\projectmahalta\system\CodeIgniter.php(361): CodeIgniter\CodeIgniter->handleRequest(NULL, Object(Config\Cache), false)
#11 C:\laragon\www\projectmahalta\public\index.php(79): CodeIgniter\CodeIgniter->run()
#12 C:\laragon\www\projectmahalta\system\Commands\Server\rewrite.php(47): require_once('C:\\laragon\\www\\...')
#13 {main}
CRITICAL - 2024-04-23 10:52:27 --> Unknown column 'updated_at' in 'field list'
in SYSTEMPATH\Database\BaseConnection.php on line 647.
 1 SYSTEMPATH\Database\BaseBuilder.php(2308): CodeIgniter\Database\BaseConnection->query('INSERT INTO `feedback` (`UserID`, `UserRating`, `FeedbackMessage`, `created_at`, `updated_at`) VALUES (:UserID:, :UserRating:, :FeedbackMessage:, :created_at:, :updated_at:)', [...], false)
 2 SYSTEMPATH\Model.php(319): CodeIgniter\Database\BaseBuilder->insert()
 3 SYSTEMPATH\BaseModel.php(788): CodeIgniter\Model->doInsert([...])
 4 SYSTEMPATH\Model.php(715): CodeIgniter\BaseModel->insert([...], true)
 5 APPPATH\Controllers\GuestController.php(1164): CodeIgniter\Model->insert([...])
 6 SYSTEMPATH\CodeIgniter.php(942): App\Controllers\GuestController->submitReview()
 7 SYSTEMPATH\CodeIgniter.php(502): CodeIgniter\CodeIgniter->runController(Object(App\Controllers\GuestController))
 8 SYSTEMPATH\CodeIgniter.php(361): CodeIgniter\CodeIgniter->handleRequest(null, Object(Config\Cache), false)
 9 FCPATH\index.php(79): CodeIgniter\CodeIgniter->run()
10 SYSTEMPATH\Commands\Server\rewrite.php(47): require_once('C:\\laragon\\www\\projectmahalta\\public\\index.php')
ERROR - 2024-04-23 10:52:30 --> mysqli_sql_exception: Unknown column 'updated_at' in 'field list' in C:\laragon\www\projectmahalta\system\Database\MySQLi\Connection.php:306
Stack trace:
#0 C:\laragon\www\projectmahalta\system\Database\MySQLi\Connection.php(306): mysqli->query('INSERT INTO `fe...', 0)
#1 C:\laragon\www\projectmahalta\system\Database\BaseConnection.php(693): CodeIgniter\Database\MySQLi\Connection->execute('INSERT INTO `fe...')
#2 C:\laragon\www\projectmahalta\system\Database\BaseConnection.php(607): CodeIgniter\Database\BaseConnection->simpleQuery('INSERT INTO `fe...')
#3 C:\laragon\www\projectmahalta\system\Database\BaseBuilder.php(2308): CodeIgniter\Database\BaseConnection->query('INSERT INTO `fe...', Array, false)
#4 C:\laragon\www\projectmahalta\system\Model.php(319): CodeIgniter\Database\BaseBuilder->insert()
#5 C:\laragon\www\projectmahalta\system\BaseModel.php(788): CodeIgniter\Model->doInsert(Array)
#6 C:\laragon\www\projectmahalta\system\Model.php(715): CodeIgniter\BaseModel->insert(Array, true)
#7 C:\laragon\www\projectmahalta\app\Controllers\GuestController.php(1164): CodeIgniter\Model->insert(Array)
#8 C:\laragon\www\projectmahalta\system\CodeIgniter.php(942): App\Controllers\GuestController->submitReview()
#9 C:\laragon\www\projectmahalta\system\CodeIgniter.php(502): CodeIgniter\CodeIgniter->runController(Object(App\Controllers\GuestController))
#10 C:\laragon\www\projectmahalta\system\CodeIgniter.php(361): CodeIgniter\CodeIgniter->handleRequest(NULL, Object(Config\Cache), false)
#11 C:\laragon\www\projectmahalta\public\index.php(79): CodeIgniter\CodeIgniter->run()
#12 C:\laragon\www\projectmahalta\system\Commands\Server\rewrite.php(47): require_once('C:\\laragon\\www\\...')
#13 {main}
CRITICAL - 2024-04-23 10:52:30 --> Unknown column 'updated_at' in 'field list'
in SYSTEMPATH\Database\BaseConnection.php on line 647.
 1 SYSTEMPATH\Database\BaseBuilder.php(2308): CodeIgniter\Database\BaseConnection->query('INSERT INTO `feedback` (`UserID`, `UserRating`, `FeedbackMessage`, `created_at`, `updated_at`) VALUES (:UserID:, :UserRating:, :FeedbackMessage:, :created_at:, :updated_at:)', [...], false)
 2 SYSTEMPATH\Model.php(319): CodeIgniter\Database\BaseBuilder->insert()
 3 SYSTEMPATH\BaseModel.php(788): CodeIgniter\Model->doInsert([...])
 4 SYSTEMPATH\Model.php(715): CodeIgniter\BaseModel->insert([...], true)
 5 APPPATH\Controllers\GuestController.php(1164): CodeIgniter\Model->insert([...])
 6 SYSTEMPATH\CodeIgniter.php(942): App\Controllers\GuestController->submitReview()
 7 SYSTEMPATH\CodeIgniter.php(502): CodeIgniter\CodeIgniter->runController(Object(App\Controllers\GuestController))
 8 SYSTEMPATH\CodeIgniter.php(361): CodeIgniter\CodeIgniter->handleRequest(null, Object(Config\Cache), false)
 9 FCPATH\index.php(79): CodeIgniter\CodeIgniter->run()
10 SYSTEMPATH\Commands\Server\rewrite.php(47): require_once('C:\\laragon\\www\\projectmahalta\\public\\index.php')
ERROR - 2024-04-23 10:52:50 --> mysqli_sql_exception: Unknown column 'updated_at' in 'field list' in C:\laragon\www\projectmahalta\system\Database\MySQLi\Connection.php:306
Stack trace:
#0 C:\laragon\www\projectmahalta\system\Database\MySQLi\Connection.php(306): mysqli->query('INSERT INTO `fe...', 0)
#1 C:\laragon\www\projectmahalta\system\Database\BaseConnection.php(693): CodeIgniter\Database\MySQLi\Connection->execute('INSERT INTO `fe...')
#2 C:\laragon\www\projectmahalta\system\Database\BaseConnection.php(607): CodeIgniter\Database\BaseConnection->simpleQuery('INSERT INTO `fe...')
#3 C:\laragon\www\projectmahalta\system\Database\BaseBuilder.php(2308): CodeIgniter\Database\BaseConnection->query('INSERT INTO `fe...', Array, false)
#4 C:\laragon\www\projectmahalta\system\Model.php(319): CodeIgniter\Database\BaseBuilder->insert()
#5 C:\laragon\www\projectmahalta\system\BaseModel.php(788): CodeIgniter\Model->doInsert(Array)
#6 C:\laragon\www\projectmahalta\system\Model.php(715): CodeIgniter\BaseModel->insert(Array, true)
#7 C:\laragon\www\projectmahalta\app\Controllers\GuestController.php(1164): CodeIgniter\Model->insert(Array)
#8 C:\laragon\www\projectmahalta\system\CodeIgniter.php(942): App\Controllers\GuestController->submitReview()
#9 C:\laragon\www\projectmahalta\system\CodeIgniter.php(502): CodeIgniter\CodeIgniter->runController(Object(App\Controllers\GuestController))
#10 C:\laragon\www\projectmahalta\system\CodeIgniter.php(361): CodeIgniter\CodeIgniter->handleRequest(NULL, Object(Config\Cache), false)
#11 C:\laragon\www\projectmahalta\public\index.php(79): CodeIgniter\CodeIgniter->run()
#12 C:\laragon\www\projectmahalta\system\Commands\Server\rewrite.php(47): require_once('C:\\laragon\\www\\...')
#13 {main}
CRITICAL - 2024-04-23 10:52:50 --> Unknown column 'updated_at' in 'field list'
in SYSTEMPATH\Database\BaseConnection.php on line 647.
 1 SYSTEMPATH\Database\BaseBuilder.php(2308): CodeIgniter\Database\BaseConnection->query('INSERT INTO `feedback` (`UserID`, `UserRating`, `FeedbackMessage`, `created_at`, `updated_at`) VALUES (:UserID:, :UserRating:, :FeedbackMessage:, :created_at:, :updated_at:)', [...], false)
 2 SYSTEMPATH\Model.php(319): CodeIgniter\Database\BaseBuilder->insert()
 3 SYSTEMPATH\BaseModel.php(788): CodeIgniter\Model->doInsert([...])
 4 SYSTEMPATH\Model.php(715): CodeIgniter\BaseModel->insert([...], true)
 5 APPPATH\Controllers\GuestController.php(1164): CodeIgniter\Model->insert([...])
 6 SYSTEMPATH\CodeIgniter.php(942): App\Controllers\GuestController->submitReview()
 7 SYSTEMPATH\CodeIgniter.php(502): CodeIgniter\CodeIgniter->runController(Object(App\Controllers\GuestController))
 8 SYSTEMPATH\CodeIgniter.php(361): CodeIgniter\CodeIgniter->handleRequest(null, Object(Config\Cache), false)
 9 FCPATH\index.php(79): CodeIgniter\CodeIgniter->run()
10 SYSTEMPATH\Commands\Server\rewrite.php(47): require_once('C:\\laragon\\www\\projectmahalta\\public\\index.php')
ERROR - 2024-04-23 10:59:04 --> mysqli_sql_exception: Unknown column 'updated_at' in 'field list' in C:\laragon\www\projectmahalta\system\Database\MySQLi\Connection.php:306
Stack trace:
#0 C:\laragon\www\projectmahalta\system\Database\MySQLi\Connection.php(306): mysqli->query('INSERT INTO `fe...', 0)
#1 C:\laragon\www\projectmahalta\system\Database\BaseConnection.php(693): CodeIgniter\Database\MySQLi\Connection->execute('INSERT INTO `fe...')
#2 C:\laragon\www\projectmahalta\system\Database\BaseConnection.php(607): CodeIgniter\Database\BaseConnection->simpleQuery('INSERT INTO `fe...')
#3 C:\laragon\www\projectmahalta\system\Database\BaseBuilder.php(2308): CodeIgniter\Database\BaseConnection->query('INSERT INTO `fe...', Array, false)
#4 C:\laragon\www\projectmahalta\system\Model.php(319): CodeIgniter\Database\BaseBuilder->insert()
#5 C:\laragon\www\projectmahalta\system\BaseModel.php(788): CodeIgniter\Model->doInsert(Array)
#6 C:\laragon\www\projectmahalta\system\Model.php(715): CodeIgniter\BaseModel->insert(Array, true)
#7 C:\laragon\www\projectmahalta\app\Controllers\GuestController.php(1180): CodeIgniter\Model->insert(Array)
#8 C:\laragon\www\projectmahalta\system\CodeIgniter.php(942): App\Controllers\GuestController->submitReview()
#9 C:\laragon\www\projectmahalta\system\CodeIgniter.php(502): CodeIgniter\CodeIgniter->runController(Object(App\Controllers\GuestController))
#10 C:\laragon\www\projectmahalta\system\CodeIgniter.php(361): CodeIgniter\CodeIgniter->handleRequest(NULL, Object(Config\Cache), false)
#11 C:\laragon\www\projectmahalta\public\index.php(79): CodeIgniter\CodeIgniter->run()
#12 C:\laragon\www\projectmahalta\system\Commands\Server\rewrite.php(47): require_once('C:\\laragon\\www\\...')
#13 {main}
CRITICAL - 2024-04-23 10:59:04 --> Unknown column 'updated_at' in 'field list'
in SYSTEMPATH\Database\BaseConnection.php on line 647.
 1 SYSTEMPATH\Database\BaseBuilder.php(2308): CodeIgniter\Database\BaseConnection->query('INSERT INTO `feedback` (`UserID`, `UserRating`, `FeedbackMessage`, `created_at`, `updated_at`) VALUES (:UserID:, :UserRating:, :FeedbackMessage:, :created_at:, :updated_at:)', [...], false)
 2 SYSTEMPATH\Model.php(319): CodeIgniter\Database\BaseBuilder->insert()
 3 SYSTEMPATH\BaseModel.php(788): CodeIgniter\Model->doInsert([...])
 4 SYSTEMPATH\Model.php(715): CodeIgniter\BaseModel->insert([...], true)
 5 APPPATH\Controllers\GuestController.php(1180): CodeIgniter\Model->insert([...])
 6 SYSTEMPATH\CodeIgniter.php(942): App\Controllers\GuestController->submitReview()
 7 SYSTEMPATH\CodeIgniter.php(502): CodeIgniter\CodeIgniter->runController(Object(App\Controllers\GuestController))
 8 SYSTEMPATH\CodeIgniter.php(361): CodeIgniter\CodeIgniter->handleRequest(null, Object(Config\Cache), false)
 9 FCPATH\index.php(79): CodeIgniter\CodeIgniter->run()
10 SYSTEMPATH\Commands\Server\rewrite.php(47): require_once('C:\\laragon\\www\\projectmahalta\\public\\index.php')
ERROR - 2024-04-23 10:59:24 --> mysqli_sql_exception: Unknown column 'updated_at' in 'field list' in C:\laragon\www\projectmahalta\system\Database\MySQLi\Connection.php:306
Stack trace:
#0 C:\laragon\www\projectmahalta\system\Database\MySQLi\Connection.php(306): mysqli->query('INSERT INTO `fe...', 0)
#1 C:\laragon\www\projectmahalta\system\Database\BaseConnection.php(693): CodeIgniter\Database\MySQLi\Connection->execute('INSERT INTO `fe...')
#2 C:\laragon\www\projectmahalta\system\Database\BaseConnection.php(607): CodeIgniter\Database\BaseConnection->simpleQuery('INSERT INTO `fe...')
#3 C:\laragon\www\projectmahalta\system\Database\BaseBuilder.php(2308): CodeIgniter\Database\BaseConnection->query('INSERT INTO `fe...', Array, false)
#4 C:\laragon\www\projectmahalta\system\Model.php(319): CodeIgniter\Database\BaseBuilder->insert()
#5 C:\laragon\www\projectmahalta\system\BaseModel.php(788): CodeIgniter\Model->doInsert(Array)
#6 C:\laragon\www\projectmahalta\system\Model.php(715): CodeIgniter\BaseModel->insert(Array, true)
#7 C:\laragon\www\projectmahalta\app\Controllers\GuestController.php(1180): CodeIgniter\Model->insert(Array)
#8 C:\laragon\www\projectmahalta\system\CodeIgniter.php(942): App\Controllers\GuestController->submitReview()
#9 C:\laragon\www\projectmahalta\system\CodeIgniter.php(502): CodeIgniter\CodeIgniter->runController(Object(App\Controllers\GuestController))
#10 C:\laragon\www\projectmahalta\system\CodeIgniter.php(361): CodeIgniter\CodeIgniter->handleRequest(NULL, Object(Config\Cache), false)
#11 C:\laragon\www\projectmahalta\public\index.php(79): CodeIgniter\CodeIgniter->run()
#12 C:\laragon\www\projectmahalta\system\Commands\Server\rewrite.php(47): require_once('C:\\laragon\\www\\...')
#13 {main}
CRITICAL - 2024-04-23 10:59:24 --> Unknown column 'updated_at' in 'field list'
in SYSTEMPATH\Database\BaseConnection.php on line 647.
 1 SYSTEMPATH\Database\BaseBuilder.php(2308): CodeIgniter\Database\BaseConnection->query('INSERT INTO `feedback` (`UserID`, `UserRating`, `FeedbackMessage`, `created_at`, `updated_at`) VALUES (:UserID:, :UserRating:, :FeedbackMessage:, :created_at:, :updated_at:)', [...], false)
 2 SYSTEMPATH\Model.php(319): CodeIgniter\Database\BaseBuilder->insert()
 3 SYSTEMPATH\BaseModel.php(788): CodeIgniter\Model->doInsert([...])
 4 SYSTEMPATH\Model.php(715): CodeIgniter\BaseModel->insert([...], true)
 5 APPPATH\Controllers\GuestController.php(1180): CodeIgniter\Model->insert([...])
 6 SYSTEMPATH\CodeIgniter.php(942): App\Controllers\GuestController->submitReview()
 7 SYSTEMPATH\CodeIgniter.php(502): CodeIgniter\CodeIgniter->runController(Object(App\Controllers\GuestController))
 8 SYSTEMPATH\CodeIgniter.php(361): CodeIgniter\CodeIgniter->handleRequest(null, Object(Config\Cache), false)
 9 FCPATH\index.php(79): CodeIgniter\CodeIgniter->run()
10 SYSTEMPATH\Commands\Server\rewrite.php(47): require_once('C:\\laragon\\www\\projectmahalta\\public\\index.php')
ERROR - 2024-04-23 11:04:51 --> mysqli_sql_exception: Unknown column 'updated_at' in 'field list' in C:\laragon\www\projectmahalta\system\Database\MySQLi\Connection.php:306
Stack trace:
#0 C:\laragon\www\projectmahalta\system\Database\MySQLi\Connection.php(306): mysqli->query('INSERT INTO `fe...', 0)
#1 C:\laragon\www\projectmahalta\system\Database\BaseConnection.php(693): CodeIgniter\Database\MySQLi\Connection->execute('INSERT INTO `fe...')
#2 C:\laragon\www\projectmahalta\system\Database\BaseConnection.php(607): CodeIgniter\Database\BaseConnection->simpleQuery('INSERT INTO `fe...')
#3 C:\laragon\www\projectmahalta\system\Database\BaseBuilder.php(2308): CodeIgniter\Database\BaseConnection->query('INSERT INTO `fe...', Array, false)
#4 C:\laragon\www\projectmahalta\system\Model.php(319): CodeIgniter\Database\BaseBuilder->insert()
#5 C:\laragon\www\projectmahalta\system\BaseModel.php(788): CodeIgniter\Model->doInsert(Array)
#6 C:\laragon\www\projectmahalta\system\Model.php(715): CodeIgniter\BaseModel->insert(Array, true)
#7 C:\laragon\www\projectmahalta\app\Controllers\GuestController.php(1172): CodeIgniter\Model->insert(Array)
#8 C:\laragon\www\projectmahalta\system\CodeIgniter.php(942): App\Controllers\GuestController->submitReview()
#9 C:\laragon\www\projectmahalta\system\CodeIgniter.php(502): CodeIgniter\CodeIgniter->runController(Object(App\Controllers\GuestController))
#10 C:\laragon\www\projectmahalta\system\CodeIgniter.php(361): CodeIgniter\CodeIgniter->handleRequest(NULL, Object(Config\Cache), false)
#11 C:\laragon\www\projectmahalta\public\index.php(79): CodeIgniter\CodeIgniter->run()
#12 C:\laragon\www\projectmahalta\system\Commands\Server\rewrite.php(47): require_once('C:\\laragon\\www\\...')
#13 {main}
CRITICAL - 2024-04-23 11:04:51 --> Unknown column 'updated_at' in 'field list'
in SYSTEMPATH\Database\BaseConnection.php on line 647.
 1 SYSTEMPATH\Database\BaseBuilder.php(2308): CodeIgniter\Database\BaseConnection->query('INSERT INTO `feedback` (`UserID`, `UserRating`, `FeedbackMessage`, `created_at`, `updated_at`) VALUES (:UserID:, :UserRating:, :FeedbackMessage:, :created_at:, :updated_at:)', [...], false)
 2 SYSTEMPATH\Model.php(319): CodeIgniter\Database\BaseBuilder->insert()
 3 SYSTEMPATH\BaseModel.php(788): CodeIgniter\Model->doInsert([...])
 4 SYSTEMPATH\Model.php(715): CodeIgniter\BaseModel->insert([...], true)
 5 APPPATH\Controllers\GuestController.php(1172): CodeIgniter\Model->insert([...])
 6 SYSTEMPATH\CodeIgniter.php(942): App\Controllers\GuestController->submitReview()
 7 SYSTEMPATH\CodeIgniter.php(502): CodeIgniter\CodeIgniter->runController(Object(App\Controllers\GuestController))
 8 SYSTEMPATH\CodeIgniter.php(361): CodeIgniter\CodeIgniter->handleRequest(null, Object(Config\Cache), false)
 9 FCPATH\index.php(79): CodeIgniter\CodeIgniter->run()
10 SYSTEMPATH\Commands\Server\rewrite.php(47): require_once('C:\\laragon\\www\\projectmahalta\\public\\index.php')
ERROR - 2024-04-23 11:34:41 --> mysqli_sql_exception: Unknown column 'updated_at' in 'field list' in C:\laragon\www\projectmahalta\system\Database\MySQLi\Connection.php:306
Stack trace:
#0 C:\laragon\www\projectmahalta\system\Database\MySQLi\Connection.php(306): mysqli->query('INSERT INTO `fe...', 0)
#1 C:\laragon\www\projectmahalta\system\Database\BaseConnection.php(693): CodeIgniter\Database\MySQLi\Connection->execute('INSERT INTO `fe...')
#2 C:\laragon\www\projectmahalta\system\Database\BaseConnection.php(607): CodeIgniter\Database\BaseConnection->simpleQuery('INSERT INTO `fe...')
#3 C:\laragon\www\projectmahalta\system\Database\BaseBuilder.php(2308): CodeIgniter\Database\BaseConnection->query('INSERT INTO `fe...', Array, false)
#4 C:\laragon\www\projectmahalta\system\Model.php(319): CodeIgniter\Database\BaseBuilder->insert()
#5 C:\laragon\www\projectmahalta\system\BaseModel.php(788): CodeIgniter\Model->doInsert(Array)
#6 C:\laragon\www\projectmahalta\system\Model.php(715): CodeIgniter\BaseModel->insert(Array, true)
#7 C:\laragon\www\projectmahalta\app\Controllers\GuestController.php(1172): CodeIgniter\Model->insert(Array)
#8 C:\laragon\www\projectmahalta\system\CodeIgniter.php(942): App\Controllers\GuestController->submitReview()
#9 C:\laragon\www\projectmahalta\system\CodeIgniter.php(502): CodeIgniter\CodeIgniter->runController(Object(App\Controllers\GuestController))
#10 C:\laragon\www\projectmahalta\system\CodeIgniter.php(361): CodeIgniter\CodeIgniter->handleRequest(NULL, Object(Config\Cache), false)
#11 C:\laragon\www\projectmahalta\public\index.php(79): CodeIgniter\CodeIgniter->run()
#12 C:\laragon\www\projectmahalta\system\Commands\Server\rewrite.php(47): require_once('C:\\laragon\\www\\...')
#13 {main}
CRITICAL - 2024-04-23 11:34:41 --> Unknown column 'updated_at' in 'field list'
in SYSTEMPATH\Database\BaseConnection.php on line 647.
 1 SYSTEMPATH\Database\BaseBuilder.php(2308): CodeIgniter\Database\BaseConnection->query('INSERT INTO `feedback` (`UserID`, `UserRating`, `FeedbackMessage`, `created_at`, `updated_at`) VALUES (:UserID:, :UserRating:, :FeedbackMessage:, :created_at:, :updated_at:)', [...], false)
 2 SYSTEMPATH\Model.php(319): CodeIgniter\Database\BaseBuilder->insert()
 3 SYSTEMPATH\BaseModel.php(788): CodeIgniter\Model->doInsert([...])
 4 SYSTEMPATH\Model.php(715): CodeIgniter\BaseModel->insert([...], true)
 5 APPPATH\Controllers\GuestController.php(1172): CodeIgniter\Model->insert([...])
 6 SYSTEMPATH\CodeIgniter.php(942): App\Controllers\GuestController->submitReview()
 7 SYSTEMPATH\CodeIgniter.php(502): CodeIgniter\CodeIgniter->runController(Object(App\Controllers\GuestController))
 8 SYSTEMPATH\CodeIgniter.php(361): CodeIgniter\CodeIgniter->handleRequest(null, Object(Config\Cache), false)
 9 FCPATH\index.php(79): CodeIgniter\CodeIgniter->run()
10 SYSTEMPATH\Commands\Server\rewrite.php(47): require_once('C:\\laragon\\www\\projectmahalta\\public\\index.php')
ERROR - 2024-04-23 11:36:01 --> mysqli_sql_exception: Unknown column 'updated_at' in 'field list' in C:\laragon\www\projectmahalta\system\Database\MySQLi\Connection.php:306
Stack trace:
#0 C:\laragon\www\projectmahalta\system\Database\MySQLi\Connection.php(306): mysqli->query('INSERT INTO `fe...', 0)
#1 C:\laragon\www\projectmahalta\system\Database\BaseConnection.php(693): CodeIgniter\Database\MySQLi\Connection->execute('INSERT INTO `fe...')
#2 C:\laragon\www\projectmahalta\system\Database\BaseConnection.php(607): CodeIgniter\Database\BaseConnection->simpleQuery('INSERT INTO `fe...')
#3 C:\laragon\www\projectmahalta\system\Database\BaseBuilder.php(2308): CodeIgniter\Database\BaseConnection->query('INSERT INTO `fe...', Array, false)
#4 C:\laragon\www\projectmahalta\system\Model.php(319): CodeIgniter\Database\BaseBuilder->insert()
#5 C:\laragon\www\projectmahalta\system\BaseModel.php(788): CodeIgniter\Model->doInsert(Array)
#6 C:\laragon\www\projectmahalta\system\Model.php(715): CodeIgniter\BaseModel->insert(Array, true)
#7 C:\laragon\www\projectmahalta\app\Controllers\GuestController.php(1164): CodeIgniter\Model->insert(Array)
#8 C:\laragon\www\projectmahalta\system\CodeIgniter.php(942): App\Controllers\GuestController->submitReview()
#9 C:\laragon\www\projectmahalta\system\CodeIgniter.php(502): CodeIgniter\CodeIgniter->runController(Object(App\Controllers\GuestController))
#10 C:\laragon\www\projectmahalta\system\CodeIgniter.php(361): CodeIgniter\CodeIgniter->handleRequest(NULL, Object(Config\Cache), false)
#11 C:\laragon\www\projectmahalta\public\index.php(79): CodeIgniter\CodeIgniter->run()
#12 C:\laragon\www\projectmahalta\system\Commands\Server\rewrite.php(47): require_once('C:\\laragon\\www\\...')
#13 {main}
CRITICAL - 2024-04-23 11:36:01 --> Unknown column 'updated_at' in 'field list'
in SYSTEMPATH\Database\BaseConnection.php on line 647.
 1 SYSTEMPATH\Database\BaseBuilder.php(2308): CodeIgniter\Database\BaseConnection->query('INSERT INTO `feedback` (`UserID`, `UserRating`, `FeedbackMessage`, `created_at`, `updated_at`) VALUES (:UserID:, :UserRating:, :FeedbackMessage:, :created_at:, :updated_at:)', [...], false)
 2 SYSTEMPATH\Model.php(319): CodeIgniter\Database\BaseBuilder->insert()
 3 SYSTEMPATH\BaseModel.php(788): CodeIgniter\Model->doInsert([...])
 4 SYSTEMPATH\Model.php(715): CodeIgniter\BaseModel->insert([...], true)
 5 APPPATH\Controllers\GuestController.php(1164): CodeIgniter\Model->insert([...])
 6 SYSTEMPATH\CodeIgniter.php(942): App\Controllers\GuestController->submitReview()
 7 SYSTEMPATH\CodeIgniter.php(502): CodeIgniter\CodeIgniter->runController(Object(App\Controllers\GuestController))
 8 SYSTEMPATH\CodeIgniter.php(361): CodeIgniter\CodeIgniter->handleRequest(null, Object(Config\Cache), false)
 9 FCPATH\index.php(79): CodeIgniter\CodeIgniter->run()
10 SYSTEMPATH\Commands\Server\rewrite.php(47): require_once('C:\\laragon\\www\\projectmahalta\\public\\index.php')
ERROR - 2024-04-23 11:36:18 --> mysqli_sql_exception: Unknown column 'updated_at' in 'field list' in C:\laragon\www\projectmahalta\system\Database\MySQLi\Connection.php:306
Stack trace:
#0 C:\laragon\www\projectmahalta\system\Database\MySQLi\Connection.php(306): mysqli->query('INSERT INTO `fe...', 0)
#1 C:\laragon\www\projectmahalta\system\Database\BaseConnection.php(693): CodeIgniter\Database\MySQLi\Connection->execute('INSERT INTO `fe...')
#2 C:\laragon\www\projectmahalta\system\Database\BaseConnection.php(607): CodeIgniter\Database\BaseConnection->simpleQuery('INSERT INTO `fe...')
#3 C:\laragon\www\projectmahalta\system\Database\BaseBuilder.php(2308): CodeIgniter\Database\BaseConnection->query('INSERT INTO `fe...', Array, false)
#4 C:\laragon\www\projectmahalta\system\Model.php(319): CodeIgniter\Database\BaseBuilder->insert()
#5 C:\laragon\www\projectmahalta\system\BaseModel.php(788): CodeIgniter\Model->doInsert(Array)
#6 C:\laragon\www\projectmahalta\system\Model.php(715): CodeIgniter\BaseModel->insert(Array, true)
#7 C:\laragon\www\projectmahalta\app\Controllers\GuestController.php(1164): CodeIgniter\Model->insert(Array)
#8 C:\laragon\www\projectmahalta\system\CodeIgniter.php(942): App\Controllers\GuestController->submitReview()
#9 C:\laragon\www\projectmahalta\system\CodeIgniter.php(502): CodeIgniter\CodeIgniter->runController(Object(App\Controllers\GuestController))
#10 C:\laragon\www\projectmahalta\system\CodeIgniter.php(361): CodeIgniter\CodeIgniter->handleRequest(NULL, Object(Config\Cache), false)
#11 C:\laragon\www\projectmahalta\public\index.php(79): CodeIgniter\CodeIgniter->run()
#12 C:\laragon\www\projectmahalta\system\Commands\Server\rewrite.php(47): require_once('C:\\laragon\\www\\...')
#13 {main}
CRITICAL - 2024-04-23 11:36:18 --> Unknown column 'updated_at' in 'field list'
in SYSTEMPATH\Database\BaseConnection.php on line 647.
 1 SYSTEMPATH\Database\BaseBuilder.php(2308): CodeIgniter\Database\BaseConnection->query('INSERT INTO `feedback` (`UserID`, `UserRating`, `FeedbackMessage`, `created_at`, `updated_at`) VALUES (:UserID:, :UserRating:, :FeedbackMessage:, :created_at:, :updated_at:)', [...], false)
 2 SYSTEMPATH\Model.php(319): CodeIgniter\Database\BaseBuilder->insert()
 3 SYSTEMPATH\BaseModel.php(788): CodeIgniter\Model->doInsert([...])
 4 SYSTEMPATH\Model.php(715): CodeIgniter\BaseModel->insert([...], true)
 5 APPPATH\Controllers\GuestController.php(1164): CodeIgniter\Model->insert([...])
 6 SYSTEMPATH\CodeIgniter.php(942): App\Controllers\GuestController->submitReview()
 7 SYSTEMPATH\CodeIgniter.php(502): CodeIgniter\CodeIgniter->runController(Object(App\Controllers\GuestController))
 8 SYSTEMPATH\CodeIgniter.php(361): CodeIgniter\CodeIgniter->handleRequest(null, Object(Config\Cache), false)
 9 FCPATH\index.php(79): CodeIgniter\CodeIgniter->run()
10 SYSTEMPATH\Commands\Server\rewrite.php(47): require_once('C:\\laragon\\www\\projectmahalta\\public\\index.php')
ERROR - 2024-04-23 11:36:52 --> mysqli_sql_exception: Unknown column 'updated_at' in 'field list' in C:\laragon\www\projectmahalta\system\Database\MySQLi\Connection.php:306
Stack trace:
#0 C:\laragon\www\projectmahalta\system\Database\MySQLi\Connection.php(306): mysqli->query('INSERT INTO `fe...', 0)
#1 C:\laragon\www\projectmahalta\system\Database\BaseConnection.php(693): CodeIgniter\Database\MySQLi\Connection->execute('INSERT INTO `fe...')
#2 C:\laragon\www\projectmahalta\system\Database\BaseConnection.php(607): CodeIgniter\Database\BaseConnection->simpleQuery('INSERT INTO `fe...')
#3 C:\laragon\www\projectmahalta\system\Database\BaseBuilder.php(2308): CodeIgniter\Database\BaseConnection->query('INSERT INTO `fe...', Array, false)
#4 C:\laragon\www\projectmahalta\system\Model.php(319): CodeIgniter\Database\BaseBuilder->insert()
#5 C:\laragon\www\projectmahalta\system\BaseModel.php(788): CodeIgniter\Model->doInsert(Array)
#6 C:\laragon\www\projectmahalta\system\Model.php(715): CodeIgniter\BaseModel->insert(Array, true)
#7 C:\laragon\www\projectmahalta\app\Controllers\GuestController.php(1164): CodeIgniter\Model->insert(Array)
#8 C:\laragon\www\projectmahalta\system\CodeIgniter.php(942): App\Controllers\GuestController->submitReview()
#9 C:\laragon\www\projectmahalta\system\CodeIgniter.php(502): CodeIgniter\CodeIgniter->runController(Object(App\Controllers\GuestController))
#10 C:\laragon\www\projectmahalta\system\CodeIgniter.php(361): CodeIgniter\CodeIgniter->handleRequest(NULL, Object(Config\Cache), false)
#11 C:\laragon\www\projectmahalta\public\index.php(79): CodeIgniter\CodeIgniter->run()
#12 C:\laragon\www\projectmahalta\system\Commands\Server\rewrite.php(47): require_once('C:\\laragon\\www\\...')
#13 {main}
CRITICAL - 2024-04-23 11:36:52 --> Unknown column 'updated_at' in 'field list'
in SYSTEMPATH\Database\BaseConnection.php on line 647.
 1 SYSTEMPATH\Database\BaseBuilder.php(2308): CodeIgniter\Database\BaseConnection->query('INSERT INTO `feedback` (`UserID`, `UserRating`, `FeedbackMessage`, `created_at`, `updated_at`) VALUES (:UserID:, :UserRating:, :FeedbackMessage:, :created_at:, :updated_at:)', [...], false)
 2 SYSTEMPATH\Model.php(319): CodeIgniter\Database\BaseBuilder->insert()
 3 SYSTEMPATH\BaseModel.php(788): CodeIgniter\Model->doInsert([...])
 4 SYSTEMPATH\Model.php(715): CodeIgniter\BaseModel->insert([...], true)
 5 APPPATH\Controllers\GuestController.php(1164): CodeIgniter\Model->insert([...])
 6 SYSTEMPATH\CodeIgniter.php(942): App\Controllers\GuestController->submitReview()
 7 SYSTEMPATH\CodeIgniter.php(502): CodeIgniter\CodeIgniter->runController(Object(App\Controllers\GuestController))
 8 SYSTEMPATH\CodeIgniter.php(361): CodeIgniter\CodeIgniter->handleRequest(null, Object(Config\Cache), false)
 9 FCPATH\index.php(79): CodeIgniter\CodeIgniter->run()
10 SYSTEMPATH\Commands\Server\rewrite.php(47): require_once('C:\\laragon\\www\\projectmahalta\\public\\index.php')
ERROR - 2024-04-23 11:36:53 --> mysqli_sql_exception: Unknown column 'updated_at' in 'field list' in C:\laragon\www\projectmahalta\system\Database\MySQLi\Connection.php:306
Stack trace:
#0 C:\laragon\www\projectmahalta\system\Database\MySQLi\Connection.php(306): mysqli->query('INSERT INTO `fe...', 0)
#1 C:\laragon\www\projectmahalta\system\Database\BaseConnection.php(693): CodeIgniter\Database\MySQLi\Connection->execute('INSERT INTO `fe...')
#2 C:\laragon\www\projectmahalta\system\Database\BaseConnection.php(607): CodeIgniter\Database\BaseConnection->simpleQuery('INSERT INTO `fe...')
#3 C:\laragon\www\projectmahalta\system\Database\BaseBuilder.php(2308): CodeIgniter\Database\BaseConnection->query('INSERT INTO `fe...', Array, false)
#4 C:\laragon\www\projectmahalta\system\Model.php(319): CodeIgniter\Database\BaseBuilder->insert()
#5 C:\laragon\www\projectmahalta\system\BaseModel.php(788): CodeIgniter\Model->doInsert(Array)
#6 C:\laragon\www\projectmahalta\system\Model.php(715): CodeIgniter\BaseModel->insert(Array, true)
#7 C:\laragon\www\projectmahalta\app\Controllers\GuestController.php(1164): CodeIgniter\Model->insert(Array)
#8 C:\laragon\www\projectmahalta\system\CodeIgniter.php(942): App\Controllers\GuestController->submitReview()
#9 C:\laragon\www\projectmahalta\system\CodeIgniter.php(502): CodeIgniter\CodeIgniter->runController(Object(App\Controllers\GuestController))
#10 C:\laragon\www\projectmahalta\system\CodeIgniter.php(361): CodeIgniter\CodeIgniter->handleRequest(NULL, Object(Config\Cache), false)
#11 C:\laragon\www\projectmahalta\public\index.php(79): CodeIgniter\CodeIgniter->run()
#12 C:\laragon\www\projectmahalta\system\Commands\Server\rewrite.php(47): require_once('C:\\laragon\\www\\...')
#13 {main}
CRITICAL - 2024-04-23 11:36:53 --> Unknown column 'updated_at' in 'field list'
in SYSTEMPATH\Database\BaseConnection.php on line 647.
 1 SYSTEMPATH\Database\BaseBuilder.php(2308): CodeIgniter\Database\BaseConnection->query('INSERT INTO `feedback` (`UserID`, `UserRating`, `FeedbackMessage`, `created_at`, `updated_at`) VALUES (:UserID:, :UserRating:, :FeedbackMessage:, :created_at:, :updated_at:)', [...], false)
 2 SYSTEMPATH\Model.php(319): CodeIgniter\Database\BaseBuilder->insert()
 3 SYSTEMPATH\BaseModel.php(788): CodeIgniter\Model->doInsert([...])
 4 SYSTEMPATH\Model.php(715): CodeIgniter\BaseModel->insert([...], true)
 5 APPPATH\Controllers\GuestController.php(1164): CodeIgniter\Model->insert([...])
 6 SYSTEMPATH\CodeIgniter.php(942): App\Controllers\GuestController->submitReview()
 7 SYSTEMPATH\CodeIgniter.php(502): CodeIgniter\CodeIgniter->runController(Object(App\Controllers\GuestController))
 8 SYSTEMPATH\CodeIgniter.php(361): CodeIgniter\CodeIgniter->handleRequest(null, Object(Config\Cache), false)
 9 FCPATH\index.php(79): CodeIgniter\CodeIgniter->run()
10 SYSTEMPATH\Commands\Server\rewrite.php(47): require_once('C:\\laragon\\www\\projectmahalta\\public\\index.php')
ERROR - 2024-04-23 11:36:53 --> mysqli_sql_exception: Unknown column 'updated_at' in 'field list' in C:\laragon\www\projectmahalta\system\Database\MySQLi\Connection.php:306
Stack trace:
#0 C:\laragon\www\projectmahalta\system\Database\MySQLi\Connection.php(306): mysqli->query('INSERT INTO `fe...', 0)
#1 C:\laragon\www\projectmahalta\system\Database\BaseConnection.php(693): CodeIgniter\Database\MySQLi\Connection->execute('INSERT INTO `fe...')
#2 C:\laragon\www\projectmahalta\system\Database\BaseConnection.php(607): CodeIgniter\Database\BaseConnection->simpleQuery('INSERT INTO `fe...')
#3 C:\laragon\www\projectmahalta\system\Database\BaseBuilder.php(2308): CodeIgniter\Database\BaseConnection->query('INSERT INTO `fe...', Array, false)
#4 C:\laragon\www\projectmahalta\system\Model.php(319): CodeIgniter\Database\BaseBuilder->insert()
#5 C:\laragon\www\projectmahalta\system\BaseModel.php(788): CodeIgniter\Model->doInsert(Array)
#6 C:\laragon\www\projectmahalta\system\Model.php(715): CodeIgniter\BaseModel->insert(Array, true)
#7 C:\laragon\www\projectmahalta\app\Controllers\GuestController.php(1164): CodeIgniter\Model->insert(Array)
#8 C:\laragon\www\projectmahalta\system\CodeIgniter.php(942): App\Controllers\GuestController->submitReview()
#9 C:\laragon\www\projectmahalta\system\CodeIgniter.php(502): CodeIgniter\CodeIgniter->runController(Object(App\Controllers\GuestController))
#10 C:\laragon\www\projectmahalta\system\CodeIgniter.php(361): CodeIgniter\CodeIgniter->handleRequest(NULL, Object(Config\Cache), false)
#11 C:\laragon\www\projectmahalta\public\index.php(79): CodeIgniter\CodeIgniter->run()
#12 C:\laragon\www\projectmahalta\system\Commands\Server\rewrite.php(47): require_once('C:\\laragon\\www\\...')
#13 {main}
CRITICAL - 2024-04-23 11:36:53 --> Unknown column 'updated_at' in 'field list'
in SYSTEMPATH\Database\BaseConnection.php on line 647.
 1 SYSTEMPATH\Database\BaseBuilder.php(2308): CodeIgniter\Database\BaseConnection->query('INSERT INTO `feedback` (`UserID`, `UserRating`, `FeedbackMessage`, `created_at`, `updated_at`) VALUES (:UserID:, :UserRating:, :FeedbackMessage:, :created_at:, :updated_at:)', [...], false)
 2 SYSTEMPATH\Model.php(319): CodeIgniter\Database\BaseBuilder->insert()
 3 SYSTEMPATH\BaseModel.php(788): CodeIgniter\Model->doInsert([...])
 4 SYSTEMPATH\Model.php(715): CodeIgniter\BaseModel->insert([...], true)
 5 APPPATH\Controllers\GuestController.php(1164): CodeIgniter\Model->insert([...])
 6 SYSTEMPATH\CodeIgniter.php(942): App\Controllers\GuestController->submitReview()
 7 SYSTEMPATH\CodeIgniter.php(502): CodeIgniter\CodeIgniter->runController(Object(App\Controllers\GuestController))
 8 SYSTEMPATH\CodeIgniter.php(361): CodeIgniter\CodeIgniter->handleRequest(null, Object(Config\Cache), false)
 9 FCPATH\index.php(79): CodeIgniter\CodeIgniter->run()
10 SYSTEMPATH\Commands\Server\rewrite.php(47): require_once('C:\\laragon\\www\\projectmahalta\\public\\index.php')
ERROR - 2024-04-23 11:36:53 --> mysqli_sql_exception: Unknown column 'updated_at' in 'field list' in C:\laragon\www\projectmahalta\system\Database\MySQLi\Connection.php:306
Stack trace:
#0 C:\laragon\www\projectmahalta\system\Database\MySQLi\Connection.php(306): mysqli->query('INSERT INTO `fe...', 0)
#1 C:\laragon\www\projectmahalta\system\Database\BaseConnection.php(693): CodeIgniter\Database\MySQLi\Connection->execute('INSERT INTO `fe...')
#2 C:\laragon\www\projectmahalta\system\Database\BaseConnection.php(607): CodeIgniter\Database\BaseConnection->simpleQuery('INSERT INTO `fe...')
#3 C:\laragon\www\projectmahalta\system\Database\BaseBuilder.php(2308): CodeIgniter\Database\BaseConnection->query('INSERT INTO `fe...', Array, false)
#4 C:\laragon\www\projectmahalta\system\Model.php(319): CodeIgniter\Database\BaseBuilder->insert()
#5 C:\laragon\www\projectmahalta\system\BaseModel.php(788): CodeIgniter\Model->doInsert(Array)
#6 C:\laragon\www\projectmahalta\system\Model.php(715): CodeIgniter\BaseModel->insert(Array, true)
#7 C:\laragon\www\projectmahalta\app\Controllers\GuestController.php(1164): CodeIgniter\Model->insert(Array)
#8 C:\laragon\www\projectmahalta\system\CodeIgniter.php(942): App\Controllers\GuestController->submitReview()
#9 C:\laragon\www\projectmahalta\system\CodeIgniter.php(502): CodeIgniter\CodeIgniter->runController(Object(App\Controllers\GuestController))
#10 C:\laragon\www\projectmahalta\system\CodeIgniter.php(361): CodeIgniter\CodeIgniter->handleRequest(NULL, Object(Config\Cache), false)
#11 C:\laragon\www\projectmahalta\public\index.php(79): CodeIgniter\CodeIgniter->run()
#12 C:\laragon\www\projectmahalta\system\Commands\Server\rewrite.php(47): require_once('C:\\laragon\\www\\...')
#13 {main}
CRITICAL - 2024-04-23 11:36:53 --> Unknown column 'updated_at' in 'field list'
in SYSTEMPATH\Database\BaseConnection.php on line 647.
 1 SYSTEMPATH\Database\BaseBuilder.php(2308): CodeIgniter\Database\BaseConnection->query('INSERT INTO `feedback` (`UserID`, `UserRating`, `FeedbackMessage`, `created_at`, `updated_at`) VALUES (:UserID:, :UserRating:, :FeedbackMessage:, :created_at:, :updated_at:)', [...], false)
 2 SYSTEMPATH\Model.php(319): CodeIgniter\Database\BaseBuilder->insert()
 3 SYSTEMPATH\BaseModel.php(788): CodeIgniter\Model->doInsert([...])
 4 SYSTEMPATH\Model.php(715): CodeIgniter\BaseModel->insert([...], true)
 5 APPPATH\Controllers\GuestController.php(1164): CodeIgniter\Model->insert([...])
 6 SYSTEMPATH\CodeIgniter.php(942): App\Controllers\GuestController->submitReview()
 7 SYSTEMPATH\CodeIgniter.php(502): CodeIgniter\CodeIgniter->runController(Object(App\Controllers\GuestController))
 8 SYSTEMPATH\CodeIgniter.php(361): CodeIgniter\CodeIgniter->handleRequest(null, Object(Config\Cache), false)
 9 FCPATH\index.php(79): CodeIgniter\CodeIgniter->run()
10 SYSTEMPATH\Commands\Server\rewrite.php(47): require_once('C:\\laragon\\www\\projectmahalta\\public\\index.php')
ERROR - 2024-04-23 11:36:53 --> mysqli_sql_exception: Unknown column 'updated_at' in 'field list' in C:\laragon\www\projectmahalta\system\Database\MySQLi\Connection.php:306
Stack trace:
#0 C:\laragon\www\projectmahalta\system\Database\MySQLi\Connection.php(306): mysqli->query('INSERT INTO `fe...', 0)
#1 C:\laragon\www\projectmahalta\system\Database\BaseConnection.php(693): CodeIgniter\Database\MySQLi\Connection->execute('INSERT INTO `fe...')
#2 C:\laragon\www\projectmahalta\system\Database\BaseConnection.php(607): CodeIgniter\Database\BaseConnection->simpleQuery('INSERT INTO `fe...')
#3 C:\laragon\www\projectmahalta\system\Database\BaseBuilder.php(2308): CodeIgniter\Database\BaseConnection->query('INSERT INTO `fe...', Array, false)
#4 C:\laragon\www\projectmahalta\system\Model.php(319): CodeIgniter\Database\BaseBuilder->insert()
#5 C:\laragon\www\projectmahalta\system\BaseModel.php(788): CodeIgniter\Model->doInsert(Array)
#6 C:\laragon\www\projectmahalta\system\Model.php(715): CodeIgniter\BaseModel->insert(Array, true)
#7 C:\laragon\www\projectmahalta\app\Controllers\GuestController.php(1164): CodeIgniter\Model->insert(Array)
#8 C:\laragon\www\projectmahalta\system\CodeIgniter.php(942): App\Controllers\GuestController->submitReview()
#9 C:\laragon\www\projectmahalta\system\CodeIgniter.php(502): CodeIgniter\CodeIgniter->runController(Object(App\Controllers\GuestController))
#10 C:\laragon\www\projectmahalta\system\CodeIgniter.php(361): CodeIgniter\CodeIgniter->handleRequest(NULL, Object(Config\Cache), false)
#11 C:\laragon\www\projectmahalta\public\index.php(79): CodeIgniter\CodeIgniter->run()
#12 C:\laragon\www\projectmahalta\system\Commands\Server\rewrite.php(47): require_once('C:\\laragon\\www\\...')
#13 {main}
CRITICAL - 2024-04-23 11:36:53 --> Unknown column 'updated_at' in 'field list'
in SYSTEMPATH\Database\BaseConnection.php on line 647.
 1 SYSTEMPATH\Database\BaseBuilder.php(2308): CodeIgniter\Database\BaseConnection->query('INSERT INTO `feedback` (`UserID`, `UserRating`, `FeedbackMessage`, `created_at`, `updated_at`) VALUES (:UserID:, :UserRating:, :FeedbackMessage:, :created_at:, :updated_at:)', [...], false)
 2 SYSTEMPATH\Model.php(319): CodeIgniter\Database\BaseBuilder->insert()
 3 SYSTEMPATH\BaseModel.php(788): CodeIgniter\Model->doInsert([...])
 4 SYSTEMPATH\Model.php(715): CodeIgniter\BaseModel->insert([...], true)
 5 APPPATH\Controllers\GuestController.php(1164): CodeIgniter\Model->insert([...])
 6 SYSTEMPATH\CodeIgniter.php(942): App\Controllers\GuestController->submitReview()
 7 SYSTEMPATH\CodeIgniter.php(502): CodeIgniter\CodeIgniter->runController(Object(App\Controllers\GuestController))
 8 SYSTEMPATH\CodeIgniter.php(361): CodeIgniter\CodeIgniter->handleRequest(null, Object(Config\Cache), false)
 9 FCPATH\index.php(79): CodeIgniter\CodeIgniter->run()
10 SYSTEMPATH\Commands\Server\rewrite.php(47): require_once('C:\\laragon\\www\\projectmahalta\\public\\index.php')
ERROR - 2024-04-23 11:36:53 --> mysqli_sql_exception: Unknown column 'updated_at' in 'field list' in C:\laragon\www\projectmahalta\system\Database\MySQLi\Connection.php:306
Stack trace:
#0 C:\laragon\www\projectmahalta\system\Database\MySQLi\Connection.php(306): mysqli->query('INSERT INTO `fe...', 0)
#1 C:\laragon\www\projectmahalta\system\Database\BaseConnection.php(693): CodeIgniter\Database\MySQLi\Connection->execute('INSERT INTO `fe...')
#2 C:\laragon\www\projectmahalta\system\Database\BaseConnection.php(607): CodeIgniter\Database\BaseConnection->simpleQuery('INSERT INTO `fe...')
#3 C:\laragon\www\projectmahalta\system\Database\BaseBuilder.php(2308): CodeIgniter\Database\BaseConnection->query('INSERT INTO `fe...', Array, false)
#4 C:\laragon\www\projectmahalta\system\Model.php(319): CodeIgniter\Database\BaseBuilder->insert()
#5 C:\laragon\www\projectmahalta\system\BaseModel.php(788): CodeIgniter\Model->doInsert(Array)
#6 C:\laragon\www\projectmahalta\system\Model.php(715): CodeIgniter\BaseModel->insert(Array, true)
#7 C:\laragon\www\projectmahalta\app\Controllers\GuestController.php(1164): CodeIgniter\Model->insert(Array)
#8 C:\laragon\www\projectmahalta\system\CodeIgniter.php(942): App\Controllers\GuestController->submitReview()
#9 C:\laragon\www\projectmahalta\system\CodeIgniter.php(502): CodeIgniter\CodeIgniter->runController(Object(App\Controllers\GuestController))
#10 C:\laragon\www\projectmahalta\system\CodeIgniter.php(361): CodeIgniter\CodeIgniter->handleRequest(NULL, Object(Config\Cache), false)
#11 C:\laragon\www\projectmahalta\public\index.php(79): CodeIgniter\CodeIgniter->run()
#12 C:\laragon\www\projectmahalta\system\Commands\Server\rewrite.php(47): require_once('C:\\laragon\\www\\...')
#13 {main}
CRITICAL - 2024-04-23 11:36:53 --> Unknown column 'updated_at' in 'field list'
in SYSTEMPATH\Database\BaseConnection.php on line 647.
 1 SYSTEMPATH\Database\BaseBuilder.php(2308): CodeIgniter\Database\BaseConnection->query('INSERT INTO `feedback` (`UserID`, `UserRating`, `FeedbackMessage`, `created_at`, `updated_at`) VALUES (:UserID:, :UserRating:, :FeedbackMessage:, :created_at:, :updated_at:)', [...], false)
 2 SYSTEMPATH\Model.php(319): CodeIgniter\Database\BaseBuilder->insert()
 3 SYSTEMPATH\BaseModel.php(788): CodeIgniter\Model->doInsert([...])
 4 SYSTEMPATH\Model.php(715): CodeIgniter\BaseModel->insert([...], true)
 5 APPPATH\Controllers\GuestController.php(1164): CodeIgniter\Model->insert([...])
 6 SYSTEMPATH\CodeIgniter.php(942): App\Controllers\GuestController->submitReview()
 7 SYSTEMPATH\CodeIgniter.php(502): CodeIgniter\CodeIgniter->runController(Object(App\Controllers\GuestController))
 8 SYSTEMPATH\CodeIgniter.php(361): CodeIgniter\CodeIgniter->handleRequest(null, Object(Config\Cache), false)
 9 FCPATH\index.php(79): CodeIgniter\CodeIgniter->run()
10 SYSTEMPATH\Commands\Server\rewrite.php(47): require_once('C:\\laragon\\www\\projectmahalta\\public\\index.php')
ERROR - 2024-04-23 11:36:54 --> mysqli_sql_exception: Unknown column 'updated_at' in 'field list' in C:\laragon\www\projectmahalta\system\Database\MySQLi\Connection.php:306
Stack trace:
#0 C:\laragon\www\projectmahalta\system\Database\MySQLi\Connection.php(306): mysqli->query('INSERT INTO `fe...', 0)
#1 C:\laragon\www\projectmahalta\system\Database\BaseConnection.php(693): CodeIgniter\Database\MySQLi\Connection->execute('INSERT INTO `fe...')
#2 C:\laragon\www\projectmahalta\system\Database\BaseConnection.php(607): CodeIgniter\Database\BaseConnection->simpleQuery('INSERT INTO `fe...')
#3 C:\laragon\www\projectmahalta\system\Database\BaseBuilder.php(2308): CodeIgniter\Database\BaseConnection->query('INSERT INTO `fe...', Array, false)
#4 C:\laragon\www\projectmahalta\system\Model.php(319): CodeIgniter\Database\BaseBuilder->insert()
#5 C:\laragon\www\projectmahalta\system\BaseModel.php(788): CodeIgniter\Model->doInsert(Array)
#6 C:\laragon\www\projectmahalta\system\Model.php(715): CodeIgniter\BaseModel->insert(Array, true)
#7 C:\laragon\www\projectmahalta\app\Controllers\GuestController.php(1164): CodeIgniter\Model->insert(Array)
#8 C:\laragon\www\projectmahalta\system\CodeIgniter.php(942): App\Controllers\GuestController->submitReview()
#9 C:\laragon\www\projectmahalta\system\CodeIgniter.php(502): CodeIgniter\CodeIgniter->runController(Object(App\Controllers\GuestController))
#10 C:\laragon\www\projectmahalta\system\CodeIgniter.php(361): CodeIgniter\CodeIgniter->handleRequest(NULL, Object(Config\Cache), false)
#11 C:\laragon\www\projectmahalta\public\index.php(79): CodeIgniter\CodeIgniter->run()
#12 C:\laragon\www\projectmahalta\system\Commands\Server\rewrite.php(47): require_once('C:\\laragon\\www\\...')
#13 {main}
CRITICAL - 2024-04-23 11:36:54 --> Unknown column 'updated_at' in 'field list'
in SYSTEMPATH\Database\BaseConnection.php on line 647.
 1 SYSTEMPATH\Database\BaseBuilder.php(2308): CodeIgniter\Database\BaseConnection->query('INSERT INTO `feedback` (`UserID`, `UserRating`, `FeedbackMessage`, `created_at`, `updated_at`) VALUES (:UserID:, :UserRating:, :FeedbackMessage:, :created_at:, :updated_at:)', [...], false)
 2 SYSTEMPATH\Model.php(319): CodeIgniter\Database\BaseBuilder->insert()
 3 SYSTEMPATH\BaseModel.php(788): CodeIgniter\Model->doInsert([...])
 4 SYSTEMPATH\Model.php(715): CodeIgniter\BaseModel->insert([...], true)
 5 APPPATH\Controllers\GuestController.php(1164): CodeIgniter\Model->insert([...])
 6 SYSTEMPATH\CodeIgniter.php(942): App\Controllers\GuestController->submitReview()
 7 SYSTEMPATH\CodeIgniter.php(502): CodeIgniter\CodeIgniter->runController(Object(App\Controllers\GuestController))
 8 SYSTEMPATH\CodeIgniter.php(361): CodeIgniter\CodeIgniter->handleRequest(null, Object(Config\Cache), false)
 9 FCPATH\index.php(79): CodeIgniter\CodeIgniter->run()
10 SYSTEMPATH\Commands\Server\rewrite.php(47): require_once('C:\\laragon\\www\\projectmahalta\\public\\index.php')
ERROR - 2024-04-23 11:37:03 --> mysqli_sql_exception: Unknown column 'updated_at' in 'field list' in C:\laragon\www\projectmahalta\system\Database\MySQLi\Connection.php:306
Stack trace:
#0 C:\laragon\www\projectmahalta\system\Database\MySQLi\Connection.php(306): mysqli->query('INSERT INTO `fe...', 0)
#1 C:\laragon\www\projectmahalta\system\Database\BaseConnection.php(693): CodeIgniter\Database\MySQLi\Connection->execute('INSERT INTO `fe...')
#2 C:\laragon\www\projectmahalta\system\Database\BaseConnection.php(607): CodeIgniter\Database\BaseConnection->simpleQuery('INSERT INTO `fe...')
#3 C:\laragon\www\projectmahalta\system\Database\BaseBuilder.php(2308): CodeIgniter\Database\BaseConnection->query('INSERT INTO `fe...', Array, false)
#4 C:\laragon\www\projectmahalta\system\Model.php(319): CodeIgniter\Database\BaseBuilder->insert()
#5 C:\laragon\www\projectmahalta\system\BaseModel.php(788): CodeIgniter\Model->doInsert(Array)
#6 C:\laragon\www\projectmahalta\system\Model.php(715): CodeIgniter\BaseModel->insert(Array, true)
#7 C:\laragon\www\projectmahalta\app\Controllers\GuestController.php(1164): CodeIgniter\Model->insert(Array)
#8 C:\laragon\www\projectmahalta\system\CodeIgniter.php(942): App\Controllers\GuestController->submitReview()
#9 C:\laragon\www\projectmahalta\system\CodeIgniter.php(502): CodeIgniter\CodeIgniter->runController(Object(App\Controllers\GuestController))
#10 C:\laragon\www\projectmahalta\system\CodeIgniter.php(361): CodeIgniter\CodeIgniter->handleRequest(NULL, Object(Config\Cache), false)
#11 C:\laragon\www\projectmahalta\public\index.php(79): CodeIgniter\CodeIgniter->run()
#12 C:\laragon\www\projectmahalta\system\Commands\Server\rewrite.php(47): require_once('C:\\laragon\\www\\...')
#13 {main}
CRITICAL - 2024-04-23 11:37:03 --> Unknown column 'updated_at' in 'field list'
in SYSTEMPATH\Database\BaseConnection.php on line 647.
 1 SYSTEMPATH\Database\BaseBuilder.php(2308): CodeIgniter\Database\BaseConnection->query('INSERT INTO `feedback` (`UserID`, `UserRating`, `FeedbackMessage`, `created_at`, `updated_at`) VALUES (:UserID:, :UserRating:, :FeedbackMessage:, :created_at:, :updated_at:)', [...], false)
 2 SYSTEMPATH\Model.php(319): CodeIgniter\Database\BaseBuilder->insert()
 3 SYSTEMPATH\BaseModel.php(788): CodeIgniter\Model->doInsert([...])
 4 SYSTEMPATH\Model.php(715): CodeIgniter\BaseModel->insert([...], true)
 5 APPPATH\Controllers\GuestController.php(1164): CodeIgniter\Model->insert([...])
 6 SYSTEMPATH\CodeIgniter.php(942): App\Controllers\GuestController->submitReview()
 7 SYSTEMPATH\CodeIgniter.php(502): CodeIgniter\CodeIgniter->runController(Object(App\Controllers\GuestController))
 8 SYSTEMPATH\CodeIgniter.php(361): CodeIgniter\CodeIgniter->handleRequest(null, Object(Config\Cache), false)
 9 FCPATH\index.php(79): CodeIgniter\CodeIgniter->run()
10 SYSTEMPATH\Commands\Server\rewrite.php(47): require_once('C:\\laragon\\www\\projectmahalta\\public\\index.php')
ERROR - 2024-04-23 11:37:12 --> mysqli_sql_exception: Unknown column 'updated_at' in 'field list' in C:\laragon\www\projectmahalta\system\Database\MySQLi\Connection.php:306
Stack trace:
#0 C:\laragon\www\projectmahalta\system\Database\MySQLi\Connection.php(306): mysqli->query('INSERT INTO `fe...', 0)
#1 C:\laragon\www\projectmahalta\system\Database\BaseConnection.php(693): CodeIgniter\Database\MySQLi\Connection->execute('INSERT INTO `fe...')
#2 C:\laragon\www\projectmahalta\system\Database\BaseConnection.php(607): CodeIgniter\Database\BaseConnection->simpleQuery('INSERT INTO `fe...')
#3 C:\laragon\www\projectmahalta\system\Database\BaseBuilder.php(2308): CodeIgniter\Database\BaseConnection->query('INSERT INTO `fe...', Array, false)
#4 C:\laragon\www\projectmahalta\system\Model.php(319): CodeIgniter\Database\BaseBuilder->insert()
#5 C:\laragon\www\projectmahalta\system\BaseModel.php(788): CodeIgniter\Model->doInsert(Array)
#6 C:\laragon\www\projectmahalta\system\Model.php(715): CodeIgniter\BaseModel->insert(Array, true)
#7 C:\laragon\www\projectmahalta\app\Controllers\GuestController.php(1164): CodeIgniter\Model->insert(Array)
#8 C:\laragon\www\projectmahalta\system\CodeIgniter.php(942): App\Controllers\GuestController->submitReview()
#9 C:\laragon\www\projectmahalta\system\CodeIgniter.php(502): CodeIgniter\CodeIgniter->runController(Object(App\Controllers\GuestController))
#10 C:\laragon\www\projectmahalta\system\CodeIgniter.php(361): CodeIgniter\CodeIgniter->handleRequest(NULL, Object(Config\Cache), false)
#11 C:\laragon\www\projectmahalta\public\index.php(79): CodeIgniter\CodeIgniter->run()
#12 C:\laragon\www\projectmahalta\system\Commands\Server\rewrite.php(47): require_once('C:\\laragon\\www\\...')
#13 {main}
CRITICAL - 2024-04-23 11:37:12 --> Unknown column 'updated_at' in 'field list'
in SYSTEMPATH\Database\BaseConnection.php on line 647.
 1 SYSTEMPATH\Database\BaseBuilder.php(2308): CodeIgniter\Database\BaseConnection->query('INSERT INTO `feedback` (`UserID`, `UserRating`, `FeedbackMessage`, `created_at`, `updated_at`) VALUES (:UserID:, :UserRating:, :FeedbackMessage:, :created_at:, :updated_at:)', [...], false)
 2 SYSTEMPATH\Model.php(319): CodeIgniter\Database\BaseBuilder->insert()
 3 SYSTEMPATH\BaseModel.php(788): CodeIgniter\Model->doInsert([...])
 4 SYSTEMPATH\Model.php(715): CodeIgniter\BaseModel->insert([...], true)
 5 APPPATH\Controllers\GuestController.php(1164): CodeIgniter\Model->insert([...])
 6 SYSTEMPATH\CodeIgniter.php(942): App\Controllers\GuestController->submitReview()
 7 SYSTEMPATH\CodeIgniter.php(502): CodeIgniter\CodeIgniter->runController(Object(App\Controllers\GuestController))
 8 SYSTEMPATH\CodeIgniter.php(361): CodeIgniter\CodeIgniter->handleRequest(null, Object(Config\Cache), false)
 9 FCPATH\index.php(79): CodeIgniter\CodeIgniter->run()
10 SYSTEMPATH\Commands\Server\rewrite.php(47): require_once('C:\\laragon\\www\\projectmahalta\\public\\index.php')
ERROR - 2024-04-23 11:37:35 --> mysqli_sql_exception: Unknown column 'updated_at' in 'field list' in C:\laragon\www\projectmahalta\system\Database\MySQLi\Connection.php:306
Stack trace:
#0 C:\laragon\www\projectmahalta\system\Database\MySQLi\Connection.php(306): mysqli->query('INSERT INTO `fe...', 0)
#1 C:\laragon\www\projectmahalta\system\Database\BaseConnection.php(693): CodeIgniter\Database\MySQLi\Connection->execute('INSERT INTO `fe...')
#2 C:\laragon\www\projectmahalta\system\Database\BaseConnection.php(607): CodeIgniter\Database\BaseConnection->simpleQuery('INSERT INTO `fe...')
#3 C:\laragon\www\projectmahalta\system\Database\BaseBuilder.php(2308): CodeIgniter\Database\BaseConnection->query('INSERT INTO `fe...', Array, false)
#4 C:\laragon\www\projectmahalta\system\Model.php(319): CodeIgniter\Database\BaseBuilder->insert()
#5 C:\laragon\www\projectmahalta\system\BaseModel.php(788): CodeIgniter\Model->doInsert(Array)
#6 C:\laragon\www\projectmahalta\system\Model.php(715): CodeIgniter\BaseModel->insert(Array, true)
#7 C:\laragon\www\projectmahalta\app\Controllers\GuestController.php(1164): CodeIgniter\Model->insert(Array)
#8 C:\laragon\www\projectmahalta\system\CodeIgniter.php(942): App\Controllers\GuestController->submitReview()
#9 C:\laragon\www\projectmahalta\system\CodeIgniter.php(502): CodeIgniter\CodeIgniter->runController(Object(App\Controllers\GuestController))
#10 C:\laragon\www\projectmahalta\system\CodeIgniter.php(361): CodeIgniter\CodeIgniter->handleRequest(NULL, Object(Config\Cache), false)
#11 C:\laragon\www\projectmahalta\public\index.php(79): CodeIgniter\CodeIgniter->run()
#12 C:\laragon\www\projectmahalta\system\Commands\Server\rewrite.php(47): require_once('C:\\laragon\\www\\...')
#13 {main}
CRITICAL - 2024-04-23 11:37:35 --> Unknown column 'updated_at' in 'field list'
in SYSTEMPATH\Database\BaseConnection.php on line 647.
 1 SYSTEMPATH\Database\BaseBuilder.php(2308): CodeIgniter\Database\BaseConnection->query('INSERT INTO `feedback` (`UserID`, `UserRating`, `FeedbackMessage`, `created_at`, `updated_at`) VALUES (:UserID:, :UserRating:, :FeedbackMessage:, :created_at:, :updated_at:)', [...], false)
 2 SYSTEMPATH\Model.php(319): CodeIgniter\Database\BaseBuilder->insert()
 3 SYSTEMPATH\BaseModel.php(788): CodeIgniter\Model->doInsert([...])
 4 SYSTEMPATH\Model.php(715): CodeIgniter\BaseModel->insert([...], true)
 5 APPPATH\Controllers\GuestController.php(1164): CodeIgniter\Model->insert([...])
 6 SYSTEMPATH\CodeIgniter.php(942): App\Controllers\GuestController->submitReview()
 7 SYSTEMPATH\CodeIgniter.php(502): CodeIgniter\CodeIgniter->runController(Object(App\Controllers\GuestController))
 8 SYSTEMPATH\CodeIgniter.php(361): CodeIgniter\CodeIgniter->handleRequest(null, Object(Config\Cache), false)
 9 FCPATH\index.php(79): CodeIgniter\CodeIgniter->run()
10 SYSTEMPATH\Commands\Server\rewrite.php(47): require_once('C:\\laragon\\www\\projectmahalta\\public\\index.php')
ERROR - 2024-04-23 11:37:37 --> mysqli_sql_exception: Unknown column 'updated_at' in 'field list' in C:\laragon\www\projectmahalta\system\Database\MySQLi\Connection.php:306
Stack trace:
#0 C:\laragon\www\projectmahalta\system\Database\MySQLi\Connection.php(306): mysqli->query('INSERT INTO `fe...', 0)
#1 C:\laragon\www\projectmahalta\system\Database\BaseConnection.php(693): CodeIgniter\Database\MySQLi\Connection->execute('INSERT INTO `fe...')
#2 C:\laragon\www\projectmahalta\system\Database\BaseConnection.php(607): CodeIgniter\Database\BaseConnection->simpleQuery('INSERT INTO `fe...')
#3 C:\laragon\www\projectmahalta\system\Database\BaseBuilder.php(2308): CodeIgniter\Database\BaseConnection->query('INSERT INTO `fe...', Array, false)
#4 C:\laragon\www\projectmahalta\system\Model.php(319): CodeIgniter\Database\BaseBuilder->insert()
#5 C:\laragon\www\projectmahalta\system\BaseModel.php(788): CodeIgniter\Model->doInsert(Array)
#6 C:\laragon\www\projectmahalta\system\Model.php(715): CodeIgniter\BaseModel->insert(Array, true)
#7 C:\laragon\www\projectmahalta\app\Controllers\GuestController.php(1164): CodeIgniter\Model->insert(Array)
#8 C:\laragon\www\projectmahalta\system\CodeIgniter.php(942): App\Controllers\GuestController->submitReview()
#9 C:\laragon\www\projectmahalta\system\CodeIgniter.php(502): CodeIgniter\CodeIgniter->runController(Object(App\Controllers\GuestController))
#10 C:\laragon\www\projectmahalta\system\CodeIgniter.php(361): CodeIgniter\CodeIgniter->handleRequest(NULL, Object(Config\Cache), false)
#11 C:\laragon\www\projectmahalta\public\index.php(79): CodeIgniter\CodeIgniter->run()
#12 C:\laragon\www\projectmahalta\system\Commands\Server\rewrite.php(47): require_once('C:\\laragon\\www\\...')
#13 {main}
CRITICAL - 2024-04-23 11:37:37 --> Unknown column 'updated_at' in 'field list'
in SYSTEMPATH\Database\BaseConnection.php on line 647.
 1 SYSTEMPATH\Database\BaseBuilder.php(2308): CodeIgniter\Database\BaseConnection->query('INSERT INTO `feedback` (`UserID`, `UserRating`, `FeedbackMessage`, `created_at`, `updated_at`) VALUES (:UserID:, :UserRating:, :FeedbackMessage:, :created_at:, :updated_at:)', [...], false)
 2 SYSTEMPATH\Model.php(319): CodeIgniter\Database\BaseBuilder->insert()
 3 SYSTEMPATH\BaseModel.php(788): CodeIgniter\Model->doInsert([...])
 4 SYSTEMPATH\Model.php(715): CodeIgniter\BaseModel->insert([...], true)
 5 APPPATH\Controllers\GuestController.php(1164): CodeIgniter\Model->insert([...])
 6 SYSTEMPATH\CodeIgniter.php(942): App\Controllers\GuestController->submitReview()
 7 SYSTEMPATH\CodeIgniter.php(502): CodeIgniter\CodeIgniter->runController(Object(App\Controllers\GuestController))
 8 SYSTEMPATH\CodeIgniter.php(361): CodeIgniter\CodeIgniter->handleRequest(null, Object(Config\Cache), false)
 9 FCPATH\index.php(79): CodeIgniter\CodeIgniter->run()
10 SYSTEMPATH\Commands\Server\rewrite.php(47): require_once('C:\\laragon\\www\\projectmahalta\\public\\index.php')
ERROR - 2024-04-23 11:37:39 --> mysqli_sql_exception: Unknown column 'updated_at' in 'field list' in C:\laragon\www\projectmahalta\system\Database\MySQLi\Connection.php:306
Stack trace:
#0 C:\laragon\www\projectmahalta\system\Database\MySQLi\Connection.php(306): mysqli->query('INSERT INTO `fe...', 0)
#1 C:\laragon\www\projectmahalta\system\Database\BaseConnection.php(693): CodeIgniter\Database\MySQLi\Connection->execute('INSERT INTO `fe...')
#2 C:\laragon\www\projectmahalta\system\Database\BaseConnection.php(607): CodeIgniter\Database\BaseConnection->simpleQuery('INSERT INTO `fe...')
#3 C:\laragon\www\projectmahalta\system\Database\BaseBuilder.php(2308): CodeIgniter\Database\BaseConnection->query('INSERT INTO `fe...', Array, false)
#4 C:\laragon\www\projectmahalta\system\Model.php(319): CodeIgniter\Database\BaseBuilder->insert()
#5 C:\laragon\www\projectmahalta\system\BaseModel.php(788): CodeIgniter\Model->doInsert(Array)
#6 C:\laragon\www\projectmahalta\system\Model.php(715): CodeIgniter\BaseModel->insert(Array, true)
#7 C:\laragon\www\projectmahalta\app\Controllers\GuestController.php(1164): CodeIgniter\Model->insert(Array)
#8 C:\laragon\www\projectmahalta\system\CodeIgniter.php(942): App\Controllers\GuestController->submitReview()
#9 C:\laragon\www\projectmahalta\system\CodeIgniter.php(502): CodeIgniter\CodeIgniter->runController(Object(App\Controllers\GuestController))
#10 C:\laragon\www\projectmahalta\system\CodeIgniter.php(361): CodeIgniter\CodeIgniter->handleRequest(NULL, Object(Config\Cache), false)
#11 C:\laragon\www\projectmahalta\public\index.php(79): CodeIgniter\CodeIgniter->run()
#12 C:\laragon\www\projectmahalta\system\Commands\Server\rewrite.php(47): require_once('C:\\laragon\\www\\...')
#13 {main}
CRITICAL - 2024-04-23 11:37:39 --> Unknown column 'updated_at' in 'field list'
in SYSTEMPATH\Database\BaseConnection.php on line 647.
 1 SYSTEMPATH\Database\BaseBuilder.php(2308): CodeIgniter\Database\BaseConnection->query('INSERT INTO `feedback` (`UserID`, `UserRating`, `FeedbackMessage`, `created_at`, `updated_at`) VALUES (:UserID:, :UserRating:, :FeedbackMessage:, :created_at:, :updated_at:)', [...], false)
 2 SYSTEMPATH\Model.php(319): CodeIgniter\Database\BaseBuilder->insert()
 3 SYSTEMPATH\BaseModel.php(788): CodeIgniter\Model->doInsert([...])
 4 SYSTEMPATH\Model.php(715): CodeIgniter\BaseModel->insert([...], true)
 5 APPPATH\Controllers\GuestController.php(1164): CodeIgniter\Model->insert([...])
 6 SYSTEMPATH\CodeIgniter.php(942): App\Controllers\GuestController->submitReview()
 7 SYSTEMPATH\CodeIgniter.php(502): CodeIgniter\CodeIgniter->runController(Object(App\Controllers\GuestController))
 8 SYSTEMPATH\CodeIgniter.php(361): CodeIgniter\CodeIgniter->handleRequest(null, Object(Config\Cache), false)
 9 FCPATH\index.php(79): CodeIgniter\CodeIgniter->run()
10 SYSTEMPATH\Commands\Server\rewrite.php(47): require_once('C:\\laragon\\www\\projectmahalta\\public\\index.php')
ERROR - 2024-04-23 11:41:54 --> mysqli_sql_exception: Unknown column 'updated_at' in 'field list' in C:\laragon\www\projectmahalta\system\Database\MySQLi\Connection.php:306
Stack trace:
#0 C:\laragon\www\projectmahalta\system\Database\MySQLi\Connection.php(306): mysqli->query('INSERT INTO `fe...', 0)
#1 C:\laragon\www\projectmahalta\system\Database\BaseConnection.php(693): CodeIgniter\Database\MySQLi\Connection->execute('INSERT INTO `fe...')
#2 C:\laragon\www\projectmahalta\system\Database\BaseConnection.php(607): CodeIgniter\Database\BaseConnection->simpleQuery('INSERT INTO `fe...')
#3 C:\laragon\www\projectmahalta\system\Database\BaseBuilder.php(2308): CodeIgniter\Database\BaseConnection->query('INSERT INTO `fe...', Array, false)
#4 C:\laragon\www\projectmahalta\system\Model.php(319): CodeIgniter\Database\BaseBuilder->insert()
#5 C:\laragon\www\projectmahalta\system\BaseModel.php(788): CodeIgniter\Model->doInsert(Array)
#6 C:\laragon\www\projectmahalta\system\Model.php(715): CodeIgniter\BaseModel->insert(Array, true)
#7 C:\laragon\www\projectmahalta\app\Controllers\GuestController.php(1170): CodeIgniter\Model->insert(Array)
#8 C:\laragon\www\projectmahalta\system\CodeIgniter.php(942): App\Controllers\GuestController->submitReview()
#9 C:\laragon\www\projectmahalta\system\CodeIgniter.php(502): CodeIgniter\CodeIgniter->runController(Object(App\Controllers\GuestController))
#10 C:\laragon\www\projectmahalta\system\CodeIgniter.php(361): CodeIgniter\CodeIgniter->handleRequest(NULL, Object(Config\Cache), false)
#11 C:\laragon\www\projectmahalta\public\index.php(79): CodeIgniter\CodeIgniter->run()
#12 C:\laragon\www\projectmahalta\system\Commands\Server\rewrite.php(47): require_once('C:\\laragon\\www\\...')
#13 {main}
CRITICAL - 2024-04-23 11:41:54 --> Unknown column 'updated_at' in 'field list'
in SYSTEMPATH\Database\BaseConnection.php on line 647.
 1 SYSTEMPATH\Database\BaseBuilder.php(2308): CodeIgniter\Database\BaseConnection->query('INSERT INTO `feedback` (`UserID`, `UserRating`, `FeedbackMessage`, `created_at`, `updated_at`) VALUES (:UserID:, :UserRating:, :FeedbackMessage:, :created_at:, :updated_at:)', [...], false)
 2 SYSTEMPATH\Model.php(319): CodeIgniter\Database\BaseBuilder->insert()
 3 SYSTEMPATH\BaseModel.php(788): CodeIgniter\Model->doInsert([...])
 4 SYSTEMPATH\Model.php(715): CodeIgniter\BaseModel->insert([...], true)
 5 APPPATH\Controllers\GuestController.php(1170): CodeIgniter\Model->insert([...])
 6 SYSTEMPATH\CodeIgniter.php(942): App\Controllers\GuestController->submitReview()
 7 SYSTEMPATH\CodeIgniter.php(502): CodeIgniter\CodeIgniter->runController(Object(App\Controllers\GuestController))
 8 SYSTEMPATH\CodeIgniter.php(361): CodeIgniter\CodeIgniter->handleRequest(null, Object(Config\Cache), false)
 9 FCPATH\index.php(79): CodeIgniter\CodeIgniter->run()
10 SYSTEMPATH\Commands\Server\rewrite.php(47): require_once('C:\\laragon\\www\\projectmahalta\\public\\index.php')
ERROR - 2024-04-23 11:42:25 --> mysqli_sql_exception: Unknown column 'updated_at' in 'field list' in C:\laragon\www\projectmahalta\system\Database\MySQLi\Connection.php:306
Stack trace:
#0 C:\laragon\www\projectmahalta\system\Database\MySQLi\Connection.php(306): mysqli->query('INSERT INTO `fe...', 0)
#1 C:\laragon\www\projectmahalta\system\Database\BaseConnection.php(693): CodeIgniter\Database\MySQLi\Connection->execute('INSERT INTO `fe...')
#2 C:\laragon\www\projectmahalta\system\Database\BaseConnection.php(607): CodeIgniter\Database\BaseConnection->simpleQuery('INSERT INTO `fe...')
#3 C:\laragon\www\projectmahalta\system\Database\BaseBuilder.php(2308): CodeIgniter\Database\BaseConnection->query('INSERT INTO `fe...', Array, false)
#4 C:\laragon\www\projectmahalta\system\Model.php(319): CodeIgniter\Database\BaseBuilder->insert()
#5 C:\laragon\www\projectmahalta\system\BaseModel.php(788): CodeIgniter\Model->doInsert(Array)
#6 C:\laragon\www\projectmahalta\system\Model.php(715): CodeIgniter\BaseModel->insert(Array, true)
#7 C:\laragon\www\projectmahalta\app\Controllers\GuestController.php(1170): CodeIgniter\Model->insert(Array)
#8 C:\laragon\www\projectmahalta\system\CodeIgniter.php(942): App\Controllers\GuestController->submitReview()
#9 C:\laragon\www\projectmahalta\system\CodeIgniter.php(502): CodeIgniter\CodeIgniter->runController(Object(App\Controllers\GuestController))
#10 C:\laragon\www\projectmahalta\system\CodeIgniter.php(361): CodeIgniter\CodeIgniter->handleRequest(NULL, Object(Config\Cache), false)
#11 C:\laragon\www\projectmahalta\public\index.php(79): CodeIgniter\CodeIgniter->run()
#12 C:\laragon\www\projectmahalta\system\Commands\Server\rewrite.php(47): require_once('C:\\laragon\\www\\...')
#13 {main}
CRITICAL - 2024-04-23 11:42:25 --> Unknown column 'updated_at' in 'field list'
in SYSTEMPATH\Database\BaseConnection.php on line 647.
 1 SYSTEMPATH\Database\BaseBuilder.php(2308): CodeIgniter\Database\BaseConnection->query('INSERT INTO `feedback` (`UserID`, `UserRating`, `FeedbackMessage`, `created_at`, `updated_at`) VALUES (:UserID:, :UserRating:, :FeedbackMessage:, :created_at:, :updated_at:)', [...], false)
 2 SYSTEMPATH\Model.php(319): CodeIgniter\Database\BaseBuilder->insert()
 3 SYSTEMPATH\BaseModel.php(788): CodeIgniter\Model->doInsert([...])
 4 SYSTEMPATH\Model.php(715): CodeIgniter\BaseModel->insert([...], true)
 5 APPPATH\Controllers\GuestController.php(1170): CodeIgniter\Model->insert([...])
 6 SYSTEMPATH\CodeIgniter.php(942): App\Controllers\GuestController->submitReview()
 7 SYSTEMPATH\CodeIgniter.php(502): CodeIgniter\CodeIgniter->runController(Object(App\Controllers\GuestController))
 8 SYSTEMPATH\CodeIgniter.php(361): CodeIgniter\CodeIgniter->handleRequest(null, Object(Config\Cache), false)
 9 FCPATH\index.php(79): CodeIgniter\CodeIgniter->run()
10 SYSTEMPATH\Commands\Server\rewrite.php(47): require_once('C:\\laragon\\www\\projectmahalta\\public\\index.php')
ERROR - 2024-04-23 11:42:32 --> mysqli_sql_exception: Unknown column 'updated_at' in 'field list' in C:\laragon\www\projectmahalta\system\Database\MySQLi\Connection.php:306
Stack trace:
#0 C:\laragon\www\projectmahalta\system\Database\MySQLi\Connection.php(306): mysqli->query('INSERT INTO `fe...', 0)
#1 C:\laragon\www\projectmahalta\system\Database\BaseConnection.php(693): CodeIgniter\Database\MySQLi\Connection->execute('INSERT INTO `fe...')
#2 C:\laragon\www\projectmahalta\system\Database\BaseConnection.php(607): CodeIgniter\Database\BaseConnection->simpleQuery('INSERT INTO `fe...')
#3 C:\laragon\www\projectmahalta\system\Database\BaseBuilder.php(2308): CodeIgniter\Database\BaseConnection->query('INSERT INTO `fe...', Array, false)
#4 C:\laragon\www\projectmahalta\system\Model.php(319): CodeIgniter\Database\BaseBuilder->insert()
#5 C:\laragon\www\projectmahalta\system\BaseModel.php(788): CodeIgniter\Model->doInsert(Array)
#6 C:\laragon\www\projectmahalta\system\Model.php(715): CodeIgniter\BaseModel->insert(Array, true)
#7 C:\laragon\www\projectmahalta\app\Controllers\GuestController.php(1170): CodeIgniter\Model->insert(Array)
#8 C:\laragon\www\projectmahalta\system\CodeIgniter.php(942): App\Controllers\GuestController->submitReview()
#9 C:\laragon\www\projectmahalta\system\CodeIgniter.php(502): CodeIgniter\CodeIgniter->runController(Object(App\Controllers\GuestController))
#10 C:\laragon\www\projectmahalta\system\CodeIgniter.php(361): CodeIgniter\CodeIgniter->handleRequest(NULL, Object(Config\Cache), false)
#11 C:\laragon\www\projectmahalta\public\index.php(79): CodeIgniter\CodeIgniter->run()
#12 C:\laragon\www\projectmahalta\system\Commands\Server\rewrite.php(47): require_once('C:\\laragon\\www\\...')
#13 {main}
CRITICAL - 2024-04-23 11:42:32 --> Unknown column 'updated_at' in 'field list'
in SYSTEMPATH\Database\BaseConnection.php on line 647.
 1 SYSTEMPATH\Database\BaseBuilder.php(2308): CodeIgniter\Database\BaseConnection->query('INSERT INTO `feedback` (`UserID`, `UserRating`, `FeedbackMessage`, `created_at`, `updated_at`) VALUES (:UserID:, :UserRating:, :FeedbackMessage:, :created_at:, :updated_at:)', [...], false)
 2 SYSTEMPATH\Model.php(319): CodeIgniter\Database\BaseBuilder->insert()
 3 SYSTEMPATH\BaseModel.php(788): CodeIgniter\Model->doInsert([...])
 4 SYSTEMPATH\Model.php(715): CodeIgniter\BaseModel->insert([...], true)
 5 APPPATH\Controllers\GuestController.php(1170): CodeIgniter\Model->insert([...])
 6 SYSTEMPATH\CodeIgniter.php(942): App\Controllers\GuestController->submitReview()
 7 SYSTEMPATH\CodeIgniter.php(502): CodeIgniter\CodeIgniter->runController(Object(App\Controllers\GuestController))
 8 SYSTEMPATH\CodeIgniter.php(361): CodeIgniter\CodeIgniter->handleRequest(null, Object(Config\Cache), false)
 9 FCPATH\index.php(79): CodeIgniter\CodeIgniter->run()
10 SYSTEMPATH\Commands\Server\rewrite.php(47): require_once('C:\\laragon\\www\\projectmahalta\\public\\index.php')
ERROR - 2024-04-23 11:44:48 --> mysqli_sql_exception: Unknown column 'updated_at' in 'field list' in C:\laragon\www\projectmahalta\system\Database\MySQLi\Connection.php:306
Stack trace:
#0 C:\laragon\www\projectmahalta\system\Database\MySQLi\Connection.php(306): mysqli->query('INSERT INTO `fe...', 0)
#1 C:\laragon\www\projectmahalta\system\Database\BaseConnection.php(693): CodeIgniter\Database\MySQLi\Connection->execute('INSERT INTO `fe...')
#2 C:\laragon\www\projectmahalta\system\Database\BaseConnection.php(607): CodeIgniter\Database\BaseConnection->simpleQuery('INSERT INTO `fe...')
#3 C:\laragon\www\projectmahalta\system\Database\BaseBuilder.php(2308): CodeIgniter\Database\BaseConnection->query('INSERT INTO `fe...', Array, false)
#4 C:\laragon\www\projectmahalta\system\Model.php(319): CodeIgniter\Database\BaseBuilder->insert()
#5 C:\laragon\www\projectmahalta\system\BaseModel.php(788): CodeIgniter\Model->doInsert(Array)
#6 C:\laragon\www\projectmahalta\system\Model.php(715): CodeIgniter\BaseModel->insert(Array, true)
#7 C:\laragon\www\projectmahalta\app\Controllers\GuestController.php(1170): CodeIgniter\Model->insert(Array)
#8 C:\laragon\www\projectmahalta\system\CodeIgniter.php(942): App\Controllers\GuestController->submitReview()
#9 C:\laragon\www\projectmahalta\system\CodeIgniter.php(502): CodeIgniter\CodeIgniter->runController(Object(App\Controllers\GuestController))
#10 C:\laragon\www\projectmahalta\system\CodeIgniter.php(361): CodeIgniter\CodeIgniter->handleRequest(NULL, Object(Config\Cache), false)
#11 C:\laragon\www\projectmahalta\public\index.php(79): CodeIgniter\CodeIgniter->run()
#12 C:\laragon\www\projectmahalta\system\Commands\Server\rewrite.php(47): require_once('C:\\laragon\\www\\...')
#13 {main}
CRITICAL - 2024-04-23 11:44:48 --> Unknown column 'updated_at' in 'field list'
in SYSTEMPATH\Database\BaseConnection.php on line 647.
 1 SYSTEMPATH\Database\BaseBuilder.php(2308): CodeIgniter\Database\BaseConnection->query('INSERT INTO `feedback` (`UserID`, `UserRating`, `FeedbackMessage`, `created_at`, `updated_at`) VALUES (:UserID:, :UserRating:, :FeedbackMessage:, :created_at:, :updated_at:)', [...], false)
 2 SYSTEMPATH\Model.php(319): CodeIgniter\Database\BaseBuilder->insert()
 3 SYSTEMPATH\BaseModel.php(788): CodeIgniter\Model->doInsert([...])
 4 SYSTEMPATH\Model.php(715): CodeIgniter\BaseModel->insert([...], true)
 5 APPPATH\Controllers\GuestController.php(1170): CodeIgniter\Model->insert([...])
 6 SYSTEMPATH\CodeIgniter.php(942): App\Controllers\GuestController->submitReview()
 7 SYSTEMPATH\CodeIgniter.php(502): CodeIgniter\CodeIgniter->runController(Object(App\Controllers\GuestController))
 8 SYSTEMPATH\CodeIgniter.php(361): CodeIgniter\CodeIgniter->handleRequest(null, Object(Config\Cache), false)
 9 FCPATH\index.php(79): CodeIgniter\CodeIgniter->run()
10 SYSTEMPATH\Commands\Server\rewrite.php(47): require_once('C:\\laragon\\www\\projectmahalta\\public\\index.php')
ERROR - 2024-04-23 11:47:49 --> mysqli_sql_exception: Unknown column 'updated_at' in 'field list' in C:\laragon\www\projectmahalta\system\Database\MySQLi\Connection.php:306
Stack trace:
#0 C:\laragon\www\projectmahalta\system\Database\MySQLi\Connection.php(306): mysqli->query('INSERT INTO `fe...', 0)
#1 C:\laragon\www\projectmahalta\system\Database\BaseConnection.php(693): CodeIgniter\Database\MySQLi\Connection->execute('INSERT INTO `fe...')
#2 C:\laragon\www\projectmahalta\system\Database\BaseConnection.php(607): CodeIgniter\Database\BaseConnection->simpleQuery('INSERT INTO `fe...')
#3 C:\laragon\www\projectmahalta\system\Database\BaseBuilder.php(2308): CodeIgniter\Database\BaseConnection->query('INSERT INTO `fe...', Array, false)
#4 C:\laragon\www\projectmahalta\system\Model.php(319): CodeIgniter\Database\BaseBuilder->insert()
#5 C:\laragon\www\projectmahalta\system\BaseModel.php(788): CodeIgniter\Model->doInsert(Array)
#6 C:\laragon\www\projectmahalta\system\Model.php(715): CodeIgniter\BaseModel->insert(Array, true)
#7 C:\laragon\www\projectmahalta\app\Controllers\GuestController.php(1164): CodeIgniter\Model->insert(Array)
#8 C:\laragon\www\projectmahalta\system\CodeIgniter.php(942): App\Controllers\GuestController->submitReview()
#9 C:\laragon\www\projectmahalta\system\CodeIgniter.php(502): CodeIgniter\CodeIgniter->runController(Object(App\Controllers\GuestController))
#10 C:\laragon\www\projectmahalta\system\CodeIgniter.php(361): CodeIgniter\CodeIgniter->handleRequest(NULL, Object(Config\Cache), false)
#11 C:\laragon\www\projectmahalta\public\index.php(79): CodeIgniter\CodeIgniter->run()
#12 C:\laragon\www\projectmahalta\system\Commands\Server\rewrite.php(47): require_once('C:\\laragon\\www\\...')
#13 {main}
CRITICAL - 2024-04-23 11:47:49 --> Unknown column 'updated_at' in 'field list'
in SYSTEMPATH\Database\BaseConnection.php on line 647.
 1 SYSTEMPATH\Database\BaseBuilder.php(2308): CodeIgniter\Database\BaseConnection->query('INSERT INTO `feedback` (`UserID`, `UserRating`, `FeedbackMessage`, `created_at`, `updated_at`) VALUES (:UserID:, :UserRating:, :FeedbackMessage:, :created_at:, :updated_at:)', [...], false)
 2 SYSTEMPATH\Model.php(319): CodeIgniter\Database\BaseBuilder->insert()
 3 SYSTEMPATH\BaseModel.php(788): CodeIgniter\Model->doInsert([...])
 4 SYSTEMPATH\Model.php(715): CodeIgniter\BaseModel->insert([...], true)
 5 APPPATH\Controllers\GuestController.php(1164): CodeIgniter\Model->insert([...])
 6 SYSTEMPATH\CodeIgniter.php(942): App\Controllers\GuestController->submitReview()
 7 SYSTEMPATH\CodeIgniter.php(502): CodeIgniter\CodeIgniter->runController(Object(App\Controllers\GuestController))
 8 SYSTEMPATH\CodeIgniter.php(361): CodeIgniter\CodeIgniter->handleRequest(null, Object(Config\Cache), false)
 9 FCPATH\index.php(79): CodeIgniter\CodeIgniter->run()
10 SYSTEMPATH\Commands\Server\rewrite.php(47): require_once('C:\\laragon\\www\\projectmahalta\\public\\index.php')
ERROR - 2024-04-23 11:49:04 --> mysqli_sql_exception: Unknown column 'updated_at' in 'field list' in C:\laragon\www\projectmahalta\system\Database\MySQLi\Connection.php:306
Stack trace:
#0 C:\laragon\www\projectmahalta\system\Database\MySQLi\Connection.php(306): mysqli->query('INSERT INTO `fe...', 0)
#1 C:\laragon\www\projectmahalta\system\Database\BaseConnection.php(693): CodeIgniter\Database\MySQLi\Connection->execute('INSERT INTO `fe...')
#2 C:\laragon\www\projectmahalta\system\Database\BaseConnection.php(607): CodeIgniter\Database\BaseConnection->simpleQuery('INSERT INTO `fe...')
#3 C:\laragon\www\projectmahalta\system\Database\BaseBuilder.php(2308): CodeIgniter\Database\BaseConnection->query('INSERT INTO `fe...', Array, false)
#4 C:\laragon\www\projectmahalta\system\Model.php(319): CodeIgniter\Database\BaseBuilder->insert()
#5 C:\laragon\www\projectmahalta\system\BaseModel.php(788): CodeIgniter\Model->doInsert(Array)
#6 C:\laragon\www\projectmahalta\system\Model.php(715): CodeIgniter\BaseModel->insert(Array, true)
#7 C:\laragon\www\projectmahalta\app\Controllers\GuestController.php(1170): CodeIgniter\Model->insert(Array)
#8 C:\laragon\www\projectmahalta\system\CodeIgniter.php(942): App\Controllers\GuestController->submitReview()
#9 C:\laragon\www\projectmahalta\system\CodeIgniter.php(502): CodeIgniter\CodeIgniter->runController(Object(App\Controllers\GuestController))
#10 C:\laragon\www\projectmahalta\system\CodeIgniter.php(361): CodeIgniter\CodeIgniter->handleRequest(NULL, Object(Config\Cache), false)
#11 C:\laragon\www\projectmahalta\public\index.php(79): CodeIgniter\CodeIgniter->run()
#12 C:\laragon\www\projectmahalta\system\Commands\Server\rewrite.php(47): require_once('C:\\laragon\\www\\...')
#13 {main}
CRITICAL - 2024-04-23 11:49:04 --> Unknown column 'updated_at' in 'field list'
in SYSTEMPATH\Database\BaseConnection.php on line 647.
 1 SYSTEMPATH\Database\BaseBuilder.php(2308): CodeIgniter\Database\BaseConnection->query('INSERT INTO `feedback` (`UserID`, `UserRating`, `FeedbackMessage`, `created_at`, `updated_at`) VALUES (:UserID:, :UserRating:, :FeedbackMessage:, :created_at:, :updated_at:)', [...], false)
 2 SYSTEMPATH\Model.php(319): CodeIgniter\Database\BaseBuilder->insert()
 3 SYSTEMPATH\BaseModel.php(788): CodeIgniter\Model->doInsert([...])
 4 SYSTEMPATH\Model.php(715): CodeIgniter\BaseModel->insert([...], true)
 5 APPPATH\Controllers\GuestController.php(1170): CodeIgniter\Model->insert([...])
 6 SYSTEMPATH\CodeIgniter.php(942): App\Controllers\GuestController->submitReview()
 7 SYSTEMPATH\CodeIgniter.php(502): CodeIgniter\CodeIgniter->runController(Object(App\Controllers\GuestController))
 8 SYSTEMPATH\CodeIgniter.php(361): CodeIgniter\CodeIgniter->handleRequest(null, Object(Config\Cache), false)
 9 FCPATH\index.php(79): CodeIgniter\CodeIgniter->run()
10 SYSTEMPATH\Commands\Server\rewrite.php(47): require_once('C:\\laragon\\www\\projectmahalta\\public\\index.php')
ERROR - 2024-04-23 11:51:10 --> mysqli_sql_exception: Unknown column 'updated_at' in 'field list' in C:\laragon\www\projectmahalta\system\Database\MySQLi\Connection.php:306
Stack trace:
#0 C:\laragon\www\projectmahalta\system\Database\MySQLi\Connection.php(306): mysqli->query('INSERT INTO `fe...', 0)
#1 C:\laragon\www\projectmahalta\system\Database\BaseConnection.php(693): CodeIgniter\Database\MySQLi\Connection->execute('INSERT INTO `fe...')
#2 C:\laragon\www\projectmahalta\system\Database\BaseConnection.php(607): CodeIgniter\Database\BaseConnection->simpleQuery('INSERT INTO `fe...')
#3 C:\laragon\www\projectmahalta\system\Database\BaseBuilder.php(2308): CodeIgniter\Database\BaseConnection->query('INSERT INTO `fe...', Array, false)
#4 C:\laragon\www\projectmahalta\system\Model.php(319): CodeIgniter\Database\BaseBuilder->insert()
#5 C:\laragon\www\projectmahalta\system\BaseModel.php(788): CodeIgniter\Model->doInsert(Array)
#6 C:\laragon\www\projectmahalta\system\Model.php(715): CodeIgniter\BaseModel->insert(Array, true)
#7 C:\laragon\www\projectmahalta\app\Controllers\GuestController.php(1170): CodeIgniter\Model->insert(Array)
#8 C:\laragon\www\projectmahalta\system\CodeIgniter.php(942): App\Controllers\GuestController->submitReview()
#9 C:\laragon\www\projectmahalta\system\CodeIgniter.php(502): CodeIgniter\CodeIgniter->runController(Object(App\Controllers\GuestController))
#10 C:\laragon\www\projectmahalta\system\CodeIgniter.php(361): CodeIgniter\CodeIgniter->handleRequest(NULL, Object(Config\Cache), false)
#11 C:\laragon\www\projectmahalta\public\index.php(79): CodeIgniter\CodeIgniter->run()
#12 C:\laragon\www\projectmahalta\system\Commands\Server\rewrite.php(47): require_once('C:\\laragon\\www\\...')
#13 {main}
CRITICAL - 2024-04-23 11:51:10 --> Unknown column 'updated_at' in 'field list'
in SYSTEMPATH\Database\BaseConnection.php on line 647.
 1 SYSTEMPATH\Database\BaseBuilder.php(2308): CodeIgniter\Database\BaseConnection->query('INSERT INTO `feedback` (`UserID`, `UserRating`, `FeedbackMessage`, `created_at`, `updated_at`) VALUES (:UserID:, :UserRating:, :FeedbackMessage:, :created_at:, :updated_at:)', [...], false)
 2 SYSTEMPATH\Model.php(319): CodeIgniter\Database\BaseBuilder->insert()
 3 SYSTEMPATH\BaseModel.php(788): CodeIgniter\Model->doInsert([...])
 4 SYSTEMPATH\Model.php(715): CodeIgniter\BaseModel->insert([...], true)
 5 APPPATH\Controllers\GuestController.php(1170): CodeIgniter\Model->insert([...])
 6 SYSTEMPATH\CodeIgniter.php(942): App\Controllers\GuestController->submitReview()
 7 SYSTEMPATH\CodeIgniter.php(502): CodeIgniter\CodeIgniter->runController(Object(App\Controllers\GuestController))
 8 SYSTEMPATH\CodeIgniter.php(361): CodeIgniter\CodeIgniter->handleRequest(null, Object(Config\Cache), false)
 9 FCPATH\index.php(79): CodeIgniter\CodeIgniter->run()
10 SYSTEMPATH\Commands\Server\rewrite.php(47): require_once('C:\\laragon\\www\\projectmahalta\\public\\index.php')
ERROR - 2024-04-23 11:51:20 --> mysqli_sql_exception: Unknown column 'updated_at' in 'field list' in C:\laragon\www\projectmahalta\system\Database\MySQLi\Connection.php:306
Stack trace:
#0 C:\laragon\www\projectmahalta\system\Database\MySQLi\Connection.php(306): mysqli->query('INSERT INTO `fe...', 0)
#1 C:\laragon\www\projectmahalta\system\Database\BaseConnection.php(693): CodeIgniter\Database\MySQLi\Connection->execute('INSERT INTO `fe...')
#2 C:\laragon\www\projectmahalta\system\Database\BaseConnection.php(607): CodeIgniter\Database\BaseConnection->simpleQuery('INSERT INTO `fe...')
#3 C:\laragon\www\projectmahalta\system\Database\BaseBuilder.php(2308): CodeIgniter\Database\BaseConnection->query('INSERT INTO `fe...', Array, false)
#4 C:\laragon\www\projectmahalta\system\Model.php(319): CodeIgniter\Database\BaseBuilder->insert()
#5 C:\laragon\www\projectmahalta\system\BaseModel.php(788): CodeIgniter\Model->doInsert(Array)
#6 C:\laragon\www\projectmahalta\system\Model.php(715): CodeIgniter\BaseModel->insert(Array, true)
#7 C:\laragon\www\projectmahalta\app\Controllers\GuestController.php(1170): CodeIgniter\Model->insert(Array)
#8 C:\laragon\www\projectmahalta\system\CodeIgniter.php(942): App\Controllers\GuestController->submitReview()
#9 C:\laragon\www\projectmahalta\system\CodeIgniter.php(502): CodeIgniter\CodeIgniter->runController(Object(App\Controllers\GuestController))
#10 C:\laragon\www\projectmahalta\system\CodeIgniter.php(361): CodeIgniter\CodeIgniter->handleRequest(NULL, Object(Config\Cache), false)
#11 C:\laragon\www\projectmahalta\public\index.php(79): CodeIgniter\CodeIgniter->run()
#12 C:\laragon\www\projectmahalta\system\Commands\Server\rewrite.php(47): require_once('C:\\laragon\\www\\...')
#13 {main}
CRITICAL - 2024-04-23 11:51:20 --> Unknown column 'updated_at' in 'field list'
in SYSTEMPATH\Database\BaseConnection.php on line 647.
 1 SYSTEMPATH\Database\BaseBuilder.php(2308): CodeIgniter\Database\BaseConnection->query('INSERT INTO `feedback` (`UserID`, `UserRating`, `FeedbackMessage`, `created_at`, `updated_at`) VALUES (:UserID:, :UserRating:, :FeedbackMessage:, :created_at:, :updated_at:)', [...], false)
 2 SYSTEMPATH\Model.php(319): CodeIgniter\Database\BaseBuilder->insert()
 3 SYSTEMPATH\BaseModel.php(788): CodeIgniter\Model->doInsert([...])
 4 SYSTEMPATH\Model.php(715): CodeIgniter\BaseModel->insert([...], true)
 5 APPPATH\Controllers\GuestController.php(1170): CodeIgniter\Model->insert([...])
 6 SYSTEMPATH\CodeIgniter.php(942): App\Controllers\GuestController->submitReview()
 7 SYSTEMPATH\CodeIgniter.php(502): CodeIgniter\CodeIgniter->runController(Object(App\Controllers\GuestController))
 8 SYSTEMPATH\CodeIgniter.php(361): CodeIgniter\CodeIgniter->handleRequest(null, Object(Config\Cache), false)
 9 FCPATH\index.php(79): CodeIgniter\CodeIgniter->run()
10 SYSTEMPATH\Commands\Server\rewrite.php(47): require_once('C:\\laragon\\www\\projectmahalta\\public\\index.php')
ERROR - 2024-04-23 12:13:54 --> mysqli_sql_exception: Unknown column 'feedback.datetime' in 'field list' in C:\laragon\www\projectmahalta\system\Database\MySQLi\Connection.php:306
Stack trace:
#0 C:\laragon\www\projectmahalta\system\Database\MySQLi\Connection.php(306): mysqli->query('SELECT `feedbac...', 0)
#1 C:\laragon\www\projectmahalta\system\Database\BaseConnection.php(693): CodeIgniter\Database\MySQLi\Connection->execute('SELECT `feedbac...')
#2 C:\laragon\www\projectmahalta\system\Database\BaseConnection.php(607): CodeIgniter\Database\BaseConnection->simpleQuery('SELECT `feedbac...')
#3 C:\laragon\www\projectmahalta\system\Database\BaseBuilder.php(1615): CodeIgniter\Database\BaseConnection->query('SELECT `feedbac...', Array, false)
#4 C:\laragon\www\projectmahalta\system\Model.php(237): CodeIgniter\Database\BaseBuilder->get()
#5 C:\laragon\www\projectmahalta\system\BaseModel.php(624): CodeIgniter\Model->doFindAll(0, 0)
#6 C:\laragon\www\projectmahalta\app\Controllers\GuestController.php(88): CodeIgniter\BaseModel->findAll()
#7 C:\laragon\www\projectmahalta\system\CodeIgniter.php(942): App\Controllers\GuestController->home()
#8 C:\laragon\www\projectmahalta\system\CodeIgniter.php(502): CodeIgniter\CodeIgniter->runController(Object(App\Controllers\GuestController))
#9 C:\laragon\www\projectmahalta\system\CodeIgniter.php(361): CodeIgniter\CodeIgniter->handleRequest(NULL, Object(Config\Cache), false)
#10 C:\laragon\www\projectmahalta\public\index.php(79): CodeIgniter\CodeIgniter->run()
#11 C:\laragon\www\projectmahalta\system\Commands\Server\rewrite.php(47): require_once('C:\\laragon\\www\\...')
#12 {main}
CRITICAL - 2024-04-23 12:13:54 --> Unknown column 'feedback.datetime' in 'field list'
in SYSTEMPATH\Database\BaseConnection.php on line 647.
 1 SYSTEMPATH\Database\BaseBuilder.php(1615): CodeIgniter\Database\BaseConnection->query('SELECT `feedback`.`FeedbackID`, `feedback`.`UserRating`, `feedback`.`FeedbackMessage`, `feedback`.`datetime`, `users`.`UserID`, `users`.`Email`
FROM `feedback`
JOIN `users` ON `feedback`.`UserID` = `users`.`UserID`', [], false)
 2 SYSTEMPATH\Model.php(237): CodeIgniter\Database\BaseBuilder->get()
 3 SYSTEMPATH\BaseModel.php(624): CodeIgniter\Model->doFindAll(0, 0)
 4 APPPATH\Controllers\GuestController.php(88): CodeIgniter\BaseModel->findAll()
 5 SYSTEMPATH\CodeIgniter.php(942): App\Controllers\GuestController->home()
 6 SYSTEMPATH\CodeIgniter.php(502): CodeIgniter\CodeIgniter->runController(Object(App\Controllers\GuestController))
 7 SYSTEMPATH\CodeIgniter.php(361): CodeIgniter\CodeIgniter->handleRequest(null, Object(Config\Cache), false)
 8 FCPATH\index.php(79): CodeIgniter\CodeIgniter->run()
 9 SYSTEMPATH\Commands\Server\rewrite.php(47): require_once('C:\\laragon\\www\\projectmahalta\\public\\index.php')
CRITICAL - 2024-04-23 12:14:32 --> Undefined array key "datetime"
in APPPATH\Controllers\GuestController.php on line 1215.
 1 APPPATH\Controllers\GuestController.php(1215): CodeIgniter\Debug\Exceptions->errorHandler(2, 'Undefined array key "datetime"', 'C:\\laragon\\www\\projectmahalta\\app\\Controllers\\GuestController.php', 1215)
 2 SYSTEMPATH\CodeIgniter.php(942): App\Controllers\GuestController->Review()
 3 SYSTEMPATH\CodeIgniter.php(502): CodeIgniter\CodeIgniter->runController(Object(App\Controllers\GuestController))
 4 SYSTEMPATH\CodeIgniter.php(361): CodeIgniter\CodeIgniter->handleRequest(null, Object(Config\Cache), false)
 5 FCPATH\index.php(79): CodeIgniter\CodeIgniter->run()
 6 SYSTEMPATH\Commands\Server\rewrite.php(47): require_once('C:\\laragon\\www\\projectmahalta\\public\\index.php')
CRITICAL - 2024-04-23 12:14:56 --> Undefined array key "datetime"
in APPPATH\Controllers\GuestController.php on line 1215.
 1 APPPATH\Controllers\GuestController.php(1215): CodeIgniter\Debug\Exceptions->errorHandler(2, 'Undefined array key "datetime"', 'C:\\laragon\\www\\projectmahalta\\app\\Controllers\\GuestController.php', 1215)
 2 SYSTEMPATH\CodeIgniter.php(942): App\Controllers\GuestController->Review()
 3 SYSTEMPATH\CodeIgniter.php(502): CodeIgniter\CodeIgniter->runController(Object(App\Controllers\GuestController))
 4 SYSTEMPATH\CodeIgniter.php(361): CodeIgniter\CodeIgniter->handleRequest(null, Object(Config\Cache), false)
 5 FCPATH\index.php(79): CodeIgniter\CodeIgniter->run()
 6 SYSTEMPATH\Commands\Server\rewrite.php(47): require_once('C:\\laragon\\www\\projectmahalta\\public\\index.php')
CRITICAL - 2024-04-23 12:31:28 --> Unsupported operand types: float + string
in APPPATH\Controllers\AdminController.php on line 201.
 1 SYSTEMPATH\CodeIgniter.php(942): App\Controllers\AdminController->dashboard()
 2 SYSTEMPATH\CodeIgniter.php(502): CodeIgniter\CodeIgniter->runController(Object(App\Controllers\AdminController))
 3 SYSTEMPATH\CodeIgniter.php(361): CodeIgniter\CodeIgniter->handleRequest(null, Object(Config\Cache), false)
 4 FCPATH\index.php(79): CodeIgniter\CodeIgniter->run()
 5 SYSTEMPATH\Commands\Server\rewrite.php(47): require_once('C:\\laragon\\www\\projectmahalta\\public\\index.php')
