FeedbackID,UserID,UserRating,FeedbackMessage,datetime,Sentiment
52,23,4,I feel bad,2024-10-13 08:58:19,Neutral
53,29,2,I feel bad,2024-10-13 08:59:41,Negative
54,23,4,Amazing website,2024-11-03 16:21:55,Positive
56,23,1,I feel bad,2024-11-21 10:27:26,Negative
57,23,5,Amazing website,2024-12-01 13:49:10,Positive
58,23,4,This is amazing,2024-12-01 13:50:22,Positive
59,23,5,"I love this service amazing experience!",2024-12-02 18:36:11,Positive
60,23,2,bad,2024-12-02 18:45:49,Negative
61,23,1,i hate the website,2024-12-02 18:46:35,Negative
62,23,5,good great,2024-12-02 18:47:16,Positive
63,23,5,good,2024-12-04 17:17:10,Positive
64,25,3,This is a great example,2024-09-15 13:42:17,Neutral
65,27,4,The product exceeded expectations,2024-08-20 11:28:39,Positive
66,23,5,The website is really helpful,2024-11-05 15:48:22,Positive
67,29,2,I don't like the quality,2024-10-07 09:22:01,Negative
68,21,1,The service is terrible,2024-12-01 08:34:12,Negative
69,22,4,Highly recommended for everyone,2024-09-10 18:50:31,Positive
70,28,3,It was an okay experience,2024-07-14 17:23:54,Neutral
71,26,5,Amazing support and fast service,2024-10-30 12:00:45,Positive
72,24,2,Not what I expected,2024-11-12 10:45:19,Negative
73,20,1,Very bad quality product,2024-08-19 14:22:38,Negative
74,27,5,This is the best service I've used,2024-09-26 19:11:33,Positive
75,23,3,Average but acceptable performance,2024-12-03 16:38:49,Neutral
76,25,4,Great experience overall,2024-11-15 20:21:08,Positive
77,29,1,Horrible! Will not recommend,2024-10-24 14:11:26,Negative
78,22,5,Outstanding and reliable,2024-07-18 13:37:02,Positive
79,21,2,The product is below standard,2024-12-06 09:55:14,Negative
80,28,4,Very satisfied with my purchase,2024-08-29 17:46:33,Positive
81,24,1,This is unacceptable quality,2024-10-19 11:58:12,Negative
82,20,3,Could be better but not bad,2024-07-31 13:13:48,Neutral
83,23,4,The delivery was quick and efficient,2024-11-08 08:50:57,Positive
84,25,5,Exceptional service highly recommend,2024-12-02 21:03:14,Positive
85,27,1,Disappointed with the experience,2024-08-11 07:29:41,Negative
86,22,3,Just average nothing special,2024-10-23 10:16:59,Neutral
87,21,5,Superb! Exceeded my expectations,2024-09-02 22:07:11,Positive
88,28,2,Had a poor experience,2024-10-15 18:27:33,Negative
89,26,4,Very good and reliable,2024-09-08 15:36:27,Positive
90,23,3,It was decent enough for the price,2024-08-14 09:47:04,Neutral
91,24,2,Needs improvement in some areas,2024-10-05 13:51:38,Negative
92,20,5,Fantastic! Couldn't be happier,2024-07-20 19:38:45,Positive
93,25,1,Not worth the money,2024-09-17 08:42:11,Negative
94,29,3,Neutral experience,2024-10-28 11:55:22,Neutral
95,22,4,Good quality and delivery,2024-11-25 16:27:03,Positive
96,21,2,The website is hard to navigate,2024-08-30 14:18:52,Negative
97,28,5,I love this! Highly recommend,2024-12-04 22:49:07,Positive
98,23,1,Poor service and rude support,2024-11-19 09:03:16,Negative
99,24,4,Great quality and reasonable price,2024-09-24 18:38:12,Positive
100,20,3,Nothing extraordinary,2024-12-03 07:12:51,Neutral
101,29,5,Exceptional product and service,2024-11-04 13:48:22
102,23,2,Not happy with the experience,2024-08-16 15:12:33,Negative
103,27,4,Good value for money,2024-09-09 14:45:09,Positive
104,22,3,Adequate service but needs improvement,2024-12-02 12:21:08,Neutral
105,24,5,Loved the quick support response,2024-10-07 10:13:45,Positive
106,28,1,Completely dissatisfied,2024-08-21 16:54:23,Negative
107,21,4,Great for the price range,2024-09-18 09:36:12,Positive
108,20,3,The product is fine but nothing special,2024-11-23 11:48:10,Neutral
109,26,5,I am impressed with the quality,2024-07-25 20:12:38,Positive
110,25,2,The delivery was delayed and support unhelpful,2024-12-01 15:34:25,Negative
111,22,4,Overall I am quite satisfied,2024-10-30 18:49:36,Positive
112,29,1,I wouldn't recommend this to anyone,2024-11-14 13:21:45,Negative
113,23,5,Amazing features and functionality,2024-09-13 12:30:52,Positive
114,27,3,It’s okay but has room for improvement,2024-08-03 19:42:16,Neutral
115,24,4,Very convenient and easy to use,2024-11-10 08:14:22,Positive
116,20,1,Horrible experience,2024-09-16 09:45:31,Negative
117,28,5,Exceptional value,2024-07-28 17:11:47,Positive
118,21,2,The process was unnecessarily complicated,2024-12-05 18:29:58,Negative
119,26,3,Neither bad nor great,2024-08-08 07:39:10,Neutral
120,25,4,Very reliable service,2024-10-20 15:58:23,Positive
121,23,1,I wouldn’t use this service again,2024-12-06 14:24:14,Negative
122,29,5,The experience was fantastic,2024-08-13 18:36:52,Positive
123,22,3,A decent option for the price,2024-11-22 09:48:12,Neutral
124,27,4,Good product would buy again,2024-09-30 13:17:04,Positive
125,24,2,Did not meet my expectations,2024-11-06 20:50:36,Negative
126,28,5,This is outstanding,2024-10-04 16:47:19,Positive
127,20,1,Unacceptable behavior from support staff,2024-08-31 08:21:49,Negative
128,23,4,Efficient and reliable,2024-07-14 15:45:12,Positive
129,21,3,The experience was just average,2024-12-03 10:30:25,Neutral
130,25,5,Excellent! I will recommend it to my friends,2024-08-25 13:09:38,Positive
131,29,1,One of the worst experiences,2024-09-08 19:41:12,Negative
132,27,3,Could have been better,2024-10-12 16:11:43,Neutral
133,24,4,Very happy with my purchase,2024-11-28 22:40:15,Positive
134,22,2,The service is too slow,2024-07-21 14:37:08,Negative
135,23,5,I absolutely love it,2024-12-02 13:58:10,Positive
136,20,3,Not bad but not great,2024-11-15 17:22:31,Neutral
137,28,1,Terrible experience,2024-10-18 11:49:56,Negative
138,21,4,The product quality is amazing,2024-09-19 08:57:23,Positive
139,25,3,A good option for basic needs,2024-11-05 12:15:38,Neutral
140,27,5,Perfect in every way,2024-12-04 19:30:47,Positive
141,23,4,The website design is user-friendly,2024-10-01 12:10:15,Positive
142,29,3,It’s an acceptable service overall,2024-09-18 14:40:20,Neutral
143,22,5,Absolutely loved the experience,2024-11-03 16:45:08,Positive
144,24,2,The product needs improvement,2024-08-28 09:55:12,Negative
145,21,1,The service quality is poor,2024-12-01 18:20:30,Negative
146,28,5,A fantastic product for the price,2024-10-19 13:35:48,Positive
147,20,3,It’s decent but nothing special,2024-09-15 10:25:45,Neutral
148,26,4,I am very pleased with my purchase,2024-11-30 19:45:19,Positive
149,25,2,Not up to the mark,2024-12-06 14:15:33,Negative
150,27,5,Amazing performance and speed,2024-09-11 20:50:28,Positive
151,23,3,It’s okay but could be better,2024-11-27 10:18:11,Neutral
152,29,4,The service is good overall,2024-08-20 15:45:10,Positive
153,22,5,One of the best products I’ve used,2024-07-17 17:22:29,Positive
154,24,2,Very disappointing experience,2024-10-06 14:10:14,Negative
155,21,1,Will never use this again,2024-09-25 08:45:49,Negative
156,28,4,Great quality and functionality,2024-12-02 21:30:10,Positive
157,20,3,A reasonable choice for most,2024-08-23 12:15:42,Neutral
158,26,5,I had an excellent experience,2024-11-12 11:25:33,Positive
159,25,2,The response time was very slow,2024-09-30 16:50:12,Negative
160,27,1,Unhelpful and rude customer support,2024-07-29 09:20:41,Negative
161,23,5,I’m impressed with the service,2024-12-04 14:15:27,Positive
162,29,3,The product meets expectations,2024-08-14 10:55:39,Neutral
163,22,4,Good delivery time and quality,2024-09-21 19:50:18,Positive
164,24,2,Needs significant improvements,2024-11-01 18:15:08,Negative
165,21,5,Perfect service and product,2024-10-10 22:30:22,Positive
166,28,1,I regret buying this,2024-08-11 13:12:17,Negative
167,20,4,An above-average experience,2024-12-03 11:20:42,Positive
168,26,3,The experience was average,2024-09-02 16:25:11,Neutral
169,25,5,Exceptional! Would buy again,2024-08-31 17:55:08,Positive
170,27,2,The service could be better,2024-11-22 14:30:15,Negative
171,23,4,The team was very helpful,2024-10-18 09:45:30,Positive
172,29,1,Not a good experience,2024-09-05 08:40:27,Negative
173,22,5,This exceeded my expectations,2024-11-07 15:10:12,Positive
174,24,3,It’s fine for casual use,2024-07-13 18:12:50,Neutral
175,21,2,The quality was not satisfactory,2024-08-29 12:22:14,Negative
176,28,5,A reliable and trustworthy option,2024-10-21 11:50:33,Positive
177,20,3,It was average overall,2024-12-05 09:35:27,Neutral
178,26,4,Very good and professional,2024-09-20 19:20:15,Positive
179,25,1,The experience was frustrating,2024-08-06 16:55:08,Negative
180,27,5,Everything worked perfectly,2024-11-18 17:15:20,Positive
181,23,3,Service was acceptable but not great,2024-12-06 10:45:34,Neutral
182,29,4,Highly efficient and useful,2024-10-12 15:20:50,Positive
183,22,2,Too many delays in response,2024-08-17 11:14:27,Negative
184,24,5,I am thrilled with the outcome,2024-11-29 13:45:40,Positive
185,21,1,Awful product and service,2024-12-07 18:20:25,Negative
186,28,4,Very convenient platform,2024-09-16 08:25:11,Positive
187,20,3,Average experience,2024-08-25 17:12:33,Neutral
188,26,5,Fast and reliable,2024-10-18 14:30:55,Positive
189,25,2,Support staff was not helpful,2024-07-22 09:25:43,Negative
190,27,4,Would recommend to friends,2024-12-01 12:34:29,Positive
191,23,5,Exceptional value and service,2024-11-03 16:25:10,Positive
192,29,1,The worst experience ever,2024-09-18 19:45:17,Negative
193,22,3,Service was just okay,2024-10-08 17:50:24,Neutral
194,24,5,Absolutely loved it,2024-12-04 21:45:35,Positive
195,21,2,Not worth the price,2024-08-10 14:10:48,Negative
196,28,5,Exceeds expectations,2024-07-30 18:20:25,Positive
197,20,3,Could be improved,2024-09-29 15:30:17,Neutral
198,26,1,Extremely disappointing experience,2024-08-19 10:40:29,Negative
199,25,4,Satisfied with the service,2024-11-21 16:25:19,Positive
200,27,5,Perfect execution,2024-12-05 11:50:12,Positive
201,30,3,The service is okay,2024-12-06 10:30:12,Neutral
202,31,2,Not what I expected,2024-12-07 11:40:19,Neutral
203,32,4,It was fine but not great,2024-12-08 12:50:24,Neutral
204,33,3,A bit disappointing,2024-12-09 13:00:45,Neutral
205,34,4,Adequate but needs improvement,2024-12-10 14:10:55,Neutral
206,35,3,Could use some enhancements,2024-12-11 15:20:30,Neutral
207,36,2,It’s alright for casual use,2024-12-12 16:30:12,Neutral
208,37,3,Neither bad nor great,2024-12-13 17:40:21,Neutral
209,38,2,Not very impressive,2024-12-14 18:50:43,Neutral
210,39,4,A standard experience,2024-12-15 19:55:55,Neutral
211,40,3,Acceptable but forgettable,2024-12-16 20:10:40,Neutral
212,41,4,It’s fine but nothing special,2024-12-17 21:15:30,Neutral
213,42,3,Service was mediocre,2024-12-18 22:20:15,Neutral
214,43,2,An average experience,2024-12-19 23:25:05,Neutral
215,44,3,Could have been better,2024-12-20 00:30:40,Neutral
216,45,2,It’s a mixed bag,2024-12-21 01:35:20,Neutral
217,46,3,An okay performance,2024-12-22 02:40:10,Neutral
218,47,4,Adequate service,2024-12-23 03:45:05,Neutral
219,48,2,It’s acceptable,2024-12-24 04:50:25,Neutral
220,49,3,An ordinary experience,2024-12-25 05:55:30,Neutral
221,50,3,Not the best but okay,2024-12-26 06:00:12,Neutral
222,51,3,Standard performance,2024-12-27 07:05:50,Neutral
223,52,2,Service was fair,2024-12-28 08:10:22,Neutral
224,53,3,Average but functional,2024-12-29 09:15:40,Neutral
225,54,2,A reasonable choice,2024-12-30 10:20:12,Neutral
226,55,3,Met basic expectations,2024-12-31 11:25:55,Neutral
227,56,4,A decent service,2025-01-01 12:30:50,Neutral
228,57,3,Could be a bit better,2025-01-02 13:35:25,Neutral
229,58,2,Not outstanding,2025-01-03 14:40:12,Neutral
230,59,3,A bit below average,2025-01-04 15:45:05,Neutral
231,60,2,A little underwhelming,2025-01-05 16:50:30,Neutral
232,61,3,It’s okay for the price,2025-01-06 17:55:12,Neutral
233,62,2,Not remarkable,2025-01-07 18:00:10,Neutral
234,63,3,Somewhat acceptable,2025-01-08 19:05:40,Neutral
235,64,2,Adequate performance,2025-01-09 20:10:20,Neutral
236,65,3,Neutral feelings overall,2025-01-10 21:15:50,Neutral
237,66,4,Nothing exceptional,2025-01-11 22:20:30,Neutral
238,67,3,Good but average,2025-01-12 23:25:05,Neutral


241,30,1,Very bad service,2024-12-06 10:30:12,Negative
242,31,1,Poor customer experience,2024-12-07 11:40:19,Negative
243,32,1,Not satisfied at all,2024-12-08 12:50:24,Negative
244,33,1,Worst product ever,2024-12-09 13:00:45,Negative
245,34,1,I will never recommend this,2024-12-10 14:10:55,Negative
246,35,1,The quality is unacceptable,2024-12-11 15:20:30,Negative
247,36,1,Horrible experience,2024-12-12 16:30:12,Negative
248,37,1,Customer support was rude,2024-12-13 17:40:21,Negative
249,38,1,Very disappointing,2024-12-14 18:50:43,Negative
250,39,1,I hate this service,2024-12-15 19:55:55,Negative
251,40,1,Completely dissatisfied,2024-12-16 20:10:40,Negative
252,41,1,The delivery was terrible,2024-12-17 21:15:30,Negative
253,42,1,Not worth the money,2024-12-18 22:20:15,Negative
254,43,1,I regret purchasing this,2024-12-19 23:25:05,Negative
255,44,1,Product quality is poor,2024-12-20 00:30:40,Negative
256,45,1,Unacceptable performance,2024-12-21 01:35:20,Negative
257,46,1,Wouldn’t use again,2024-12-22 02:40:10,Negative
258,47,1,Service was horrible,2024-12-23 03:45:05,Negative
259,48,1,Not worth the effort,2024-12-24 04:50:25,Negative
260,49,1,Failed expectations,2024-12-25 05:55:30,Negative
261,50,1,I dislike this service,2024-12-26 06:00:12,Negative

262,51,3,Just an okay service,2025-01-07 10:15:12,Neutral  
263,52,3,Nothing to write home about,2025-01-08 11:20:15,Neutral  
264,53,3,Service was standard,2025-01-09 12:30:25,Neutral  
265,54,3,Could use some minor improvements,2025-01-10 13:45:30,Neutral  
266,55,3,Met the basic requirements,2025-01-11 14:50:40,Neutral  
267,56,3,Not memorable but functional,2025-01-12 15:55:50,Neutral  
268,57,3,It worked as expected,2025-01-13 16:10:55,Neutral  
269,58,3,Service was neither good nor bad,2025-01-14 17:25:05,Neutral  
270,59,3,An average experience overall,2025-01-15 18:35:20,Neutral  
271,60,3,Could have been more polished,2025-01-16 19:50:12,Neutral  


272,61,5,Amazing product quality,2025-01-17 10:15:30,Positive  
273,62,4,Happy with the service provided,2025-01-18 11:20:45,Positive  
274,63,5,Quick delivery and excellent support,2025-01-19 12:35:50,Positive  
275,64,4,Service was efficient,2025-01-20 13:40:20,Positive  
276,65,5,Exceeded my expectations in every way,2025-01-21 14:45:35,Positive  
277,66,4,Good value for money,2025-01-22 15:50:50,Positive  
278,67,5,Will definitely recommend this,2025-01-23 16:55:05,Positive  
279,68,5,Outstanding experience overall,2025-01-24 17:00:20,Positive  
280,69,4,Very pleased with the outcome,2025-01-25 18:10:40,Positive  
281,70,5,Top-notch service and delivery,2025-01-26 19:20:15,Positive  


282,71,1,Highly disappointed with the experience,2025-01-27 10:10:12,Negative  
283,72,1,The quality was below standard,2025-01-28 11:15:25,Negative  
284,73,1,Did not meet my expectations at all,2025-01-29 12:20:40,Negative  
285,74,1,Worst customer service ever encountered,2025-01-30 13:25:50,Negative  
286,75,1,I feel cheated,2025-01-31 14:30:12,Negative  
287,76,1,The product broke within days,2025-02-01 15:35:20,Negative  
288,77,1,Delivery was delayed and unprofessional,2025-02-02 16:40:35,Negative  
289,78,1,Not worth the price tag,2025-02-03 17:50:50,Negative  
290,79,1,Poorly handled complaint process,2025-02-04 18:55:05,Negative  
291,80,1,Would never buy this again,2025-02-05 19:10:20,Negative  


292,81,4,The service was fine,2025-01-13 10:00:15,Neutral
293,82,3,It met the basic requirements,2025-01-14 11:05:30,Neutral
294,83,3,A standard experience overall,2025-01-15 12:10:45,Neutral
295,84,3,Satisfactory but not memorable,2025-01-16 13:15:20,Neutral
296,85,4,Decent quality for the price,2025-01-17 14:20:30,Neutral
297,86,3,It served its purpose,2025-01-18 15:25:10,Neutral
298,87,4,The product was adequate,2025-01-19 16:30:25,Neutral
299,88,3,Nothing to write home about,2025-01-20 17:35:40,Neutral
300,89,3,Average but workable,2025-01-21 18:40:50,Neutral
301,90,3,It’s alright but could be better,2025-01-22 19:45:10,Neutral

302,91,5,Fantastic service and quality,2025-01-23 10:50:30,Positive
303,92,5,Exceptional customer experience,2025-01-24 11:55:40,Positive
304,93,5,Definitely worth the price,2025-01-25 12:00:15,Positive
305,94,5,Highly recommended,2025-01-26 13:05:20,Positive
306,95,4,Very satisfied with the purchase,2025-01-27 14:10:30,Positive
307,96,5,A wonderful experience overall,2025-01-28 15:15:10,Positive
308,97,5,Exceeded my expectations completely,2025-01-29 16:20:25,Positive
309,98,4,I’ll definitely use this again,2025-01-30 17:25:40,Positive
310,99,5,Top-notch quality and service,2025-01-31 18:30:50,Positive
311,100,5,Absolutely loved everything about it,2025-02-01 19:35:10,Positive

312,101,1,Completely unacceptable quality,2025-02-02 10:40:30,Negative
313,102,1,A terrible experience overall,2025-02-03 11:45:40,Negative
314,103,1,I wouldn’t recommend this,2025-02-04 12:50:15,Negative
315,104,1,Very disappointing product,2025-02-05 13:55:20,Negative
316,105,1,Horrendous customer service,2025-02-06 14:00:30,Negative
317,106,1,A total waste of money,2025-02-07 15:05:10,Negative
318,107,1,This was a frustrating purchase,2025-02-08 16:10:25,Negative
319,108,1,Poor quality and service,2025-02-09 17:15:40,Negative
320,109,1,Didn’t meet any expectations,2025-02-10 18:20:50,Negative
321,110,1,A regrettable decision,2025-02-11 19:25:10,Negative

322,111,3,It was just okay,2025-02-12 10:30:15,Neutral
323,112,3,Nothing stood out,2025-02-13 11:40:25,Neutral
324,113,3,Meets basic expectations,2025-02-14 12:50:35,Neutral
325,114,4,It’s neither good nor bad,2025-02-15 13:10:45,Neutral
326,115,3,Not remarkable but functional,2025-02-16 14:20:55,Neutral
327,116,3,Can’t complain but not great,2025-02-17 15:30:10,Neutral
328,117,4,Acceptable but unremarkable,2025-02-18 16:40:20,Neutral
329,118,3,Pretty average experience,2025-02-19 17:50:30,Neutral
330,119,3,Fair but needs improvement,2025-02-20 18:10:40,Neutral
331,120,3,Meh nothing special,2025-02-21 19:20:50,Neutral

332,121,5,Amazing experience,2025-02-22 10:30:15,Positive
333,122,5,Superb service,2025-02-23 11:40:25,Positive
334,123,5,Thrilled with the outcome,2025-02-24 12:50:35,Positive
335,124,5,Everything was perfect,2025-02-25 13:10:45,Positive
336,125,5,Incredible quality,2025-02-26 14:20:55,Positive
337,126,5,I’m extremely happy with this,2025-02-27 15:30:10,Positive
338,127,5,This made my day,2025-02-28 16:40:20,Positive
339,128,5,Unmatched quality and service,2025-03-01 17:50:30,Positive
340,129,5,Truly a delightful experience,2025-03-02 18:10:40,Positive
341,130,5,Will recommend to everyone,2025-03-03 19:20:50,Positive

342,131,1,Utterly dissatisfied,2025-03-04 10:30:15,Negative
343,132,1,Couldn’t be worse,2025-03-05 11:40:25,Negative
344,133,1,A complete letdown,2025-03-06 12:50:35,Negative
345,134,1,Horrible experience,2025-03-07 13:10:45,Negative
346,135,1,Will never use this again,2025-03-08 14:20:55,Negative
347,136,1,Totally unacceptable,2025-03-09 15:30:10,Negative
348,137,1,Absolutely not worth it,2025-03-10 16:40:20,Negative
349,138,1,Disgusted by the experience,2025-03-11 17:50:30,Negative
350,139,1,I’m very disappointed,2025-03-12 18:10:40,Negative
351,140,1,Won’t recommend to anyone,2025-03-13 19:20:50,Negative


352,141,3,Nothing to complain about,2025-03-14 10:30:15,Neutral
353,142,3,It was decent overall,2025-03-15 11:40:25,Neutral
354,143,3,Neither great nor bad,2025-03-16 12:50:35,Neutral
355,144,3,Moderate experience,2025-03-17 13:10:45,Neutral
356,145,3,Service was passable,2025-03-18 14:20:55,Neutral
357,146,3,Pretty standard stuff,2025-03-19 15:30:10,Neutral
358,147,3,Average service,2025-03-20 16:40:20,Neutral
359,148,3,Sufficient for my needs,2025-03-21 17:50:30,Neutral
360,149,3,Could be better but okay,2025-03-22 18:10:40,Neutral
361,23,3,Nothing memorable here,2025-03-23 19:20:50,Neutral

362,23,5,Exceeded all expectations,2025-03-24 10:30:15,Positive
363,23,5,Absolutely fantastic,2025-03-25 11:40:25,Positive
364,23,5,The best decision I made,2025-03-26 12:50:35,Positive
365,23,5,I loved every second,2025-03-27 13:10:45,Positive
366,23,5,Flawless execution,2025-03-28 14:20:55,Positive
367,23,5,I’m beyond impressed,2025-03-29 15:30:10,Positive
368,23,5,Outstanding support,2025-03-30 16:40:20,Positive
369,23,5,Highly recommended,2025-03-31 17:50:30,Positive
370,23,5,Will definitely return,2025-04-01 18:10:40,Positive
371,23,5,A memorable experience,2025-04-02 19:20:50,Positive

372,23,1,Completely useless,2025-04-03 10:30:15,Negative
373,23,1,Worst experience ever,2025-04-04 11:40:25,Negative
374,23,1,Won’t trust them again,2025-04-05 12:50:35,Negative
375,23,1,They ruined everything,2025-04-06 13:10:45,Negative
376,23,1,Extremely frustrating,2025-04-07 14:20:55,Negative
377,23,1,Nothing worked as promised,2025-04-08 15:30:10,Negative
378,23,1,Complete waste of time,2025-04-09 16:40:20,Negative
379,23,1,It was a nightmare,2025-04-10 17:50:30,Negative
380,23,1,Utter disappointment,2025-04-11 18:10:40,Negative
381,23,1,I regret this entirely,2025-04-12 19:20:50,Negative

382,23,3,It met basic expectations,2025-04-13 10:30:15,Neutral
383,23,3,Pretty much average,2025-04-14 11:40:25,Neutral
384,23,3,Not bad not good,2025-04-15 12:50:35,Neutral
385,23,3,Reasonably acceptable,2025-04-16 13:10:45,Neutral
386,23,3,Did the job nothing more,2025-04-17 14:20:55,Neutral
387,23,3,A standard experience,2025-04-18 15:30:10,Neutral
388,23,3,Sufficiently adequate,2025-04-19 16:40:20,Neutral
389,23,3,It was just okay,2025-04-20 17:50:30,Neutral
390,23,3,Neither pleased nor annoyed,2025-04-21 18:10:40,Neutral
391,23,3,So-so nothing stood out,2025-04-22 19:20:50,Neutral

392,23,5,Truly exceptional service,2025-04-23 10:30:15,Positive
393,23,5,This was amazing!,2025-04-24 11:40:25,Positive
394,23,5,I couldn’t be happier,2025-04-25 12:50:35,Positive
395,23,5,It was perfect in every way,2025-04-26 13:10:45,Positive
396,23,5,Absolutely loved it!,2025-04-27 14:20:55,Positive
397,23,5,The team was phenomenal,2025-04-28 15:30:10,Positive
398,23,5,Truly unforgettable,2025-04-29 16:40:20,Positive
399,23,5,I’ll definitely recommend,2025-04-30 17:50:30,Positive
400,23,5,Beyond my wildest hopes,2025-05-01 18:10:40,Positive
401,23,5,A top-tier experience,2025-05-02 19:20:50,Positive

402,23,1,This was a disaster,2025-05-03 10:30:15,Negative
403,23,1,They completely failed,2025-05-04 11:40:25,Negative
404,23,1,I was left furious,2025-05-05 12:50:35,Negative
405,23,1,Everything went wrong,2025-05-06 13:10:45,Negative
406,23,1,Totally unacceptable,2025-05-07 14:20:55,Negative
407,23,1,They ruined my day,2025-05-08 15:30:10,Negative
408,23,1,An utter disaster,2025-05-09 16:40:20,Negative
409,23,1,So disappointed,2025-05-10 17:50:30,Negative
410,23,1,Never again,2025-05-11 18:10:40,Negative
411,23,1,Completely unsatisfactory,2025-05-12 19:20:50,Negative

412,23,3,The experience was ordinary,2025-05-13 10:30:15,Neutral
413,23,3,Nothing memorable about it,2025-05-14 11:40:25,Neutral
414,23,3,A middle-of-the-road experience,2025-05-15 12:50:35,Neutral
415,23,3,Not impressed but not let down,2025-05-16 13:10:45,Neutral
416,23,3,Neither good nor bad,2025-05-17 14:20:55,Neutral
417,23,3,It was fairly standard,2025-05-18 15:30:10,Neutral
418,23,3,I’d call it average,2025-05-19 16:40:20,Neutral
419,23,3,Meh nothing stood out,2025-05-20 17:50:30,Neutral
420,23,3,An okay experience overall,2025-05-21 18:10:40,Neutral
421,23,3,Serviceable but unremarkable,2025-05-22 19:20:50,Neutral

422,23,5,The service was incredible!,2025-05-23 10:30:15,Positive
423,23,5,I felt so valued here,2025-05-24 11:40:25,Positive
424,23,5,They went above and beyond,2025-05-25 12:50:35,Positive
425,23,5,Absolutely thrilled with this,2025-05-26 13:10:45,Positive
426,23,5,A truly delightful experience,2025-05-27 14:20:55,Positive
427,23,5,I can’t wait to return,2025-05-28 15:30:10,Positive
428,23,5,Top-notch service all around,2025-05-29 16:40:20,Positive
429,23,5,Highly recommend this place,2025-05-30 17:50:30,Positive
430,23,5,They exceeded all my expectations,2025-05-31 18:10:40,Positive
431,23,5,A flawless experience,2025-06-01 19:20:50,Positive

432,23,1,The service was horrible,2025-06-02 10:30:15,Negative
433,23,1,This place is a joke,2025-06-03 11:40:25,Negative
434,23,1,I felt completely ignored,2025-06-04 12:50:35,Negative
435,23,1,I regret coming here,2025-06-05 13:10:45,Negative
436,23,1,The worst experience ever,2025-06-06 14:20:55,Negative
437,23,1,They didn’t even try,2025-06-07 15:30:10,Negative
438,23,1,Utterly disappointing,2025-06-08 16:40:20,Negative
439,23,1,I won’t be back,2025-06-09 17:50:30,Negative
440,23,1,Unacceptable service standards,2025-06-10 18:10:40,Negative
441,23,1,A waste of my time,2025-06-11 19:20:50,Negative

442,23,3,It was just fine nothing more,2025-06-12 10:30:15,Neutral
443,23,3,Neither here nor there,2025-06-13 11:40:25,Neutral
444,23,3,A mixed bag of feelings,2025-06-14 12:50:35,Neutral
445,23,3,It didn’t stand out,2025-06-15 13:10:45,Neutral
446,23,3,Pretty average overall,2025-06-16 14:20:55,Neutral
447,23,3,It didn’t leave much of an impression,2025-06-17 15:30:10,Neutral
448,23,3,I wasn’t swayed either way,2025-06-18 16:40:20,Neutral
449,23,3,It was okay but forgettable,2025-06-19 17:50:30,Neutral
450,23,3,Could have been better,2025-06-20 18:10:40,Neutral
451,23,3,I have no strong feelings about it,2025-06-21 19:20:50,Neutral

452,23,5,The best service I’ve had in years,2025-06-22 10:30:15,Positive
453,23,5,I absolutely loved it here,2025-06-23 11:40:25,Positive
454,23,5,Everything was perfect,2025-06-24 12:50:35,Positive
455,23,5,This was an amazing experience,2025-06-25 13:10:45,Positive
456,23,5,I’d give it 10 stars if I could,2025-06-26 14:20:55,Positive
457,23,5,Truly outstanding service,2025-06-27 15:30:10,Positive
458,23,5,They made me feel so welcome,2025-06-28 16:40:20,Positive
459,23,5,I’m so impressed by this place,2025-06-29 17:50:30,Positive
460,23,5,This was a highlight of my trip,2025-06-30 18:10:40,Positive


462,23,1,I can’t believe how bad this was,2025-07-02 10:30:15,Negative
463,23,1,This place should be avoided,2025-07-03 11:40:25,Negative
464,23,1,What a disaster of a service,2025-07-04 12:50:35,Negative
465,23,1,I left feeling angry and frustrated,2025-07-05 13:10:45,Negative
466,23,1,They ruined my day,2025-07-06 14:20:55,Negative
467,23,1,This was an absolute nightmare,2025-07-07 15:30:10,Negative
468,23,1,They completely dropped the ball,2025-07-08 16:40:20,Negative
469,23,1,I’ve never been treated this poorly,2025-07-09 17:50:30,Negative
470,23,1,They clearly don’t care about customers,2025-07-10 18:10:40,Negative



471,45,5,The service was excellent I couldn’t have asked for a better experience The staff was courteous attentive and went above and beyond to ensure my satisfaction Will definitely come back again,2024-10-13 09:00:00,Positive
472,32,2,The product arrived late and was damaged upon delivery The customer support team was unhelpful and it took forever to get any response I am really disappointed and wouldn’t recommend this,2024-10-13 09:15:30,Negative
473,78,3,The food tasted okay but the portions were smaller than expected The delivery was on time which was a plus but the packaging could have been better Overall it was just average,2024-10-13 09:25:10,Neutral
474,56,4,Great experience overall The booking process was simple and the service was delivered as promised There were minor delays but nothing that ruined the experience Highly satisfied,2024-10-13 09:40:45,Positive
475,67,1,The worst experience I’ve ever had The staff was rude and unprofessional The product didn’t work and when I asked for help they ignored me Completely unacceptable,2024-10-13 09:55:00,Negative
476,23,3,The movie was neither great nor terrible Some parts were entertaining but others felt dragged out I wouldn’t mind watching it again but it’s not something I’d recommend,2024-10-13 10:05:25,Neutral
477,89,5,An absolutely amazing service The team was responsive professional and genuinely cared about solving my problem I am beyond impressed and would gladly recommend this to anyone,2024-10-13 10:20:15,Positive
478,41,2,The app is frustratingly slow and keeps crashing I had high hopes but it’s been nothing but a headache since I downloaded it Definitely needs major improvements,2024-10-13 10:35:00,Negative
479,29,4,The hotel stay was pleasant The rooms were clean and the staff was helpful but the breakfast options were limited It wasn’t perfect but I’d still consider staying there again,2024-10-13 10:50:30,Neutral
480,12,5,Fantastic experience from start to finish The product quality was superb and the delivery was quicker than I expected A huge thumbs up to the team for doing such a great job,2024-10-13 11:05:00,Positive

481,34,4,The concert was enjoyable and the performers were very talented However the seating arrangement was a bit cramped and could use better organization Overall a decent experience,2024-10-13 11:20:15,Neutral
482,58,2,The customer service was absolutely terrible I waited on hold for over an hour and when I finally got through they didn’t resolve my issue A complete waste of time,2024-10-13 11:35:30,Negative
483,71,5,The new software update is amazing The interface is so much cleaner and the performance is noticeably faster I’m very happy with the improvements great job by the developers,2024-10-13 11:50:45,Positive
484,39,3,The event was okay The speakers were knowledgeable but the sessions felt repetitive and lacked engagement It wasn’t bad but I probably wouldn’t attend again,2024-10-13 12:05:00,Neutral
485,66,1,The restaurant was a disaster The service was slow the food was cold and the waiter was rude I regret wasting my money here and would never go back,2024-10-13 12:20:15,Negative
486,22,5,I couldn’t be happier with my purchase The product is of excellent quality and exactly as described The shipping was fast and the customer service was outstanding,2024-10-13 12:35:30,Positive
487,49,3,The class was fine but the instructor seemed disinterested in answering questions The material was decent but not particularly engaging It was a passable experience overall,2024-10-13 12:50:45,Neutral
488,93,2,The experience was quite poor The website kept glitching and I couldn’t complete my booking Even after contacting support the issue wasn’t resolved very frustrating,2024-10-13 13:05:00,Negative
489,15,5,Excellent service from start to finish The staff was friendly efficient and went out of their way to help me I’ll definitely be using this service again soon,2024-10-13 13:20:15,Positive
490,64,3,The product was decent for the price but nothing extraordinary The packaging was basic and the instructions were a bit unclear Not bad but I’ve seen better,2024-10-13 13:35:30,Neutral
491,78,4,The service was good overall The staff was polite and helpful but the waiting time was longer than expected It was a positive experience but could be improved,2024-10-13 13:50:45,Neutral
492,87,1,Absolutely awful experience The delivery was late and the product was completely different from what I ordered The customer support was no help at all Will never order again,2024-10-13 14:05:00,Negative
493,53,5,This has been one of the best purchases I’ve ever made The quality is outstanding and it’s worth every penny I’m thrilled with it and highly recommend it to others,2024-10-13 14:20:15,Positive
494,61,2,The course was disappointing The instructor was not clear and the material was outdated I expected a lot more considering the price of the course,2024-10-13 14:35:30,Negative
495,77,3,The trip was okay The guide was knowledgeable but the itinerary felt rushed Some parts were enjoyable while others were a bit underwhelming It was a mixed experience,2024-10-13 14:50:45,Neutral
496,35,5,Fantastic service from start to finish The team was professional and delivered exactly what was promised I couldn’t be happier with the outcome Truly exceptional,2024-10-13 15:05:00,Positive
497,90,1,This was an absolute nightmare The staff was rude the process was overly complicated and I felt completely ignored I regret choosing this company for my needs,2024-10-13 15:20:15,Negative
498,28,4,The workshop was informative and well-organized The instructor was knowledgeable and made the material engaging While there’s room for improvement it was a solid experience,2024-10-13 15:35:30,Positive
499,82,3,The hotel was decent but not remarkable The rooms were clean but the amenities were lacking and the staff seemed indifferent It was an average stay overall,2024-10-13 15:50:45,Neutral
500,16,5,An absolutely wonderful experience The support team was quick to respond and resolved my issue with ease I couldn’t be happier with the service I received,2024-10-13 16:05:00,Positive
501,74,2,The website was incredibly frustrating to use Pages took forever to load and the checkout process kept failing I eventually gave up and went elsewhere,2024-10-13 16:20:15,Negative
502,38,5,I had a fantastic time using this app It’s user-friendly fast and has all the features I need I’ve already recommended it to several friends Amazing job,2024-10-13 16:35:30,Positive
503,44,3,The product was alright It functions as described but the build quality feels a bit cheap For the price it’s okay but I probably wouldn’t buy it again,2024-10-13 16:50:45,Neutral
504,55,1,This was by far the worst service I’ve ever received The staff was dismissive the product was defective and getting a refund was a nightmare Totally unacceptable,2024-10-13 17:05:00,Negative
505,62,4,The meal was delicious and the service was quick The ambiance of the restaurant was lovely but the prices were a bit high Overall a good dining experience,2024-10-13 17:20:15,Positive
506,80,3,The event was average The speakers were okay but the topics felt repetitive and there weren’t many interactive sessions It wasn’t bad but not particularly memorable,2024-10-13 17:35:30,Neutral
507,19,5,Excellent product quality and top-notch customer service They were prompt in resolving my issue and I felt valued as a customer Highly recommend this company,2024-10-13 17:50:45,Positive
508,47,1,The delivery was delayed for days and when it finally arrived the item was broken Customer support ignored my complaints This was a terrible experience,2024-10-13 18:05:00,Negative
509,25,4,The spa experience was very relaxing The staff was professional and the facilities were clean but the session felt a bit rushed Overall I had a positive time,2024-10-13 18:20:15,Positive
510,11,3,The book was okay It had some interesting parts but the plot felt predictable and the characters lacked depth It wasn’t terrible but I wouldn’t read it again,2024-10-13 18:35:30,Neutral
511,33,1,The flight was a disaster The staff was unhelpful the seats were uncomfortable and we were delayed for hours with no clear explanation I’ll avoid this airline in the future,2024-10-13 18:50:45,Negative
512,88,1,The product stopped working after just one day of use When I contacted customer support they refused to help and blamed me for the issue Extremely disappointed,2024-10-13 19:05:00,Negative
513,50,1,The movie was horrible The storyline was confusing the acting was terrible and I left the theater feeling like I had wasted my money Not worth it at all,2024-10-13 19:20:15,Negative
514,73,3,The webinar was decent but not particularly engaging The content was informative but the presenter lacked energy and it felt monotonous I wouldn’t recommend it but it wasn’t terrible,2024-10-13 19:35:30,Neutral
515,42,3,The game was alright The graphics were decent but the gameplay felt repetitive and the story wasn’t very compelling It’s okay for a casual playthrough but not memorable,2024-10-13 19:50:45,Neutral

516,85,3,The museum visit was okay The exhibits were interesting but the layout was a bit confusing Overall it wasn’t a bad experience,2024-10-13 20:05:00,Neutral
517,41,3,The software works fine but lacks some features I needed It’s functional but doesn’t go above and beyond,2024-10-13 20:20:15,Neutral
518,29,3,The delivery was on time but the packaging was flimsy and slightly damaged the product Not great but manageable,2024-10-13 20:35:30,Neutral
519,60,3,The seminar provided some good insights but it was too long and not very engaging for most attendees,2024-10-13 20:50:45,Neutral
520,81,3,The store was okay The selection of products was limited but the staff was helpful It’s not my first choice for shopping,2024-10-13 21:05:00,Neutral
521,26,3,The room was clean but the walls were too thin and I could hear my neighbors the entire night Decent but not ideal,2024-10-13 21:20:15,Neutral
522,57,3,The app is usable but has a learning curve The interface could use some improvements but it does what it promises,2024-10-13 21:35:30,Neutral
523,37,3,The gym equipment was in good condition but the space felt cramped during peak hours An average experience,2024-10-13 21:50:45,Neutral
524,48,3,The course was moderately useful but I felt the examples were outdated and didn’t match current industry trends,2024-10-13 22:05:00,Neutral
525,32,3,The podcast was informative but the audio quality made it hard to follow at times I might try another episode,2024-10-13 22:20:15,Neutral


526,21,5,The phone has exceeded my expectations The battery life is excellent and the camera quality is stunning Totally worth the price,2024-10-13 22:35:30,Positive
527,45,5,The support team was very responsive and fixed my issue quickly I’m thoroughly impressed with their service,2024-10-13 22:50:45,Positive
528,52,5,The new gaming console is fantastic The graphics are superb and the controller feels great to use Highly recommend it to any gamer,2024-10-13 23:05:00,Positive
529,75,5,The vacation was incredible The resort was beautiful the staff was friendly and the activities were so much fun Can’t wait to go back,2024-10-13 23:20:15,Positive
530,18,5,I love this jacket It’s stylish warm and fits perfectly Definitely one of my best purchases this year,2024-10-13 23:35:30,Positive
531,31,5,The dinner was amazing Every dish was cooked to perfection and the staff was attentive Would highly recommend this restaurant,2024-10-13 23:50:45,Positive
532,37,5,Excellent,2024-10-14 00:05:00,Positive
533,20,5,Very satisfied,2024-10-14 00:20:15,Positive
534,46,5,Good,2024-10-14 00:35:30,Positive
535,23,5,Awesome,2024-10-14 00:50:45,Positive

536,12,1,The app is terrible It crashes constantly and I lost all my saved data because of it Not recommended at all,2024-10-14 01:05:00,Negative
537,26,1,The food delivery was awful The driver was late and the food was cold when it arrived Extremely disappointed,2024-10-14 01:20:15,Negative
538,40,1,The car rental service was a nightmare The car was dirty and they overcharged me for no reason Will never use them again,2024-10-14 01:35:30,Negative
539,57,1,The concert was a letdown The sound system was bad and the performers didn’t seem prepared I regret going,2024-10-14 01:50:45,Negative
540,24,1,The movie was awful The storyline didn’t make sense and the acting was subpar I wouldn’t recommend it,2024-10-14 02:05:00,Negative
541,54,1,The hotel stay was dreadful The air conditioning didn’t work and the staff was unhelpful when I complained Never again,2024-10-14 02:20:15,Negative
542,70,1,The customer service was appalling They were rude and didn’t solve my problem Total waste of time,2024-10-14 02:35:30,Negative
543,34,1,The gym membership was a rip-off The equipment was old and the facility was dirty I canceled my membership immediately,2024-10-14 02:50:45,Negative
544,51,1,The online shop is a scam They never delivered my order and refused to refund my money Stay away from this site,2024-10-14 03:05:00,Negative
545,65,1,The gaming laptop overheated within 10 minutes of use Support was no help and refused a refund Extremely disappointed,2024-10-14 03:20:15,Negative

516,23,3,The online class was average The content was okay but the platform was glitchy at times It wasn’t the best experience but it wasn’t terrible either,2024-10-14 09:00:00,Neutral
517,51,3,The package arrived on time but the packaging was a bit flimsy The product was intact though so it’s not a big deal Just an okay experience,2024-10-14 09:15:00,Neutral
518,35,3,The app worked as expected but some features were not intuitive It’s usable but could use some design improvements,2024-10-14 09:30:00,Neutral
519,65,3,The presentation was decent but lacked originality The speaker was clear but the visuals were quite basic Overall it was just okay,2024-10-14 09:45:00,Neutral
520,21,3,The customer service chat was helpful but slow It solved my issue but I had to wait quite a bit for each response,2024-10-14 10:00:00,Neutral
521,37,3,The new feature in the app is functional but doesn’t add much value It’s a nice-to-have but not a game-changer,2024-10-14 10:15:00,Neutral
522,48,3,The webinar provided some useful tips but the presenter wasn’t very engaging It’s alright if you’re interested in the topic but nothing groundbreaking,2024-10-14 10:30:00,Neutral
523,39,3,The coffee shop was cozy but the coffee itself was just average The service was okay but nothing special,2024-10-14 10:45:00,Neutral
524,44,3,The new gadget is innovative but has a steep learning curve It works as advertised but isn’t very user-friendly at first,2024-10-14 11:00:00,Neutral
525,29,3,The movie was fine but lacked a strong storyline The special effects were great though so it’s worth a watch for visuals alone,2024-10-14 11:15:00,Neutral

526,17,5,The app is a game-changer It’s easy to use and has helped me stay organized like never before Highly recommend it,2024-10-14 09:00:00,Positive
527,62,5,The service was outstanding The team went above and beyond to ensure I was satisfied with the final result Truly exceptional,2024-10-14 09:15:00,Positive
528,46,5,The trip was amazing The itinerary was well-planned and the guide was fantastic I’d love to book another tour with them,2024-10-14 09:30:00,Positive
529,33,5,The food at the restaurant was exquisite The flavors were unique and the presentation was beautiful Worth every penny,2024-10-14 09:45:00,Positive
530,28,5,The concert was a memorable experience The band’s performance was electric and the atmosphere was incredible Absolutely loved it,2024-10-14 10:00:00,Positive
531,12,5,The shopping experience was seamless The website is user-friendly and my order arrived earlier than expected Will definitely shop here again,2024-10-14 10:15:00,Positive
532,67,5,I had a wonderful stay at the hotel The rooms were spotless and the staff was incredibly accommodating Highly recommend this place,2024-10-14 10:30:00,Positive
533,49,5,The yoga class was fantastic The instructor was knowledgeable and the atmosphere was very calming I felt completely relaxed afterward,2024-10-14 10:45:00,Positive
534,53,5,The customer service was exceptional They resolved my issue quickly and were extremely polite throughout the process Can’t thank them enough,2024-10-14 11:00:00,Positive
535,31,5,The online course was phenomenal The content was well-structured and the instructor made everything easy to understand Would recommend to anyone,2024-10-14 11:15:00,Positive

536,45,1,The online booking system was a disaster It kept crashing and wouldn’t process my payment I ended up using a competitor instead,2024-10-14 09:00:00,Negative
537,59,1,The product was defective right out of the box I tried contacting support but received no response Terrible experience,2024-10-14 09:15:00,Negative
538,18,1,The event was poorly organized The schedule was unclear and the venue was overcrowded Wouldn’t attend again,2024-10-14 09:30:00,Negative
539,66,1,The food delivery was late and my order was incorrect The restaurant didn’t even apologize when I called to complain Completely unacceptable,2024-10-14 09:45:00,Negative
540,32,1,The product description was misleading and the item didn’t meet my expectations The return process was also unnecessarily complicated,2024-10-14 10:00:00,Negative
541,48,1,The movie theater was filthy The seats were uncomfortable and the sound system was faulty A terrible experience overall,2024-10-14 10:15:00,Negative
542,20,1,The flight experience was dreadful The seats were cramped and the staff was rude It’s one of the worst airlines I’ve ever flown with,2024-10-14 10:30:00,Negative
543,52,1,The customer service was completely unhelpful They kept transferring me to different departments and I never got my issue resolved Awful experience,2024-10-14 10:45:00,Negative
544,38,1,The workshop was a waste of time The content was outdated and the presenter seemed unprepared I didn’t learn anything valuable,2024-10-14 11:00:00,Negative
545,27,1,The website was full of bugs and I couldn’t even complete a simple task I’ll avoid using this service in the future,2024-10-14 11:15:00,Negative

546,24,3,The hotel stay was fine but not remarkable The room was clean but lacked amenities,2024-10-14 11:30:00,Neutral
547,58,3,The online event ran smoothly but lacked interactive elements It was informative but a bit dull,2024-10-14 11:45:00,Neutral
548,31,3,The mobile app works okay but crashes occasionally It’s functional but needs optimization,2024-10-14 12:00:00,Neutral
549,46,3,The packaging was minimal but adequate for the product Nothing particularly outstanding,2024-10-14 12:15:00,Neutral
550,37,3,The service met my expectations but didn’t exceed them It’s fine for basic needs,2024-10-14 12:30:00,Neutral
551,44,3,The tutorial video was helpful but the pace was too slow It’s okay if you have patience,2024-10-14 12:45:00,Neutral
552,29,3,The dinner was fine but the portion size was small Not great not bad either,2024-10-14 13:00:00,Neutral
553,63,3,The gadget works as described but isn’t very user-friendly It’s acceptable if you’re tech-savvy,2024-10-14 13:15:00,Neutral
554,40,3,The delivery was on time but the packaging wasn’t secure Luckily the product was unharmed,2024-10-14 13:30:00,Neutral
555,22,3,The store’s layout was decent but the staff wasn’t particularly welcoming An okay experience overall,2024-10-14 13:45:00,Neutral

556,26,5,The hotel provided a luxurious experience The staff was courteous and the amenities were excellent,2024-10-14 14:00:00,Positive
557,55,5,The customer service agent resolved my issue within minutes Truly an outstanding experience,2024-10-14 14:15:00,Positive
558,34,5,The product exceeded my expectations The quality and functionality are top-notch,2024-10-14 14:30:00,Positive
559,47,5,The coffee shop had the best latte I’ve ever had The ambiance was cozy and inviting,2024-10-14 14:45:00,Positive
560,19,5,The team handled my inquiry promptly and professionally A seamless experience overall,2024-10-14 15:00:00,Positive
561,63,5,The app is incredibly user-friendly It makes managing my tasks a breeze Highly recommend,2024-10-14 15:15:00,Positive
562,38,5,The workshop was both engaging and insightful I walked away with valuable knowledge,2024-10-14 15:30:00,Positive
563,54,5,The airline staff made the journey comfortable and enjoyable Definitely flying with them again,2024-10-14 15:45:00,Positive
564,41,5,The concert was an unforgettable experience The band’s energy was unmatched,2024-10-14 16:00:00,Positive
565,30,5,The product came beautifully packaged and worked flawlessly right out of the box Perfect purchase,2024-10-14 16:15:00,Positive

566,36,1,The room was dirty and the staff was unhelpful It completely ruined my trip,2024-10-14 16:30:00,Negative
567,49,1,The app constantly crashes and loses my data It’s incredibly frustrating to use,2024-10-14 16:45:00,Negative
568,21,1,The food was cold and tasteless and the waiter seemed uninterested in serving us Terrible dining experience,2024-10-14 17:00:00,Negative
569,50,1,The product broke after just one use The quality is absolutely unacceptable,2024-10-14 17:15:00,Negative
570,42,1,The course was overpriced for the outdated and irrelevant content provided I regret enrolling,2024-10-14 17:30:00,Negative
571,28,1,The support team was dismissive and failed to address my concerns Extremely disappointing,2024-10-14 17:45:00,Negative
572,57,1,The event was chaotic and poorly managed Attendees were left confused and dissatisfied,2024-10-14 18:00:00,Negative
573,33,1,The online store misrepresented the product and refused to issue a refund Totally unacceptable,2024-10-14 18:15:00,Negative
574,39,1,The repair service damaged my device further and didn’t take responsibility I’m furious,2024-10-14 18:30:00,Negative
575,25,1,The WiFi was constantly disconnecting and the staff didn’t seem to care about fixing it Horrible experience,2024-10-14 18:45:00,Negative

576,35,3,The seminar was informative but lacked engaging activities It was just average,2024-10-14 19:00:00,Neutral
577,43,3,The product does its job but doesn’t stand out in any way Not bad but nothing special,2024-10-14 19:15:00,Neutral
578,29,3,The store had decent options but nothing caught my attention It’s okay for basic needs,2024-10-14 19:30:00,Neutral
579,41,3,The flight was punctual but the seats were uncomfortable Not great but it worked,2024-10-14 19:45:00,Neutral
580,48,3,The meal was acceptable but the presentation could be better It was a middle-ground experience,2024-10-14 20:00:00,Neutral
581,30,3,The website navigation is alright but it could be more intuitive It’s functional nothing more,2024-10-14 20:15:00,Neutral
582,45,3,The staff was polite but they didn’t go out of their way to assist Decent but nothing outstanding,2024-10-14 20:30:00,Neutral
583,53,3,The delivery service was on time but the package was slightly damaged It’s acceptable overall,2024-10-14 20:45:00,Neutral
584,37,3,The mobile game is fun but gets repetitive after a while A fine way to pass the time,2024-10-14 21:00:00,Neutral
585,50,3,The cleaning service was thorough but took longer than expected It’s okay if you’re not in a rush,2024-10-14 21:15:00,Neutral

586,38,5,The vacation was fantastic! The resort staff went above and beyond Truly relaxing and memorable,2024-10-14 21:30:00,Positive
587,51,5,The product’s durability is amazing! It’s the best item I’ve bought in years Highly recommended,2024-10-14 21:45:00,Positive
588,26,5,The guided tour was exceptionally well-organized I learned so much and had a great time,2024-10-14 22:00:00,Positive
589,44,5,The bakery’s cakes are heavenly! The flavors and textures are unbeatable Will definitely return,2024-10-14 22:15:00,Positive
590,32,5,The workshop exceeded my expectations The instructors were knowledgeable and engaging,2024-10-14 22:30:00,Positive
591,40,5,The spa experience was incredibly rejuvenating A must-visit for anyone seeking relaxation,2024-10-14 22:45:00,Positive
592,27,5,The car rental process was seamless and efficient The vehicle was clean and in perfect condition,2024-10-14 23:00:00,Positive
593,46,5,The concert was phenomenal! The band had so much energy and the crowd was electric,2024-10-14 23:15:00,Positive
594,34,5,The online course was both comprehensive and engaging I gained valuable skills and enjoyed the process,2024-10-14 23:30:00,Positive
595,49,5,The outdoor adventure was unforgettable The guides were experienced and the scenery was breathtaking,2024-10-14 23:45:00,Positive

596,29,1,The customer service was rude and unhelpful They didn’t resolve my issue at all,2024-10-15 00:00:00,Negative
597,47,1,The product arrived broken and the company refused to replace it Extremely dissatisfied,2024-10-15 00:15:00,Negative
598,36,1,The restaurant had horrible service and the food was inedible A complete waste of money,2024-10-15 00:30:00,Negative
599,50,1,The hotel room was filthy and the air conditioning didn’t work Worst stay ever,2024-10-15 00:45:00,Negative
600,41,1,The shipping was delayed by weeks and the customer support didn’t respond I won’t order from them again,2024-10-15 01:00:00,Negative
601,33,1,The gadget stopped working after a day of use Poor quality and very disappointing,2024-10-15 01:15:00,Negative
602,55,1,The event was a complete disaster Nothing was organized and it was a huge letdown,2024-10-15 01:30:00,Negative
603,28,1,The repair service made the issue worse and they charged me extra Terrible experience,2024-10-15 01:45:00,Negative
604,39,1,The staff ignored me for 30 minutes despite me asking for help Unacceptable service,2024-10-15 02:00:00,Negative
605,24,1,The cinema was dirty and the seats were uncomfortable Worst entertainment experience I’ve had,2024-10-15 02:15:00,Negative

606,33,3,The class provided some insights but the pace was too slow It wasn’t bad but it lacked excitement,2024-10-15 02:30:00,Neutral
607,40,3,The laptop functions okay for basic tasks but struggles with multitasking Not impressive but manageable,2024-10-15 02:45:00,Neutral
608,28,3,The shop offered reasonable prices but the selection was limited It’s fine for quick purchases,2024-10-15 03:00:00,Neutral
609,42,3,The app is easy to use but it crashes occasionally A decent choice with minor drawbacks,2024-10-15 03:15:00,Neutral
610,46,3,The package arrived on time but the contents weren’t as described It’s a mix of good and bad,2024-10-15 03:30:00,Neutral
611,29,3,The staff seemed polite but didn’t offer much assistance It was an average experience,2024-10-15 03:45:00,Neutral
612,38,3,The coffee tasted okay but the ambiance of the café was lacking A neutral experience overall,2024-10-15 04:00:00,Neutral
613,44,3,The movie had good acting but the plot was predictable Nothing memorable just alright,2024-10-15 04:15:00,Neutral
614,36,3,The car is reliable but the fuel efficiency isn’t great It’s suitable for short-term use,2024-10-15 04:30:00,Neutral
615,41,3,The book’s concept is interesting but the writing style is bland It’s okay but not captivating,2024-10-15 04:45:00,Neutral

616,39,5,The dining experience was exquisite! Every dish was a work of art Worth every penny,2024-10-15 05:00:00,Positive
617,54,5,The fitness trainer was incredibly motivating and knowledgeable I achieved great results,2024-10-15 05:15:00,Positive
618,31,5,The scenery on the hiking trail was breathtaking A perfect day out in nature,2024-10-15 05:30:00,Positive
619,49,5,The new phone is outstanding It’s fast sleek and packed with features,2024-10-15 05:45:00,Positive
620,35,5,The play was captivating and the performers were top-notch A truly unforgettable show,2024-10-15 06:00:00,Positive
621,47,5,The therapist was empathetic and provided great guidance I feel so much better now,2024-10-15 06:15:00,Positive
622,30,5,The park’s new playground is fantastic! My kids loved it and so did I,2024-10-15 06:30:00,Positive
623,45,5,The house cleaning service was impeccable! My home has never looked so spotless,2024-10-15 06:45:00,Positive
624,26,5,The virtual reality game is incredibly immersive The graphics and gameplay are amazing,2024-10-15 07:00:00,Positive
625,50,5,The online store is excellent Fast delivery and great customer support,2024-10-15 07:15:00,Positive

626,34,1,The bus was late and the driver was rude to passengers Completely unacceptable,2024-10-15 07:30:00,Negative
627,48,1,The shoes fell apart after just a week of use A waste of money,2024-10-15 07:45:00,Negative
628,27,1,The beach was dirty and there was trash everywhere Not a pleasant experience,2024-10-15 08:00:00,Negative
629,43,1,The server kept forgetting our orders and didn’t apologize Awful dining experience,2024-10-15 08:15:00,Negative
630,32,1,The air conditioning in the hotel room didn’t work and it was sweltering An absolute nightmare,2024-10-15 08:30:00,Negative
631,51,1,The software is full of bugs and crashes frequently Avoid it at all costs,2024-10-15 08:45:00,Negative
632,28,1,The furniture was damaged during delivery and no one resolved my complaint Highly disappointing,2024-10-15 09:00:00,Negative
633,37,1,The theme park rides were broken and the staff didn’t care A waste of time and money,2024-10-15 09:15:00,Negative
634,40,1,The service provider canceled my appointment without notice I won’t use them again,2024-10-15 09:30:00,Negative
635,46,1,The class was chaotic and the instructor was unprepared Completely unprofessional,2024-10-15 09:45:00,Negative

636,33,3,The product does what it’s supposed to but the design isn’t appealing It’s functional but not impressive,2024-10-15 10:00:00,Neutral
637,40,3,The service was adequate but it lacked a personal touch It’s okay but not memorable,2024-10-15 10:15:00,Neutral
638,28,3,The delivery was on time but the packaging was flimsy Not bad but needs improvement,2024-10-15 10:30:00,Neutral
639,42,3,The streaming quality was fine but the content selection was limited Decent but nothing extraordinary,2024-10-15 10:45:00,Neutral
640,46,3,The staff responded quickly but their answers were vague Acceptable but not outstanding,2024-10-15 11:00:00,Neutral
641,29,3,The workshop was informative but the materials were poorly organized It was a mixed bag overall,2024-10-15 11:15:00,Neutral
642,38,3,The hotel room was clean but the view was disappointing Comfortable but not spectacular,2024-10-15 11:30:00,Neutral
643,44,3,The exhibit had some interesting pieces but it wasn’t very interactive It was okay for a short visit,2024-10-15 11:45:00,Neutral
644,36,3,The car service was quick but they didn’t explain the repairs clearly Efficient but lacked communication,2024-10-15 12:00:00,Neutral
645,41,3,The website is easy to navigate but it looks outdated It works but it could use an update,2024-10-15 12:15:00,Neutral

646,39,5,The restaurant’s new menu is fantastic Every dish was a delight,2024-10-15 12:30:00,Positive
647,54,5,The instructor made learning fun and engaging I learned a lot and enjoyed every session,2024-10-15 12:45:00,Positive
648,31,5,The photography workshop was incredibly helpful My skills have improved significantly,2024-10-15 13:00:00,Positive
649,49,5,The new smartwatch is a game-changer It’s stylish functional and reliable,2024-10-15 13:15:00,Positive
650,35,5,The concert was amazing The band’s performance exceeded all expectations,2024-10-15 13:30:00,Positive
651,47,5,The customer support team was exceptional They resolved my issue in minutes,2024-10-15 13:45:00,Positive
652,30,5,The vacation package was perfect Everything was well-organized and enjoyable,2024-10-15 14:00:00,Positive
653,45,5,The bakery’s cakes are the best I’ve ever tasted Absolutely delicious,2024-10-15 14:15:00,Positive
654,26,5,The fitness app is excellent It’s intuitive and the workouts are effective,2024-10-15 14:30:00,Positive
655,50,5,The library is well-stocked and peaceful A great place to study,2024-10-15 14:45:00,Positive

656,34,1,The taxi driver overcharged me and was rude Worst experience ever,2024-10-15 15:00:00,Negative
657,48,1,The furniture looked great online but arrived damaged and unusable Very disappointing,2024-10-15 15:15:00,Negative
658,27,1,The attraction was overcrowded and poorly maintained Definitely not worth the visit,2024-10-15 15:30:00,Negative
659,43,1,The event was poorly organized with long delays and no clear schedule A waste of time,2024-10-15 15:45:00,Negative
660,32,1,The internet service is extremely unreliable It disconnects multiple times a day,2024-10-15 16:00:00,Negative
661,51,1,The software update caused more problems than it fixed I regret installing it,2024-10-15 16:15:00,Negative
662,28,1,The customer service team ignored my emails for weeks Completely unacceptable,2024-10-15 16:30:00,Negative
663,37,1,The theme park was understaffed leading to long lines and frustration A terrible experience,2024-10-15 16:45:00,Negative
664,40,1,The repair service was overpriced and they didn’t fix the issue Total rip-off,2024-10-15 17:00:00,Negative
665,46,1,The course materials were outdated and unhelpful I didn’t learn anything useful,2024-10-15 17:15:00,Negative

666,34,3,The product works as advertised but the setup instructions were unclear Functional but a bit frustrating,2024-10-15 17:30:00,Neutral
667,50,3,The coffee shop has decent drinks but the seating area is cramped Average experience overall,2024-10-15 17:45:00,Neutral
668,28,3,The movie had great visuals but the storyline was predictable Entertaining but not groundbreaking,2024-10-15 18:00:00,Neutral
669,41,3,The app is useful but it crashes occasionally Not bad but needs stability improvements,2024-10-15 18:15:00,Neutral
670,47,3,The seminar covered the basics but lacked depth Informative but didn’t go beyond the surface,2024-10-15 18:30:00,Neutral
671,35,3,The car rental was affordable but the vehicle wasn’t very clean Reasonable but attention to details is needed,2024-10-15 18:45:00,Neutral
672,44,3,The spa treatment was relaxing but the facilities felt outdated Good but not luxurious,2024-10-15 19:00:00,Neutral
673,36,3,The buffet had a lot of variety but some dishes were cold Satisfactory but not exceptional,2024-10-15 19:15:00,Neutral
674,39,3,The online course is easy to follow but the pace feels slow Useful but requires patience,2024-10-15 19:30:00,Neutral
675,30,3,The park is well-maintained but it gets very crowded during weekends A decent place for weekday visits,2024-10-15 19:45:00,Neutral

676,43,5,The smartphone’s battery life is phenomenal It easily lasts all day with heavy use,2024-10-15 20:00:00,Positive
677,31,5,The delivery service is incredibly fast My package arrived ahead of schedule,2024-10-15 20:15:00,Positive
678,38,5,The clothing line offers stylish and comfortable options Love every piece I bought,2024-10-15 20:30:00,Positive
679,45,5,The local tour guide was knowledgeable and friendly Made the experience unforgettable,2024-10-15 20:45:00,Positive
680,40,5,The fitness class is high-energy and motivating I feel stronger after each session,2024-10-15 21:00:00,Positive
681,32,5,The bakery offers the freshest pastries in town Always a treat to visit,2024-10-15 21:15:00,Positive
682,54,5,The concert hall’s acoustics are incredible Enhanced the live performance beautifully,2024-10-15 21:30:00,Positive
683,28,5,The museum’s interactive exhibits are perfect for families Fun and educational for all ages,2024-10-15 21:45:00,Positive
684,49,5,The e-learning platform is user-friendly and offers valuable content Worth every penny,2024-10-15 22:00:00,Positive
685,50,5,The resort’s amenities are top-notch Luxury and comfort combined,2024-10-15 22:15:00,Positive

686,33,1,The package arrived late and damaged Extremely disappointing service,2024-10-15 22:30:00,Negative
687,46,1,The workshop promised advanced techniques but only covered beginner topics A complete waste of time,2024-10-15 22:45:00,Negative
688,29,1,The new app update made things worse It’s now buggy and harder to use,2024-10-15 23:00:00,Negative
689,37,1,The restaurant staff was inattentive and the food was bland Poor service and mediocre food,2024-10-15 23:15:00,Negative
690,48,1,The online shop sent me the wrong item twice in a row Unacceptable level of carelessness,2024-10-15 23:30:00,Negative
691,30,1,The theme park rides were constantly breaking down Ruined what could have been a fun day,2024-10-15 23:45:00,Negative
692,43,1,The hairstylist ignored my request and did a completely different cut Very frustrating experience,2024-10-16 00:00:00,Negative
693,38,1,The cinema had broken seats and sticky floors I won’t be returning anytime soon,2024-10-16 00:15:00,Negative
694,28,1,The car repair shop overcharged me and didn’t fix the issue Dishonest and unreliable,2024-10-16 00:30:00,Negative
695,41,1,The hotel’s air conditioning was broken and the staff didn’t help Awful stay,2024-10-16 00:45:00,Negative

696,40,3,The product is decent but the packaging could be improved Mediocre presentation,2024-10-16 01:00:00,Neutral
697,29,3,The coffee tasted okay but the service was slow Nothing extraordinary,2024-10-16 01:15:00,Neutral
698,36,3,The event was organized well but it lacked engaging activities Overall acceptable,2024-10-16 01:30:00,Neutral
699,42,3,The headphones sound good but they’re not comfortable for long use Functional but not perfect,2024-10-16 01:45:00,Neutral
700,31,3,The tutorial is helpful but some steps are hard to follow A mixed learning experience,2024-10-16 02:00:00,Neutral
701,28,3,The hotel is clean but the location is inconvenient Decent but far from attractions,2024-10-16 02:15:00,Neutral
702,34,3,The smartwatch features are nice but the battery life is short Works fine but needs frequent charging,2024-10-16 02:30:00,Neutral
703,45,3,The food presentation was great but the flavors were underwhelming Visually appealing but needs taste improvement,2024-10-16 02:45:00,Neutral
704,39,3,The delivery tracking is accurate but the shipping takes too long Could be better with faster service,2024-10-16 03:00:00,Neutral
705,50,3,The outdoor adventure was fun but the guide wasn’t very engaging Enjoyable but not memorable,2024-10-16 03:15:00,Neutral

706,37,5,The new tablet is lightweight and fast A perfect device for travel,2024-10-16 03:30:00,Positive
707,28,5,The online shopping platform offers amazing deals Very satisfied with my purchases,2024-10-16 03:45:00,Positive
708,43,5,The customer service was incredibly attentive They resolved my issue in minutes,2024-10-16 04:00:00,Positive
709,49,5,The tour package was well-planned and stress-free An excellent choice for travelers,2024-10-16 04:15:00,Positive
710,35,5,The streaming platform offers great quality videos Highly recommend subscribing,2024-10-16 04:30:00,Positive
711,33,5,The photography workshop was fun and informative I learned so many new techniques,2024-10-16 04:45:00,Positive
712,41,5,The local café’s pastries are fresh and delicious Always a pleasure to visit,2024-10-16 05:00:00,Positive
713,44,5,The museum’s exhibit was creative and interactive A must-see for art lovers,2024-10-16 05:15:00,Positive
714,47,5,The hiking trail was breathtaking and well-marked A great outdoor experience,2024-10-16 05:30:00,Positive
715,32,5,The mobile app is intuitive and works flawlessly Absolutely worth downloading,2024-10-16 05:45:00,Positive

716,46,1,The parcel was lost and customer support didn’t help Completely unacceptable,2024-10-16 06:00:00,Negative
717,30,1,The furniture arrived with missing parts Very frustrating and inconvenient,2024-10-16 06:15:00,Negative
718,38,1,The restaurant charged extra fees without explanation Felt cheated and disappointed,2024-10-16 06:30:00,Negative
719,29,1,The online class was poorly managed and disorganized A waste of time,2024-10-16 06:45:00,Negative
720,43,1,The fitness equipment broke after just a week of use Poor quality and overpriced,2024-10-16 07:00:00,Negative
721,36,1,The taxi driver took a longer route and overcharged me Dishonest and unprofessional,2024-10-16 07:15:00,Negative
722,34,1,The Wi-Fi connection was unstable throughout the stay Ruined my work plans,2024-10-16 07:30:00,Negative
723,31,1,The waterpark was overcrowded and understaffed A disappointing visit overall,2024-10-16 07:45:00,Negative
724,40,1,The car rental service gave me an old unreliable vehicle Unsafe and poorly maintained,2024-10-16 08:00:00,Negative
725,50,1,The live chat support was rude and unhelpful Worst customer service experience,2024-10-16 08:15:00,Negative

726,41,3,The phone has decent performance but the camera quality is lacking Acceptable but could be better,2024-10-16 08:30:00,Neutral
727,38,3,The event was organized well though the venue was a bit cramped Overall fine but space could be improved,2024-10-16 08:45:00,Neutral
728,35,3,The product is functional but I wish it was a little more durable Adequate but not exceptional,2024-10-16 09:00:00,Neutral
729,30,3,The customer service is responsive but the issue took longer than expected to resolve Not bad but there’s room for improvement,2024-10-16 09:15:00,Neutral
730,37,3,The book was interesting but it didn’t fully capture my attention An okay read not a page-turner,2024-10-16 09:30:00,Neutral
731,29,3,The restaurant has a good ambiance but the food was overpriced Nice atmosphere but overpriced dishes,2024-10-16 09:45:00,Neutral
732,43,3,The clothing fits well but the fabric feels a bit cheap Comfortable but not the best quality,2024-10-16 10:00:00,Neutral
733,36,3,The app works fine but occasionally crashes during heavy use It’s usable but a bit glitchy at times,2024-10-16 10:15:00,Neutral
734,40,3,The hotel was clean but lacked amenities like a gym or pool A basic stay nothing special,2024-10-16 10:30:00,Neutral
735,31,3,The concert was good but the acoustics weren’t great Enjoyable but not the best sound quality,2024-10-16 10:45:00,Neutral

736,42,5,The online course was very engaging and easy to follow Great learning experience,2024-10-16 11:00:00,Positive
737,39,5,The customer support team was extremely helpful and resolved my issue quickly Excellent service,2024-10-16 11:15:00,Positive
738,35,5,The product quality exceeded my expectations Super happy with my purchase,2024-10-16 11:30:00,Positive
739,29,5,The fitness app has great features and motivates me to work out I’m definitely sticking with it,2024-10-16 11:45:00,Positive
740,34,5,The resort was beautiful and the staff was friendly A wonderful experience overall,2024-10-16 12:00:00,Positive
741,40,5,The kitchen appliances are very durable and have made cooking so much easier A must-have for any home,2024-10-16 12:15:00,Positive
742,45,5,The guided tour was very informative and well-paced I learned a lot and had fun,2024-10-16 12:30:00,Positive
743,48,5,The local bookstore has a great selection and friendly staff Always a pleasure to visit,2024-10-16 12:45:00,Positive
744,32,5,The hiking trail was stunning and not too difficult to navigate A perfect balance of challenge and beauty,2024-10-16 13:00:00,Positive
745,38,5,The new restaurant’s menu is fantastic and the dishes are flavorful Highly recommend,2024-10-16 13:15:00,Positive

746,30,1,The package arrived late and the contents were damaged Poor service extremely disappointed,2024-10-16 13:30:00,Negative
747,32,1,The event was poorly organized and lacked clear instructions A waste of time and money,2024-10-16 13:45:00,Negative
748,41,1,The product stopped working after a few days Completely faulty would not recommend,2024-10-16 14:00:00,Negative
749,34,1,The hotel was noisy and didn’t have soundproof rooms Very disruptive and uncomfortable,2024-10-16 14:15:00,Negative
750,43,1,The food was undercooked and made me feel sick Unacceptable food quality,2024-10-16 14:30:00,Negative
751,36,1,The website crashed during my order and I couldn’t complete my purchase Frustrating experience,2024-10-16 14:45:00,Negative
752,33,1,The app is full of bugs and crashes frequently Very unreliable needs major fixes,2024-10-16 15:00:00,Negative
753,29,1,The gym equipment was old and in bad condition I didn’t feel safe using it,2024-10-16 15:15:00,Negative
754,38,1,The taxi driver was rude and didn’t follow the agreed route Terrible service,2024-10-16 15:30:00,Negative
755,40,1,The concert was overcrowded and I couldn’t see anything A disappointing experience,2024-10-16 15:45:00,Negative

756,41,3,The product works but the instructions were unclear Had to figure it out on my own,2024-10-16 16:00:00,Neutral
757,38,3,The delivery was on time but the packaging could have been better Everything arrived fine but not well-packed,2024-10-16 16:15:00,Neutral
758,29,3,The service was decent but it took longer than I expected Not bad but could be faster,2024-10-16 16:30:00,Neutral
759,36,3,The food was average not much to write home about Tasted fine but not memorable,2024-10-16 16:45:00,Neutral
760,37,3,The event was well-structured though it could use more interactive elements A good event but lacking in engagement,2024-10-16 17:00:00,Neutral
761,40,3,The hotel room was okay but it didn’t match the pictures on the website Decent but misleading photos,2024-10-16 17:15:00,Neutral
762,33,3,The movie had good acting but the plot felt too predictable Entertaining but lacking in surprises,2024-10-16 17:30:00,Neutral
763,41,3,The online course had useful content but the pace was slow Fine for beginners but too slow for advanced learners,2024-10-16 17:45:00,Neutral
764,42,3,The app is useful but I don’t find it intuitive to navigate Needs better UI/UX,2024-10-16 18:00:00,Neutral
765,34,3,The shoes are comfortable but they wear out too quickly Decent comfort but poor durability,2024-10-16 18:15:00,Neutral

766,39,5,The concert was amazing! Great performances and excellent acoustics A fantastic night out,2024-10-16 18:30:00,Positive
767,33,5,The restaurant had a cozy atmosphere and the food was fantastic A delightful dining experience,2024-10-16 18:45:00,Positive
768,28,5,The fitness program really motivated me to push myself I feel stronger and more energetic now,2024-10-16 19:00:00,Positive
769,36,5,The customer service was quick and solved my issue right away Very impressed with their support,2024-10-16 19:15:00,Positive
770,34,5,The product worked as expected and exceeded my expectations Great quality and performance,2024-10-16 19:30:00,Positive
771,30,5,The event was fantastic everything was organized perfectly I had a wonderful time,2024-10-16 19:45:00,Positive
772,31,5,The hotel was lovely and the staff was very accommodating The perfect place for a weekend getaway,2024-10-16 20:00:00,Positive
773,40,5,The guided tour was excellent with very knowledgeable guides Really informative and fun,2024-10-16 20:15:00,Positive
774,38,5,The kitchen appliance is efficient easy to use and built to last Very satisfied with the purchase,2024-10-16 20:30:00,Positive
775,33,5,The beach was beautiful and the resort provided excellent service I’ll definitely be coming back,2024-10-16 20:45:00,Positive

776,34,1,The hotel was terrible! The room was dirty and smelled bad Horrible experience would not stay again,2024-10-16 21:00:00,Negative
777,38,1,The product broke after a few uses! Terrible quality do not recommend Very disappointing,2024-10-16 21:15:00,Negative
778,40,1,The delivery was late and the product was damaged upon arrival Extremely upset,2024-10-16 21:30:00,Negative
779,32,1,The food was cold and bland when it arrived! Not worth the money,2024-10-16 21:45:00,Negative
780,31,1,The app crashes all the time and I can’t use it at all! Completely useless,2024-10-16 22:00:00,Negative
781,33,1,The customer service was unhelpful and rude! Absolutely terrible experience,2024-10-16 22:15:00,Negative
782,35,1,The product didn’t match the description at all! Complete scam,2024-10-16 22:30:00,Negative
783,37,1,The concert was overcrowded and not enjoyable at all! Felt like a waste of time,2024-10-16 22:45:00,Negative
784,29,1,The car rental was awful! The vehicle was dirty and had a mechanical issue Worst rental experience ever,2024-10-16 23:00:00,Negative
785,41,1,The app is full of bugs and constantly crashes Can’t use it for anything,2024-10-16 23:15:00,Negative

786,42,3,The product works as expected but the instructions were hard to follow I had to figure it out myself,2024-10-17 00:00:00,Neutral
787,40,3,The event was okay but lacked proper coordination It wasn’t the best experience,2024-10-17 00:15:00,Neutral
788,35,3,The food was decent but could have been hotter It was fine but didn’t meet expectations,2024-10-17 00:30:00,Neutral
789,33,3,The service was fine but the wait time was a bit long A little slow but nothing major,2024-10-17 00:45:00,Neutral
790,34,3,The room was comfortable but could use more lighting The ambiance wasn’t ideal,2024-10-17 01:00:00,Neutral
791,29,3,The product is good but takes a while to get used to It’s not bad just requires some adjustment,2024-10-17 01:15:00,Neutral
792,32,3,The movie was okay but a bit predictable It lacked some originality,2024-10-17 01:30:00,Neutral
793,36,3,The class was informative but didn’t hold my attention I found it a bit dry,2024-10-17 01:45:00,Neutral
794,39,3,The app works but it’s not very user-friendly It takes some time to get used to,2024-10-17 02:00:00,Neutral
795,38,3,The furniture is okay but not as sturdy as I expected It does the job but not top quality,2024-10-17 02:15:00,Neutral

796,41,5,The concert was outstanding and the performances were top-notch Truly an unforgettable night,2024-10-17 02:30:00,Positive
797,43,5,The restaurant had amazing food and the ambiance was perfect A wonderful dining experience,2024-10-17 02:45:00,Positive
798,37,5,The fitness class really pushed me to improve I feel more motivated than ever,2024-10-17 03:00:00,Positive
799,35,5,The customer service was excellent and resolved my issue quickly Very efficient and helpful,2024-10-17 03:15:00,Positive
800,40,5,The product exceeded my expectations in quality and performance Fantastic value for the price,2024-10-17 03:30:00,Positive
801,38,5,The event was a great success Everything was well organized and fun,2024-10-17 03:45:00,Positive
802,33,5,The hotel was beautiful and the staff was incredibly friendly A great place to stay,2024-10-17 04:00:00,Positive
803,37,5,The tour guide was knowledgeable and the tour was very engaging An excellent experience,2024-10-17 04:15:00,Positive
804,36,5,The app is intuitive and has made managing tasks so much easier Very happy with its functionality,2024-10-17 04:30:00,Positive
805,34,5,The beach resort was perfect and the service was impeccable Couldn’t ask for a better vacation,2024-10-17 04:45:00,Positive

806,39,1,The hotel was a disaster The room was filthy and there was no hot water Worst stay ever,2024-10-17 05:00:00,Negative
807,37,1,The product arrived broken and didn’t work at all Terrible quality,2024-10-17 05:15:00,Negative
808,33,1,The delivery was delayed and the item was damaged Extremely disappointed,2024-10-17 05:30:00,Negative
809,35,1,The food was cold and tasteless Not worth the money at all,2024-10-17 05:45:00,Negative
810,34,1,The app keeps crashing and is impossible to use Very frustrating,2024-10-17 06:00:00,Negative
811,32,1,The customer service was rude and unhelpful They didn’t care about solving my issue,2024-10-17 06:15:00,Negative
812,40,1,The product didn’t match the description and was completely useless Do not recommend,2024-10-17 06:30:00,Negative
813,33,1,The concert was overcrowded and lacked proper sound quality Very disappointing,2024-10-17 06:45:00,Negative
814,36,1,The car rental was a nightmare The car was filthy and broke down halfway through my trip Awful experience,2024-10-17 07:00:00,Negative
815,41,1,The app is constantly glitching and freezing Can’t even use it for basic tasks,2024-10-17 07:15:00,Negative

816,42,3,The product works but I expected it to be more durable It’s good for the price but could be better,2024-10-17 07:30:00,Neutral
817,39,3,The event was decent but lacked some excitement It could have been more engaging,2024-10-17 07:45:00,Neutral
818,34,3,The room was fine but the air conditioning was a bit noisy A little uncomfortable but manageable,2024-10-17 08:00:00,Neutral
819,37,3,The class was informative but could have been more interactive It was a bit dry,2024-10-17 08:15:00,Neutral
820,33,3,The movie was okay but the plot was predictable It could have been more exciting,2024-10-17 08:30:00,Neutral
821,36,3,The app works but has a few bugs that need fixing It’s functional but needs improvements,2024-10-17 08:45:00,Neutral
822,38,3,The food was good but could have been served warmer It’s fine but could use some improvement,2024-10-17 09:00:00,Neutral
823,32,3,The service was okay but not very friendly It was fine but not great,2024-10-17 09:15:00,Neutral
824,35,3,The product looks fine but feels a bit cheap It works but could be of higher quality,2024-10-17 09:30:00,Neutral
825,34,3,The furniture is fine but a bit hard to assemble It’s usable but could be easier to put together,2024-10-17 09:45:00,Neutral

826,40,5,The concert was amazing and the atmosphere was electric One of the best I’ve attended,2024-10-17 10:00:00,Positive
827,39,5,The restaurant was fantastic the food was delicious and service was exceptional Highly recommend,2024-10-17 10:15:00,Positive
828,35,5,The fitness class was energizing and the instructor was great I feel better than ever,2024-10-17 10:30:00,Positive
829,33,5,The customer support was outstanding and helped me quickly I’m very satisfied,2024-10-17 10:45:00,Positive
830,41,5,The product was top-quality and exceeded my expectations Very happy with my purchase,2024-10-17 11:00:00,Positive
831,36,5,The event was perfectly organized and had great entertainment I had a blast,2024-10-17 11:15:00,Positive
832,37,5,The hotel was lovely the rooms were spacious and the staff was amazing I would stay again,2024-10-17 11:30:00,Positive
833,38,5,The tour was incredible and the guide was knowledgeable Highly recommend this experience,2024-10-17 11:45:00,Positive
834,34,5,The app is very user-friendly and helped me stay on track with my tasks Easy to navigate and very efficient,2024-10-17 12:00:00,Positive
835,32,5,The beach resort was beautiful and the staff went out of their way to make it perfect It was an unforgettable experience,2024-10-17 12:15:00,Positive

836,38,1,The hotel was awful the room was dirty and the service was poor I will never stay here again,2024-10-17 12:30:00,Negative
837,39,1,The product didn’t work at all and was completely broken Terrible quality and not worth the price,2024-10-17 12:45:00,Negative
838,35,1,The delivery was delayed for over a week and the packaging was damaged Extremely frustrating experience,2024-10-17 13:00:00,Negative
839,36,1,The food was terrible it was cold and flavorless A huge disappointment,2024-10-17 13:15:00,Negative
840,34,1,The app crashes constantly and isn’t usable at all Complete waste of time,2024-10-17 13:30:00,Negative
841,32,1,The customer service was rude and didn’t care about my issue Very unprofessional,2024-10-17 13:45:00,Negative
842,33,1,The product was completely different from what was advertised Don’t trust the description,2024-10-17 14:00:00,Negative
843,40,1,The event was chaotic unorganized and lacked structure Completely unprofessional,2024-10-17 14:15:00,Negative
844,37,1,The car rental was a disaster The car was dirty and it broke down halfway through my trip Would never rent again,2024-10-17 14:30:00,Negative
845,41,1,The app is useless it freezes every time I try to open it It’s completely unreliable,2024-10-17 14:45:00,Negative

846,42,3,The product is okay but the color was not what I expected I was hoping for a different shade,2024-10-17 15:00:00,Neutral
847,39,3,The service was average but could have been faster There was a delay but still okay,2024-10-17 15:15:00,Neutral
848,34,3,The room was clean but the bed was too firm It wasn’t uncomfortable but could be better,2024-10-17 15:30:00,Neutral
849,37,3,The concert was fun but the sound quality could be improved It wasn’t terrible but could be better,2024-10-17 15:45:00,Neutral
850,33,3,The food was decent but not extraordinary The taste was average nothing special,2024-10-17 16:00:00,Neutral
851,36,3,The event was fine but lacked enough seating It was crowded and a bit uncomfortable,2024-10-17 16:15:00,Neutral
852,38,3,The class was informative but the pace was slow It could have been more engaging,2024-10-17 16:30:00,Neutral
853,32,3,The tour was okay but could have been longer The duration was short but still enjoyable,2024-10-17 16:45:00,Neutral
854,35,3,The product works fine but the instructions were unclear It took a while to figure it out,2024-10-17 17:00:00,Neutral
855,34,3,The service was good but not remarkable It was decent but not memorable,2024-10-17 17:15:00,Neutral

856,40,5,The vacation was amazing I had a wonderful time and everything was perfect Great value,2024-10-17 17:30:00,Positive
857,39,5,The event was fantastic The speakers were engaging and the experience was unforgettable Highly recommend,2024-10-17 17:45:00,Positive
858,35,5,The fitness center was excellent I enjoyed the variety of equipment and the space was clean,2024-10-17 18:00:00,Positive
859,33,5,The customer service was exceptional They went out of their way to make sure everything was perfect,2024-10-17 18:15:00,Positive
860,41,5,The product exceeded my expectations It’s exactly what I needed and works perfectly,2024-10-17 18:30:00,Positive
861,36,5,The event was very well organized The staff was friendly and everything went smoothly,2024-10-17 18:45:00,Positive
862,37,5,The food was delicious and the atmosphere was great I’ll definitely be back,2024-10-17 19:00:00,Positive
863,38,5,The hotel stay was wonderful The staff was friendly and the facilities were great,2024-10-17 19:15:00,Positive
864,34,5,The app is easy to use and has been very helpful in managing my tasks It makes things more organized,2024-10-17 19:30:00,Positive
865,32,5,The beach resort was amazing The view was beautiful and the staff was very accommodating,2024-10-17 19:45:00,Positive

866,38,1,The hotel was terrible The room was dirty and the service was bad I will never stay here again,2024-10-17 20:00:00,Negative
867,39,1,The product was defective It broke on the first use and didn’t work at all,2024-10-17 20:15:00,Negative
868,35,1,The delivery was a nightmare The package arrived late and the contents were damaged,2024-10-17 20:30:00,Negative
869,36,1,The food was awful It was cold and tasteless I would not recommend it to anyone,2024-10-17 20:45:00,Negative
870,34,1,The app is terrible It crashes constantly and doesn’t work as advertised,2024-10-17 21:00:00,Negative
871,32,1,The customer service was rude and unhelpful They were not willing to assist at all,2024-10-17 21:15:00,Negative
872,33,1,The product did not match the description It was totally different from what I ordered,2024-10-17 21:30:00,Negative
873,40,1,The event was chaotic and poorly organized It was a waste of time,2024-10-17 21:45:00,Negative
874,37,1,The car rental was a disaster The vehicle was dirty and broke down halfway through the trip,2024-10-17 22:00:00,Negative
875,41,1,The app is useless It’s full of bugs and keeps freezing I’m very frustrated,2024-10-17 22:15:00,Negative

876,42,3,The room was fine but not as spacious as expected It could use a little more room for comfort,2024-10-18 10:00:00,Neutral
877,39,3,The food was okay but lacked flavor It didn’t meet my expectations for the price,2024-10-18 10:15:00,Neutral
878,34,3,The event was enjoyable but the seating arrangement could have been better It was hard to see from where I was,2024-10-18 10:30:00,Neutral
879,37,3,The concert was fun but I had trouble hearing some parts of the show The sound quality could have been improved,2024-10-18 10:45:00,Neutral
880,33,3,The hotel was decent but the air conditioning wasn’t working properly It got a bit warm at night,2024-10-18 11:00:00,Neutral
881,36,3,The service was alright but the wait time was longer than expected It could have been more efficient,2024-10-18 11:15:00,Neutral
882,38,3,The product is fine but it wasn’t exactly what I was looking for It works but not as expected,2024-10-18 11:30:00,Neutral
883,32,3,The room was clean but the bathroom could have been better It felt a bit outdated and small,2024-10-18 11:45:00,Neutral
884,35,3,The event was good but the food options were limited It could have used a better variety,2024-10-18 12:00:00,Neutral
885,34,3,The service was decent but could have been friendlier It wasn’t bad but it wasn’t great either,2024-10-18 12:15:00,Neutral

886,40,5,The hotel was amazing The staff was friendly and the amenities were great I had a fantastic stay,2024-10-18 12:30:00,Positive
887,39,5,The event was incredible The speakers were engaging and the experience was unforgettable Highly recommended,2024-10-18 12:45:00,Positive
888,35,5,The product worked perfectly I’m very satisfied with my purchase It does exactly what I needed,2024-10-18 13:00:00,Positive
889,33,5,The service was exceptional Everyone was so kind and helpful It really made my experience better,2024-10-18 13:15:00,Positive
890,41,5,The food was delicious The flavors were amazing and everything was cooked perfectly I’ll definitely return,2024-10-18 13:30:00,Positive
891,36,5,The class was very helpful I learned a lot and the instructor was fantastic I’ll apply these skills right away,2024-10-18 13:45:00,Positive
892,37,5,The beach resort was stunning The view was breathtaking and the staff made the experience even better,2024-10-18 14:00:00,Positive
893,38,5,The app is very user-friendly It helped me stay organized and made everything much easier,2024-10-18 14:15:00,Positive
894,34,5,The fitness center was amazing I loved all the equipment and the space was very well-maintained,2024-10-18 14:30:00,Positive
895,32,5,The product exceeded my expectations It’s exactly what I was hoping for and works flawlessly,2024-10-18 14:45:00,Positive

896,38,1,The hotel was terrible The room was dirty and smelled bad I won’t stay here again,2024-10-18 15:00:00,Negative
897,39,1,The food was awful It was cold and bland I didn’t finish my meal and won’t return,2024-10-18 15:15:00,Negative
898,35,1,The product didn’t work at all It didn’t turn on and was a total waste of money,2024-10-18 15:30:00,Negative
899,36,1,The customer service was rude They didn’t help with my problem at all I’m very disappointed,2024-10-18 15:45:00,Negative
900,34,1,The service was horrible The staff were unhelpful and didn’t make any effort to solve my issues,2024-10-18 16:00:00,Negative
901,32,1,The app was terrible It was slow and kept crashing I couldn’t even use it,2024-10-18 16:15:00,Negative
902,33,1,The event was a disaster It was poorly organized and not worth the time I spent there,2024-10-18 16:30:00,Negative
903,40,1,The tour was awful The guide was unprofessional and we didn’t see anything interesting,2024-10-18 16:45:00,Negative
904,37,1,The car rental was a nightmare The vehicle had issues and the service was awful,2024-10-18 17:00:00,Negative
905,41,1,The product was defective It didn’t work at all and I had to return it right away,2024-10-18 17:15:00,Negative

906,36,3,The experience was fine but there were some technical issues during the event that distracted from the overall enjoyment,2024-10-18 17:30:00,Neutral
907,34,3,The room was good but the lighting could be improved It was a bit too dim for comfort,2024-10-18 17:45:00,Neutral
908,38,3,The food was okay but the portion sizes were small It left me wanting more,2024-10-18 18:00:00,Neutral
909,39,3,The tour was interesting but a bit too long It started to drag towards the end,2024-10-18 18:15:00,Neutral
910,40,3,The product was decent but the packaging could have been better It arrived slightly damaged,2024-10-18 18:30:00,Neutral
911,35,3,The staff was friendly but the wait time was a bit long I was expecting faster service,2024-10-18 18:45:00,Neutral
912,33,3,The concert was nice but the seating arrangement wasn’t ideal It was difficult to see the stage,2024-10-18 19:00:00,Neutral
913,32,3,The room was clean but the bed wasn’t very comfortable I couldn’t get a good night’s sleep,2024-10-18 19:15:00,Neutral
914,34,3,The class was okay but the content didn’t seem very engaging It could use more interactive elements,2024-10-18 19:30:00,Neutral
915,37,3,The service was average The staff was polite but didn’t go out of their way to assist,2024-10-18 19:45:00,Neutral

916,39,5,The hotel stay was perfect Everything was so clean and the staff went above and beyond to ensure a pleasant stay,2024-10-18 20:00:00,Positive
917,34,5,The event was amazing The speakers were knowledgeable and the topics covered were highly relevant,2024-10-18 20:15:00,Positive
918,38,5,The product exceeded my expectations It works beautifully and is a great value for the price,2024-10-18 20:30:00,Positive
919,37,5,The customer service was exceptional Everyone was friendly and took the time to resolve my issue,2024-10-18 20:45:00,Positive
920,36,5,The service at the restaurant was outstanding The staff was attentive and the food was delicious,2024-10-18 21:00:00,Positive
921,41,5,The class was very insightful I learned so much and felt confident applying what I learned right away,2024-10-18 21:15:00,Positive
922,40,5,The tour was fantastic The guide was informative and made the whole experience enjoyable,2024-10-18 21:30:00,Positive
923,33,5,The fitness center was well-equipped and clean I had everything I needed for a great workout,2024-10-18 21:45:00,Positive
924,35,5,The restaurant had an amazing atmosphere The food was perfectly cooked and the ambiance was just right,2024-10-18 22:00:00,Positive
925,32,5,The hotel was outstanding The rooms were comfortable and the location was perfect for sightseeing,2024-10-18 22:15:00,Positive

926,34,1,The hotel was disappointing The room was dirty and the service was terrible I wouldn’t stay here again,2024-10-18 22:30:00,Negative
927,39,1,The food was awful It was undercooked and tasted bland I left most of my meal uneaten,2024-10-18 22:45:00,Negative
928,37,1,The customer service was terrible The staff was rude and unhelpful I couldn’t get the assistance I needed,2024-10-18 23:00:00,Negative
929,36,1,The app was useless It was slow and constantly crashed I couldn’t even open it properly,2024-10-18 23:15:00,Negative
930,35,1,The product was defective It didn’t work as promised and was a waste of money,2024-10-18 23:30:00,Negative
931,32,1,The concert was poorly organized The sound system was bad and the seating was uncomfortable,2024-10-18 23:45:00,Negative
932,34,1,The tour was a disaster The guide was unprofessional and we didn’t see anything interesting,2024-10-19 00:00:00,Negative
933,38,1,The fitness center was outdated Some equipment was broken and there was very little space to move around,2024-10-19 00:15:00,Negative
934,33,1,The event was not worth the time The presentation was boring and the organizers were disorganized,2024-10-19 00:30:00,Negative
935,41,1,The product didn’t meet my expectations It was poorly made and didn’t function as advertised,2024-10-19 00:45:00,Negative

936,34,3,The hotel had a nice lobby but the rooms were smaller than expected It felt a bit cramped,2024-10-19 01:00:00,Neutral
937,38,3,The location of the hotel was convenient but the noise from the street was bothersome I couldn’t sleep well,2024-10-19 01:15:00,Neutral
938,35,3,The staff was polite but the check-in process was slow It took too long to get to my room,2024-10-19 01:30:00,Neutral
939,40,3,The hotel provided basic amenities but there was nothing outstanding about the stay It was average,2024-10-19 01:45:00,Neutral
940,39,3,The breakfast at the hotel was decent but there weren’t enough vegetarian options It felt limited,2024-10-19 02:00:00,Neutral
941,33,3,The pool area was nice but the water was a bit cold It could have been more enjoyable,2024-10-19 02:15:00,Neutral
942,37,3,The hotel was clean but the Wi-Fi was slow It was frustrating to work on my laptop,2024-10-19 02:30:00,Neutral
943,36,3,The bed was comfortable but the air conditioning unit was noisy It made sleeping difficult,2024-10-19 02:45:00,Neutral
944,32,3,The hotel had a good price but the decor felt outdated It could use some renovation,2024-10-19 03:00:00,Neutral
945,41,3,The staff was helpful but the room service took a long time to arrive It was a bit inconvenient,2024-10-19 03:15:00,Neutral

946,34,5,The hotel exceeded all my expectations The room was spacious and the staff was incredibly accommodating,2024-10-19 03:30:00,Positive
947,38,5,The location was perfect for sightseeing The hotel was close to major attractions and transportation options,2024-10-19 03:45:00,Positive
948,35,5,The staff went above and beyond to ensure our stay was comfortable The service was outstanding,2024-10-19 04:00:00,Positive
949,39,5,The room was impeccably clean and the bed was very comfortable I had a great night’s sleep,2024-10-19 04:15:00,Positive
950,40,5,The breakfast buffet was amazing There was a wide variety of delicious options to choose from,2024-10-19 04:30:00,Positive
951,33,5,The hotel offered great value for the price The amenities and service were top-notch,2024-10-19 04:45:00,Positive
952,37,5,The pool and spa were fantastic It was a relaxing experience that made my trip special,2024-10-19 05:00:00,Positive
953,36,5,The staff was incredibly friendly and professional They made me feel welcome from the moment I arrived,2024-10-19 05:15:00,Positive
954,32,5,The room had a stunning view of the city It was a highlight of my stay at the hotel,2024-10-19 05:30:00,Positive
955,41,5,The hotel’s design was modern and elegant It created a luxurious atmosphere that I loved,2024-10-19 05:45:00,Positive

956,34,1,The hotel was a disaster The room was dirty and smelled bad I had to check out early,2024-10-19 06:00:00,Negative
957,38,1,The air conditioning was broken and it was unbearably hot in the room I couldn’t stay comfortably,2024-10-19 06:15:00,Negative
958,35,1,The staff was rude and unhelpful They didn’t resolve any of the issues I faced during my stay,2024-10-19 06:30:00,Negative
959,39,1,The hotel’s photos were misleading The actual condition of the rooms was much worse,2024-10-19 06:45:00,Negative
960,40,1,The food at the hotel was terrible It was overpriced and lacked quality or taste,2024-10-19 07:00:00,Negative
961,33,1,The noise from the construction nearby made it impossible to relax in the hotel It was a nightmare,2024-10-19 07:15:00,Negative
962,37,1,The elevator was broken and I had to carry my luggage up several flights of stairs It was exhausting,2024-10-19 07:30:00,Negative
963,36,1,The room wasn’t ready when I arrived and I had to wait for hours to check in It was frustrating,2024-10-19 07:45:00,Negative
964,32,1,The hotel charged hidden fees that weren’t mentioned during booking It was very disappointing,2024-10-19 08:00:00,Negative
965,41,1,The bathroom was filthy and the water pressure was terrible I couldn’t even shower properly,2024-10-19 08:15:00,Negative

966,34,3,The hotel management system was functional but the user interface was outdated It was hard to navigate,2024-10-20 10:00:00,Neutral
967,38,3,The system handled room bookings well but had occasional slowdowns during peak hours It needs optimization,2024-10-20 10:15:00,Neutral
968,35,3,The inventory management feature was useful but required more customization options It felt limited,2024-10-20 10:30:00,Neutral
969,39,3,The reporting module provided good insights but the export feature was not user-friendly It was hard to use,2024-10-20 10:45:00,Neutral
970,40,3,The system allowed us to manage reservations efficiently but lacked integration with third-party tools It felt isolated,2024-10-20 11:00:00,Neutral
971,33,3,The setup process for the management system was straightforward but it lacked detailed documentation It was confusing,2024-10-20 11:15:00,Neutral
972,37,3,The notifications feature was helpful but didn’t include customization for different departments It was too general,2024-10-20 11:30:00,Neutral
973,36,3,The calendar view was helpful but the display got cluttered with too many bookings It was hard to read,2024-10-20 11:45:00,Neutral
974,32,3,The billing module worked fine but lacked support for multiple currencies It was inconvenient for international guests,2024-10-20 12:00:00,Neutral
975,41,3,The customer database was organized but lacked advanced search options It made finding guest details slower,2024-10-20 12:15:00,Neutral

976,34,5,The hotel management system streamlined our operations The booking process became faster and easier,2024-10-20 12:30:00,Positive
977,38,5,The software provided excellent integration with online booking platforms It increased our reservations significantly,2024-10-20 12:45:00,Positive
978,35,5,The analytics and reporting tools helped us make better business decisions The insights were detailed,2024-10-20 01:00:00,Positive
979,39,5,The system was easy to learn and implement It saved us a lot of time during staff training,2024-10-20 01:15:00,Positive
980,40,5,The mobile app feature made it convenient to manage hotel operations remotely It was a game-changer,2024-10-20 01:30:00,Positive
981,33,5,The room assignment and housekeeping modules were efficient They helped us improve guest satisfaction,2024-10-20 01:45:00,Positive
982,37,5,The customer relationship management (CRM) feature was fantastic It helped us personalize guest experiences,2024-10-20 02:00:00,Positive
983,36,5,The automated invoicing and payment gateway integration were seamless It reduced errors and saved time,2024-10-20 02:15:00,Positive
984,32,5,The user interface was intuitive and modern The staff adapted to it quickly without much training,2024-10-20 02:30:00,Positive
985,41,5,The support team was very responsive and helpful They resolved all our issues promptly,2024-10-20 02:45:00,Positive

986,34,1,The hotel management system crashed frequently during use It caused major disruptions,2024-10-20 03:00:00,Negative
987,38,1,The software lacked basic features like group reservations It was not suitable for larger hotels,2024-10-20 03:15:00,Negative
988,35,1,The updates caused unexpected errors in our database It was very frustrating to fix,2024-10-20 03:30:00,Negative
989,39,1,The system was too complicated for our staff to use without extensive training It wasn’t user-friendly,2024-10-20 03:45:00,Negative
990,40,1,The technical support was unresponsive and unhelpful We couldn’t resolve critical issues on time,2024-10-20 04:00:00,Negative
991,33,1,The integration with third-party platforms failed multiple times We lost bookings because of it,2024-10-20 04:15:00,Negative
992,37,1,The payment gateway integration was unreliable It caused double charges for some guests,2024-10-20 04:30:00,Negative
993,36,1,The system didn’t support our property’s multi-location operations It was very restrictive,2024-10-20 04:45:00,Negative
994,32,1,The inventory tracking was inaccurate We ended up overbooking rooms several times,2024-10-20 05:00:00,Negative
995,41,1,The user interface was outdated and confusing It slowed down our operations significantly,2024-10-20 05:15:00,Negative

996,42,3,The system performed decently overall but required manual intervention for some automated processes It could be improved,2024-10-20 05:30:00,Neutral
997,43,3,The guest feedback module was useful but didn’t provide actionable insights It needs better analysis tools,2024-10-20 05:45:00,Neutral
998,44,3,The multi-property management feature worked but wasn’t seamless It felt disconnected at times,2024-10-20 06:00:00,Neutral
999,45,3,The system supported basic staff scheduling but lacked advanced shift planning options It made scheduling harder,2024-10-20 06:15:00,Neutral
1000,46,3,The loyalty program integration was functional but not customizable for unique rewards It felt generic,2024-10-20 06:30:00,Neutral
1001,47,3,The interface worked on desktop but wasn’t fully optimized for mobile devices It was inconvenient,2024-10-20 06:45:00,Neutral
1002,48,3,The customer profile storage was handy but lacked data syncing with external platforms It caused delays,2024-10-20 07:00:00,Neutral
1003,49,3,The system handled check-ins efficiently but didn’t support bulk check-out processing It was limiting,2024-10-20 07:15:00,Neutral
1004,50,3,The reporting dashboard was helpful but lacked real-time data updates It caused delays in decision-making,2024-10-20 07:30:00,Neutral
1005,51,3,The built-in marketing tools were decent but limited in targeting specific guest demographics It wasn’t flexible,2024-10-20 07:45:00,Neutral

1006,42,5,The system’s integration with cloud services was seamless It allowed us to access data from anywhere,2024-10-20 08:00:00,Positive
1007,43,5,The customizable room packages feature helped us increase bookings significantly It was very effective,2024-10-20 08:15:00,Positive
1008,44,5,The automated reminders for reservations and check-outs reduced manual work It was a lifesaver,2024-10-20 08:30:00,Positive
1009,45,5,The seamless communication module between departments improved staff coordination It boosted efficiency,2024-10-20 08:45:00,Positive
1010,46,5,The integration with point-of-sale (POS) systems made restaurant billing easier It streamlined operations,2024-10-20 09:00:00,Positive
1011,47,5,The dynamic pricing tools helped us adjust room rates based on demand It improved revenue management,2024-10-20 09:15:00,Positive
1012,48,5,The ability to track and manage guest preferences enhanced our customer experience It was highly appreciated,2024-10-20 09:30:00,Positive
1013,49,5,The automated revenue reports provided clear insights into our financial performance It was very useful,2024-10-20 09:45:00,Positive
1014,50,5,The mobile app for guests allowed them to check in and out conveniently It improved their experience,2024-10-20 10:00:00,Positive
1015,51,5,The integrated housekeeping tracker ensured rooms were cleaned on time It increased guest satisfaction,2024-10-20 10:15:00,Positive

1016,42,1,The booking confirmation emails were inconsistent and sometimes didn’t get sent It caused guest complaints,2024-10-20 10:30:00,Negative
1017,43,1,The software crashed during peak hours and disrupted operations It was highly unreliable,2024-10-20 10:45:00,Negative
1018,44,1,The billing system had bugs that led to incorrect charges It created disputes with guests,2024-10-20 11:00:00,Negative
1019,45,1,The system lacked proper security measures and was vulnerable to data breaches It was risky,2024-10-20 11:15:00,Negative
1020,46,1,The database became corrupted during an update and we lost important reservation data It was unacceptable,2024-10-20 11:30:00,Negative
1021,47,1,The technical support team took too long to respond to our queries It was frustrating,2024-10-20 11:45:00,Negative
1022,48,1,The user permissions setup was flawed and allowed unauthorized changes It was a serious issue,2024-10-20 12:00:00,Negative
1023,49,1,The mobile interface was glitchy and often failed to sync with the desktop version It caused delays,2024-10-20 12:15:00,Negative
1024,50,1,The lack of multilingual support made it difficult to cater to international guests It was inconvenient,2024-10-20 12:30:00,Negative
1025,51,1,The notification system failed to alert staff of important updates It created operational gaps,2024-10-20 12:45:00,Negative

1026,52,3,The system’s payment gateway worked but had occasional delays in processing It needs optimization,2024-10-20 13:00:00,Neutral
1027,53,3,The interface was easy to use but lacked customization options for branding It felt generic,2024-10-20 13:15:00,Neutral
1028,54,3,The analytics dashboard provided good insights but was missing export features It limited usability,2024-10-20 13:30:00,Neutral
1029,55,3,The room occupancy tracking worked but didn’t update in real-time It caused occasional confusion,2024-10-20 13:45:00,Neutral
1030,56,3,The guest messaging system was helpful but lacked automation for follow-ups It added manual work,2024-10-20 14:00:00,Neutral
1031,57,3,The calendar view for reservations was functional but difficult to navigate on smaller screens It was inconvenient,2024-10-20 14:15:00,Neutral
1032,58,3,The package creation tool was useful but required more flexibility in pricing rules It wasn’t fully intuitive,2024-10-20 14:30:00,Neutral
1033,59,3,The check-in process was smooth but lacked integrations with third-party ID scanners It slowed us down,2024-10-20 14:45:00,Neutral
1034,60,3,The multi-language support was limited to a few major languages It didn’t cater to all guests,2024-10-20 15:00:00,Neutral
1035,61,3,The promotions module worked but didn’t track campaign performance effectively It needs improvement,2024-10-20 15:15:00,Neutral

1036,52,5,The customer support team was responsive and resolved issues quickly It made a huge difference,2024-10-20 15:30:00,Positive
1037,53,5,The integration with third-party booking platforms increased our reservations significantly It was very helpful,2024-10-20 15:45:00,Positive
1038,54,5,The dynamic calendar feature helped us manage reservations more effectively It saved time,2024-10-20 16:00:00,Positive
1039,55,5,The automatic invoice generation feature reduced billing errors It made financial tracking seamless,2024-10-20 16:15:00,Positive
1040,56,5,The intuitive design of the front desk module improved staff productivity It was easy to use,2024-10-20 16:30:00,Positive
1041,57,5,The system’s real-time inventory management prevented overbookings It was highly reliable,2024-10-20 16:45:00,Positive
1042,58,5,The reporting module provided detailed insights into occupancy trends It was extremely insightful,2024-10-20 17:00:00,Positive
1043,59,5,The online payment integration allowed seamless transactions for guests It improved their experience,2024-10-20 17:15:00,Positive
1044,60,5,The guest history feature helped us personalize services effectively It boosted satisfaction,2024-10-20 17:30:00,Positive
1045,61,5,The housekeeping scheduling tool streamlined room cleaning tasks It improved efficiency,2024-10-20 17:45:00,Positive

1046,52,1,The system failed to integrate properly with our existing CRM software It caused disruptions,2024-10-20 18:00:00,Negative
1047,53,1,The interface was overly complex and hard for new staff to learn It wasn’t user-friendly,2024-10-20 18:15:00,Negative
1048,54,1,The software experienced frequent lags during high-traffic hours It was very frustrating,2024-10-20 18:30:00,Negative
1049,55,1,The lack of automated guest feedback collection made it difficult to gather insights It was a drawback,2024-10-20 18:45:00,Negative
1050,56,1,The reservation system allowed double bookings during peak hours It was unacceptable,2024-10-20 19:00:00,Negative
1051,57,1,The email notification system didn’t work consistently for booking confirmations It caused issues,2024-10-20 19:15:00,Negative
1052,58,1,The mobile version of the software lacked key features from the desktop It was limiting,2024-10-20 19:30:00,Negative
1053,59,1,The inability to assign multiple roles to a single staff profile was inconvenient It added confusion,2024-10-20 19:45:00,Negative
1054,60,1,The system’s dependency on constant internet access made it unreliable It was problematic,2024-10-20 20:00:00,Negative
1055,61,1,The lack of proper training resources made implementation challenging It took too long,2024-10-20 20:15:00,Negative

1056,62,3,The staff management module worked but lacked advanced scheduling options It felt incomplete,2024-10-20 20:30:00,Neutral
1057,63,3,The report generation tool was helpful but didn’t support custom date ranges It was limiting,2024-10-20 20:45:00,Neutral
1058,64,3,The mobile app was functional but had occasional crashes during updates It needs better stability,2024-10-20 21:00:00,Neutral
1059,65,3,The integration with third-party channels improved visibility but syncing took time It delayed updates,2024-10-20 21:15:00,Neutral
1060,66,3,The notifications feature worked but lacked customization for specific alerts It could be more flexible,2024-10-20 21:30:00,Neutral
1061,67,3,The discount management system was easy to use but didn’t support layered discounts It wasn’t comprehensive,2024-10-20 21:45:00,Neutral
1062,68,3,The multi-property management feature was useful but switching between properties was slow It hindered efficiency,2024-10-20 22:00:00,Neutral
1063,69,3,The user permission settings were robust but didn’t allow temporary access roles It could be improved,2024-10-20 22:15:00,Neutral
1064,70,3,The currency conversion tool worked but lacked live exchange rate updates It wasn’t accurate enough,2024-10-20 22:30:00,Neutral
1065,71,3,The email marketing integration was helpful but limited to basic templates It wasn’t fully customizable,2024-10-20 22:45:00,Neutral

1066,62,5,The quick access dashboard simplified day-to-day operations It was very convenient,2024-10-20 23:00:00,Positive
1067,63,5,The housekeeping management feature reduced delays in room cleaning It increased guest satisfaction,2024-10-20 23:15:00,Positive
1068,64,5,The flexible pricing options for different seasons improved revenue It was a game-changer,2024-10-20 23:30:00,Positive
1069,65,5,The system's integration with online travel agencies boosted our bookings It was highly beneficial,2024-10-20 23:45:00,Positive
1070,66,5,The real-time guest feedback collection helped us address issues quickly It enhanced service quality,2024-10-21 00:00:00,Positive
1071,67,5,The event management module was perfect for handling banquet reservations It made planning easier,2024-10-21 00:15:00,Positive
1072,68,5,The analytics provided clear insights into occupancy trends and revenue It improved decision-making,2024-10-21 00:30:00,Positive
1073,69,5,The guest check-out process was seamless and quick It minimized wait times,2024-10-21 00:45:00,Positive
1074,70,5,The training resources included detailed videos and step-by-step guides It simplified onboarding,2024-10-21 01:00:00,Positive
1075,71,5,The ability to sync with local weather forecasts helped us optimize promotions It was a unique feature,2024-10-21 01:15:00,Positive

1076,62,1,The lack of offline mode made it impossible to use the system during internet outages It was a major flaw,2024-10-21 01:30:00,Negative
1077,63,1,The billing system frequently rounded prices incorrectly during discounts It caused discrepancies,2024-10-21 01:45:00,Negative
1078,64,1,The system didn’t support importing data from older software It delayed migration,2024-10-21 02:00:00,Negative
1079,65,1,The login authentication process was overly complicated for staff It led to frequent lockouts,2024-10-21 02:15:00,Negative
1080,66,1,The system allowed overbooking when manual entries were made It created confusion,2024-10-21 02:30:00,Negative
1081,67,1,The user interface looked outdated and wasn’t optimized for tablets It felt unprofessional,2024-10-21 02:45:00,Negative
1082,68,1,The customer support response time was slow during critical issues It was very frustrating,2024-10-21 03:00:00,Negative
1083,69,1,The automatic tax calculation feature didn’t account for regional variations It caused errors,2024-10-21 03:15:00,Negative
1084,70,1,The loyalty program tracking feature didn’t sync properly with bookings It disappointed guests,2024-10-21 03:30:00,Negative
1085,71,1,The system required frequent reboots to function properly It was highly disruptive,2024-10-21 03:45:00,Negative

1086,72,3,The booking calendar view was functional but lacked color coding for different room types It was harder to distinguish,2024-10-21 04:00:00,Neutral
1087,73,3,The payment gateway integration worked but occasionally timed out during peak hours It needs optimization,2024-10-21 04:15:00,Neutral
1088,74,3,The loyalty program feature was nice but didn’t offer customizable reward tiers It was too rigid,2024-10-21 04:30:00,Neutral
1089,75,3,The guest profile management allowed editing but lacked merging duplicate entries It was inconvenient,2024-10-21 04:45:00,Neutral
1090,76,3,The language translation options were helpful but missed support for some major languages It was partially useful,2024-10-21 05:00:00,Neutral
1091,77,3,The dining reservation system was easy to use but didn’t include dietary preference tracking It needs enhancements,2024-10-21 05:15:00,Neutral
1092,78,3,The inventory system managed supplies well but didn’t send alerts for low stock It lacked proactivity,2024-10-21 05:30:00,Neutral
1093,79,3,The mobile check-in feature was good but often lagged during high traffic periods It needs better performance,2024-10-21 05:45:00,Neutral
1094,80,3,The customizable invoice templates were decent but didn’t support uploading logos It felt incomplete,2024-10-21 06:00:00,Neutral
1095,81,3,The system updates were frequent but caused temporary downtime It disrupted operations,2024-10-21 06:15:00,Neutral

1096,72,5,The seamless integration with property management tools made daily tasks easier It was highly efficient,2024-10-21 06:30:00,Positive
1097,73,5,The contactless payment options were intuitive and reduced processing time It improved guest satisfaction,2024-10-21 06:45:00,Positive
1098,74,5,The system's ability to handle group bookings simplified event planning It was a standout feature,2024-10-21 07:00:00,Positive
1099,75,5,The real-time occupancy tracking was accurate and updated instantly It boosted operational awareness,2024-10-21 07:15:00,Positive
1100,76,5,The housekeeping app integration made room updates instant It streamlined communication,2024-10-21 07:30:00,Positive
1101,77,5,The system supported special promotions and dynamic pricing seamlessly It was a revenue booster,2024-10-21 07:45:00,Positive
1102,78,5,The guest communication module sent personalized messages efficiently It added a personal touch,2024-10-21 08:00:00,Positive
1103,79,5,The customizable dashboards provided an overview of all departments It enhanced decision-making,2024-10-21 08:15:00,Positive
1104,80,5,The system helped automate refund processes for cancellations effortlessly It reduced manual errors,2024-10-21 08:30:00,Positive
1105,81,5,The intuitive drag-and-drop interface for room assignments was a lifesaver It simplified workload distribution,2024-10-21 08:45:00,Positive

1106,72,1,The system failed to sync with Google Calendar for event reminders It was frustrating,2024-10-21 09:00:00,Negative
1107,73,1,The multi-language feature often displayed untranslated text It confused international guests,2024-10-21 09:15:00,Negative
1108,74,1,The system allowed double bookings for certain room types It caused operational chaos,2024-10-21 09:30:00,Negative
1109,75,1,The room service tracking didn’t update in real-time It created delays,2024-10-21 09:45:00,Negative
1110,76,1,The support team was slow to respond to technical issues It impacted daily operations,2024-10-21 10:00:00,Negative
1111,77,1,The lack of bulk guest email functionality made promotions tedious It wasn’t user-friendly,2024-10-21 10:15:00,Negative
1112,78,1,The Wi-Fi code generation feature wasn’t integrated with guest profiles It caused inconvenience,2024-10-21 10:30:00,Negative
1113,79,1,The event booking feature didn’t allow partial payments It was a dealbreaker,2024-10-21 10:45:00,Negative
1114,80,1,The system failed to recognize holidays for dynamic pricing It caused revenue loss,2024-10-21 11:00:00,Negative
1115,81,1,The frequent crashes during high occupancy made it unreliable It disrupted operations,2024-10-21 11:15:00,Negative

1116,82,3,The integration with third-party booking platforms was useful but occasionally missed updates It needs better syncing,2024-10-21 11:30:00,Neutral
1117,83,3,The guest feedback system was good but didn’t support multiple languages It limited accessibility,2024-10-21 11:45:00,Neutral
1118,84,3,The reports generated were accurate but lacked export options to various file formats It was restrictive,2024-10-21 12:00:00,Neutral
1119,85,3,The system handled meal plans effectively but didn’t display dietary options clearly It needs refinement,2024-10-21 12:15:00,Neutral
1120,86,3,The notification system for room status updates was helpful but not customizable It felt rigid,2024-10-21 12:30:00,Neutral
1121,87,3,The search bar was functional but didn’t support filtering by guest history It lacked depth,2024-10-21 12:45:00,Neutral
1122,88,3,The analytics module provided valuable insights but didn’t allow drilling down into specific metrics It needs enhancements,2024-10-21 13:00:00,Neutral
1123,89,3,The scheduling for maintenance tasks was decent but lacked integration with staff notifications It wasn’t seamless,2024-10-21 13:15:00,Neutral
1124,90,3,The mobile app was easy to navigate but missed some critical features available on the web version It wasn’t consistent,2024-10-21 13:30:00,Neutral
1125,91,3,The feature for splitting bills among guests worked but was limited to a maximum of four splits It needs flexibility,2024-10-21 13:45:00,Neutral

1126,82,5,The loyalty points redemption system worked flawlessly It encouraged repeat bookings,2024-10-21 14:00:00,Positive
1127,83,5,The automatic room assignment based on preferences saved a lot of time It was extremely efficient,2024-10-21 14:15:00,Positive
1128,84,5,The guest check-in via QR codes was quick and convenient It enhanced the guest experience,2024-10-21 14:30:00,Positive
1129,85,5,The housekeeping schedule automatically adjusted to real-time check-outs It ensured smooth operations,2024-10-21 14:45:00,Positive
1130,86,5,The audit trail feature helped track every system activity effortlessly It boosted accountability,2024-10-21 15:00:00,Positive
1131,87,5,The multilingual guest communication system catered to guests from diverse backgrounds effectively It felt inclusive,2024-10-21 15:15:00,Positive
1132,88,5,The dashboard allowed customization for different roles It improved user productivity,2024-10-21 15:30:00,Positive
1133,89,5,The built-in marketing tools for sending promotions were effective It improved occupancy rates,2024-10-21 15:45:00,Positive
1134,90,5,The data backup and recovery system provided peace of mind It was highly reliable,2024-10-21 16:00:00,Positive
1135,91,5,The billing system’s multi-currency support simplified international transactions It was guest-friendly,2024-10-21 16:15:00,Positive

1136,82,1,The system often failed to sync with OTA channels It caused double bookings,2024-10-21 16:30:00,Negative
1137,83,1,The front desk module froze during peak check-in hours It was highly inconvenient,2024-10-21 16:45:00,Negative
1138,84,1,The lack of an integrated CRM feature made managing guest profiles difficult It hindered efficiency,2024-10-21 17:00:00,Negative
1139,85,1,The system crashed whenever bulk invoices were generated It delayed operations,2024-10-21 17:15:00,Negative
1140,86,1,The room service order tracking didn’t sync with the kitchen It created delays,2024-10-21 17:30:00,Negative
1141,87,1,The lack of training materials for the system made onboarding new staff challenging It was frustrating,2024-10-21 17:45:00,Negative
1142,88,1,The reporting tool often showed incorrect revenue figures It affected decision-making,2024-10-21 18:00:00,Negative
1143,89,1,The user permissions settings were confusing and led to access control issues It was a security risk,2024-10-21 18:15:00,Negative
1144,90,1,The guest Wi-Fi credentials weren’t automatically generated upon check-in It created confusion,2024-10-21 18:30:00,Negative
1145,91,1,The system required manual updates for holiday-specific pricing It wasted valuable time,2024-10-21 18:45:00,Negative

1146,92,3,The integration with property management software was functional but required additional configuration It wasn’t seamless,2024-10-21 19:00:00,Neutral
1147,93,3,The dynamic pricing module worked but wasn’t intuitive for new users It needs a better design,2024-10-21 19:15:00,Neutral
1148,94,3,The room inventory system was helpful but lacked real-time updates It delayed accuracy,2024-10-21 19:30:00,Neutral
1149,95,3,The guest review management system simplified tracking feedback but didn’t integrate with all platforms It was incomplete,2024-10-21 19:45:00,Neutral
1150,96,3,The payment gateway supported multiple options but had occasional delays in processing It needs optimization,2024-10-21 20:00:00,Neutral
1151,97,3,The seasonal pricing updates feature was handy but lacked customization for individual rooms It felt limited,2024-10-21 20:15:00,Neutral
1152,98,3,The occupancy tracking tool provided useful insights but wasn’t detailed for group bookings It needs improvement,2024-10-21 20:30:00,Neutral
1153,99,3,The staff schedule management worked well but didn’t account for overtime tracking It missed critical features,2024-10-21 20:45:00,Neutral
1154,100,3,The automated confirmation emails were functional but couldn’t include personalized templates It felt impersonal,2024-10-21 21:00:00,Neutral
1155,101,3,The system generated tax invoices correctly but didn’t support multiple regional tax rules It wasn’t versatile,2024-10-21 21:15:00,Neutral

1156,92,5,The room upgrade suggestion feature improved upselling opportunities It boosted revenue,2024-10-21 21:30:00,Positive
1157,93,5,The energy management integration reduced operational costs significantly It was eco-friendly,2024-10-21 21:45:00,Positive
1158,94,5,The feature for assigning housekeeping tasks improved staff productivity It was highly effective,2024-10-21 22:00:00,Positive
1159,95,5,The auto-generated holiday greetings emails impressed guests It enhanced guest relationships,2024-10-21 22:15:00,Positive
1160,96,5,The contactless check-out process simplified the guest experience It was modern and efficient,2024-10-21 22:30:00,Positive
1161,97,5,The interactive floor plan for banquet bookings made reservations quicker It was very user-friendly,2024-10-21 22:45:00,Positive
1162,98,5,The system’s ability to auto-generate marketing campaigns for vacant rooms was impactful It improved occupancy,2024-10-21 23:00:00,Positive
1163,99,5,The real-time guest preferences dashboard helped personalize services It was a game-changer,2024-10-21 23:15:00,Positive
1164,100,5,The loyalty rewards module encouraged repeat visits effectively It created guest loyalty,2024-10-21 23:30:00,Positive
1165,101,5,The multi-device compatibility ensured smooth operations from any device It provided flexibility,2024-10-21 23:45:00,Positive

1166,92,1,The online booking portal frequently showed inaccurate room availability It led to guest dissatisfaction,2024-10-22 00:00:00,Negative
1167,93,1,The system didn’t have a contingency plan for server downtime It disrupted operations,2024-10-22 00:15:00,Negative
1168,94,1,The training materials for the software were outdated It made learning difficult,2024-10-22 00:30:00,Negative
1169,95,1,The currency conversion for international payments wasn’t always accurate It caused disputes,2024-10-22 00:45:00,Negative
1170,96,1,The inability to integrate with certain OTAs limited the system’s functionality It wasn’t comprehensive,2024-10-22 01:00:00,Negative
1171,97,1,The employee login often failed during peak hours It affected staff productivity,2024-10-22 01:15:00,Negative
1172,98,1,The notification system didn’t alert managers about overbooked rooms It was a critical oversight,2024-10-22 01:30:00,Negative
1173,99,1,The lack of automatic upgrades for frequent guests resulted in missed opportunities It disappointed loyal customers,2024-10-22 01:45:00,Negative
1174,100,1,The system required manual re-entry of data during migration It wasted time,2024-10-22 02:00:00,Negative
1175,101,1,The calendar didn’t sync with local holidays It created pricing errors,2024-10-22 02:15:00,Negative

1176,102,3,The custom report generator worked as expected but lacked a variety of data export formats It was functional but could use more options,2024-10-22 02:30:00,Neutral
1177,103,3,The multi-language support feature was helpful but not comprehensive It missed a few regional languages,2024-10-22 02:45:00,Neutral
1178,104,3,The mobile app had decent functionality but sometimes experienced slow loading times It needs performance optimization,2024-10-22 03:00:00,Neutral
1179,105,3,The integration with external accounting systems worked well but had occasional syncing issues It wasn’t perfect,2024-10-22 03:15:00,Neutral
1180,106,3,The check-in automation was smooth but lacked personal touch options for returning guests It was efficient but impersonal,2024-10-22 03:30:00,Neutral
1181,107,3,The reporting dashboard was useful but lacked real-time updates It wasn’t fully live,2024-10-22 03:45:00,Neutral
1182,108,3,The automated backup feature worked fine but took longer than expected to complete It needs faster processing,2024-10-22 04:00:00,Neutral
1183,109,3,The system’s guest analytics helped track preferences but lacked a deeper analysis option It was basic,2024-10-22 04:15:00,Neutral
1184,110,3,The hotel maintenance request feature was functional but didn’t allow for prioritization It was too generic,2024-10-22 04:30:00,Neutral
1185,111,3,The loyalty program integration with point accumulation worked but lacked diverse redemption options It felt limited,2024-10-22 04:45:00,Neutral

1186,102,5,The seamless integration with external channel managers significantly increased booking efficiency It streamlined operations,2024-10-22 05:00:00,Positive
1187,103,5,The guest check-in kiosks were a hit with customers It reduced wait times and improved guest satisfaction,2024-10-22 05:15:00,Positive
1188,104,5,The customizable room rates during high demand periods proved to be a great tool It improved revenue management,2024-10-22 05:30:00,Positive
1189,105,5,The real-time inventory management tool ensured up-to-date availability across platforms It was a great feature,2024-10-22 05:45:00,Positive
1190,106,5,The instant guest feedback system allowed us to address complaints quickly It improved our service,2024-10-22 06:00:00,Positive
1191,107,5,The room upgrade module helped drive extra revenue and increased guest satisfaction It was very effective,2024-10-22 06:15:00,Positive
1192,108,5,The integration with social media platforms allowed us to engage with guests more effectively It boosted our online presence,2024-10-22 06:30:00,Positive
1193,109,5,The automated housekeeping schedule feature allowed us to optimize staff productivity It saved time,2024-10-22 06:45:00,Positive
1194,110,5,The automated guest checkout process made departures much faster and smoother It was efficient and customer-friendly,2024-10-22 07:00:00,Positive
1195,111,5,The ability to track guest preferences for future visits enhanced our service It made guests feel valued,2024-10-22 07:15:00,Positive

1196,102,1,The system crashes frequently when managing large bookings It disrupted operations,2024-10-22 07:30:00,Negative
1197,103,1,The guest reservation history feature was buggy and often lost data It affected customer service,2024-10-22 07:45:00,Negative
1198,104,1,The pricing engine didn’t adjust correctly during promotions It led to billing errors,2024-10-22 08:00:00,Negative
1199,105,1,The Wi-Fi connectivity for guests was poor and unreliable It was a major inconvenience,2024-10-22 08:15:00,Negative
1200,106,1,The app frequently crashes during peak check-in times It caused delays,2024-10-22 08:30:00,Negative
1201,107,1,The cancellation policy module wasn’t user-friendly It led to confusion among customers,2024-10-22 08:45:00,Negative
1202,108,1,The lack of integration with third-party booking platforms limited its market reach It caused booking challenges,2024-10-22 09:00:00,Negative
1203,109,1,The employee attendance tracking system wasn’t accurate during shift changes It caused payroll discrepancies,2024-10-22 09:15:00,Negative
1204,110,1,The cleaning staff didn’t receive timely updates on room status changes It resulted in inefficiency,2024-10-22 09:30:00,Negative
1205,111,1,The system didn’t support tiered pricing for different room categories during events It caused confusion,2024-10-22 09:45:00,Negative

1206,102,3,The multi-property management feature is useful but could benefit from a better user interface It feels a bit clunky,2024-10-22 10:00:00,Neutral
1207,103,3,The guest profile customization options are nice but missing certain preferences for more in-depth personalization It was somewhat limiting,2024-10-22 10:15:00,Neutral
1208,104,3,The integration with the hotel POS system worked but sometimes there were discrepancies in billing It was occasionally inaccurate,2024-10-22 10:30:00,Neutral
1209,105,3,The real-time booking alerts were helpful but sometimes sent redundant notifications It could use some optimization,2024-10-22 10:45:00,Neutral
1210,106,3,The availability calendar was useful but could be more interactive and user-friendly It needs improvement,2024-10-22 11:00:00,Neutral
1211,107,3,The automation for guest room assignment worked but lacked flexibility It sometimes forced room allocations,2024-10-22 11:15:00,Neutral
1212,108,3,The event management tool was convenient but had limited options for customization of event details It could be more flexible,2024-10-22 11:30:00,Neutral
1213,109,3,The food and beverage tracking was basic and lacked real-time updates It didn’t reflect immediate inventory changes,2024-10-22 11:45:00,Neutral
1214,110,3,The automated check-out process worked fine but lacked an option for guests to leave special requests It felt too impersonal,2024-10-22 12:00:00,Neutral
1215,111,3,The room temperature control system worked but wasn’t very intuitive It took a bit longer to figure out,2024-10-22 12:15:00,Neutral

1216,102,5,The guest check-in kiosks were a huge hit and streamlined the process It made a significant difference in reducing wait times,2024-10-22 12:30:00,Positive
1217,103,5,The housekeeping automation system was a great feature It helped maintain efficiency and room cleanliness,2024-10-22 12:45:00,Positive
1218,104,5,The integration with online travel agents was seamless and boosted our bookings It improved our overall booking flow,2024-10-22 13:00:00,Positive
1219,105,5,The guest service request feature was incredibly useful and enhanced guest satisfaction It made handling requests much easier,2024-10-22 13:15:00,Positive
1220,106,5,The loyalty rewards program helped improve repeat guest bookings It was an effective way to retain guests,2024-10-22 13:30:00,Positive
1221,107,5,The invoicing system worked smoothly and generated accurate invoices for both guests and vendors It simplified financial tracking,2024-10-22 13:45:00,Positive
1222,108,5,The guest preference tracking feature was outstanding It allowed us to personalize guest experiences effectively,2024-10-22 14:00:00,Positive
1223,109,5,The staff scheduling system was a big time-saver and helped optimize labor costs It worked great for employee management,2024-10-22 14:15:00,Positive
1224,110,5,The mobile app for guest engagement was excellent It allowed guests to manage their reservations and requests easily,2024-10-22 14:30:00,Positive
1225,111,5,The integration of energy-saving systems helped lower operational costs and increased sustainability It was a great initiative,2024-10-22 14:45:00,Positive

1226,102,1,The mobile app was difficult to navigate and many features were not accessible It was frustrating to use,2024-10-22 15:00:00,Negative
1227,103,1,The system crashed multiple times while processing guest reservations It caused delays and frustration,2024-10-22 15:15:00,Negative
1228,104,1,The room availability syncing issue between platforms led to double bookings It caused confusion and cancellations,2024-10-22 15:30:00,Negative
1229,105,1,The staff communication tool was unreliable and failed to deliver urgent messages It slowed down internal operations,2024-10-22 15:45:00,Negative
1230,106,1,The POS system failed to register certain transactions It led to discrepancies in guest bills,2024-10-22 16:00:00,Negative
1231,107,1,The billing system had issues with handling different currencies for international guests It caused confusion in final charges,2024-10-22 16:15:00,Negative
1232,108,1,The security system was glitchy and didn’t always allow staff to access rooms as intended It posed a security risk,2024-10-22 16:30:00,Negative
1233,109,1,The reservation system’s data integrity was compromised and often led to errors in guest details It impacted guest experience,2024-10-22 16:45:00,Negative
1234,110,1,The hotel Wi-Fi was frequently down affecting guest satisfaction It led to complaints and negative reviews,2024-10-22 17:00:00,Negative
1235,111,1,The invoicing tool didn’t support bulk invoice generation for events and corporate clients It slowed down accounting processes,2024-10-22 17:15:00,Negative

1236,102,3,The multi-property dashboard was helpful but lacked detailed filters for sorting reservations It was a bit hard to navigate when managing multiple properties,2024-10-22 17:30:00,Neutral
1237,103,3,The group booking feature was useful but could be improved to support complex group requests It doesn’t handle group-specific needs well,2024-10-22 17:45:00,Neutral
1238,104,3,The online booking widget was easy to install but occasionally had syncing delays with the main system It caused some double booking situations,2024-10-22 18:00:00,Neutral
1239,105,3,The credit card processing integration worked but was a bit slow at times It caused delays in guest check-ins,2024-10-22 18:15:00,Neutral
1240,106,3,The loyalty points system was easy to use but the rewards could be more attractive and varied It didn’t drive as much engagement,2024-10-22 18:30:00,Neutral
1241,107,3,The reservation reports were helpful but lacked visualizations like charts It would be easier to digest data with graphs,2024-10-22 18:45:00,Neutral
1242,108,3,The invoicing system was decent but would benefit from a clearer breakdown of taxes It could be more transparent,2024-10-22 19:00:00,Neutral
1243,109,3,The integration with third-party booking engines was decent but had some lag in updating room availability It needs better syncing,2024-10-22 19:15:00,Neutral
1244,110,3,The email confirmation system worked but it could be more customizable to match our brand It feels too generic,2024-10-22 19:30:00,Neutral
1245,111,3,The event booking feature was solid but would be better with more custom options for recurring events It’s a bit rigid,2024-10-22 19:45:00,Neutral

1246,102,5,The real-time inventory tracking system is fantastic It helped us avoid overbooking and provided excellent insights into room availability,2024-10-22 20:00:00,Positive
1247,103,5,The guest preferences tracking feature is excellent It allowed us to create personalized experiences for our repeat guests,2024-10-22 20:15:00,Positive
1248,104,5,The API integration with other travel platforms was seamless It allowed us to extend our booking reach without any issues,2024-10-22 20:30:00,Positive
1249,105,5,The mobile check-in feature was a hit with guests They loved the convenience of bypassing the front desk,2024-10-22 20:45:00,Positive
1250,106,5,The performance reporting feature was incredibly helpful It provided detailed insights into occupancy rates and revenue trends,2024-10-22 21:00:00,Positive
1251,107,5,The customer support was outstanding Whenever we had an issue the response time was fast and efficient,2024-10-22 21:15:00,Positive
1252,108,5,The housekeeping management tool helped improve room turnaround times It made it easier to coordinate staff and track room status,2024-10-22 21:30:00,Positive
1253,109,5,The event management feature was well-received It allowed us to track event details and room setups in one place,2024-10-22 21:45:00,Positive
1254,110,5,The integration with the CRM system was flawless It helped us build stronger relationships with guests and improve our marketing strategies,2024-10-22 22:00:00,Positive
1255,111,5,The automated payment system saved us a lot of time It simplified billing for our guests and ensured accurate transactions,2024-10-22 22:15:00,Positive

1256,102,1,The reservation system had frequent errors with room availability and caused double bookings It created a lot of customer complaints,2024-10-22 22:30:00,Negative
1257,103,1,The system often failed to sync with third-party booking websites It caused booking discrepancies and loss of revenue,2024-10-22 22:45:00,Negative
1258,104,1,The system crashed multiple times during peak booking hours It affected our ability to process reservations efficiently,2024-10-22 23:00:00,Negative
1259,105,1,The mobile app often logged guests out and was hard to navigate It frustrated our guests and reduced usage,2024-10-22 23:15:00,Negative
1260,106,1,The room rate calculator didn’t factor in all discounts correctly It resulted in incorrect pricing for guests,2024-10-22 23:30:00,Negative
1261,107,1,The hotel’s Wi-Fi connectivity was unreliable and often disconnected guests It caused complaints and dissatisfaction,2024-10-22 23:45:00,Negative
1262,108,1,The guest profile feature was often inaccurate and failed to update guest preferences correctly It affected our ability to provide personalized service,2024-10-23 00:00:00,Negative
1263,109,1,The system failed to recognize certain guest payment methods It led to delays in check-in and confusion,2024-10-23 00:15:00,Negative
1264,110,1,The event booking tool didn’t handle multiple event types well It caused problems with scheduling and event management,2024-10-23 00:30:00,Negative
1265,111,1,The integration with external vendors was slow and didn’t allow for real-time updates on stock It delayed our supply orders,2024-10-23 00:45:00,Negative

1266,112,3,The guest check-in process was straightforward but could be faster It took longer during peak check-in times,2024-10-23 01:00:00,Neutral
1267,113,3,The invoice customization tool was useful but needed more options for adding additional services It was a bit limited for our needs,2024-10-23 01:15:00,Neutral
1268,114,3,The event scheduling tool worked well but lacked a calendar view which would make planning events much easier The list view wasn’t ideal for quick access,2024-10-23 01:30:00,Neutral
1269,115,3,The service recovery feature is nice but needs clearer guidelines for handling guest complaints It was a bit vague on steps to take,2024-10-23 01:45:00,Neutral
1270,116,3,The automated room upgrade offer was a good idea but it didn’t always match guest preferences It could be more tailored,2024-10-23 02:00:00,Neutral
1271,117,3,The mobile app was convenient but sometimes had connectivity issues It caused some delays in accessing guest info,2024-10-23 02:15:00,Neutral
1272,118,3,The housekeeping management system was fine but could use a way to track specific requests like extra towels or pillows It lacked that level of detail,2024-10-23 02:30:00,Neutral
1273,119,3,The loyalty program was decent but it would be better if there were more reward tiers and options for guests to choose from It felt too basic,2024-10-23 02:45:00,Neutral
1274,120,3,The guest feedback collection system worked well but it could be improved to allow anonymous submissions for more honest reviews The lack of anonymity might have influenced responses,2024-10-23 03:00:00,Neutral
1275,121,3,The room booking system was simple but lacked advanced features like booking in multiple currencies It limited some of our international bookings,2024-10-23 03:15:00,Neutral

1276,122,5,The self-service kiosk for check-ins was a huge hit with our guests It saved a lot of time during busy hours and was easy to use,2024-10-23 03:30:00,Positive
1277,123,5,The guest communication feature was fantastic It allowed us to send personalized messages to guests and they appreciated the attention to detail,2024-10-23 03:45:00,Positive
1278,124,5,The revenue management system helped us optimize room pricing during peak seasons It significantly boosted our revenue,2024-10-23 04:00:00,Positive
1279,125,5,The integration with the restaurant POS system was seamless It allowed us to track guest dining preferences and order history easily,2024-10-23 04:15:00,Positive
1280,126,5,The user interface of the admin dashboard was intuitive and user-friendly It helped us train new staff faster and made day-to-day tasks easier,2024-10-23 04:30:00,Positive
1281,127,5,The booking engine was incredibly efficient It automatically updated room availability in real-time and helped us avoid overbookings,2024-10-23 04:45:00,Positive
1282,128,5,The guest profile feature was spot-on It helped us remember guest preferences and ensured repeat visits were personalized,2024-10-23 05:00:00,Positive
1283,129,5,The online payment gateway was fast and secure It made guest payments seamless and reduced issues during check-outs,2024-10-23 05:15:00,Positive
1284,130,5,The housekeeping scheduling tool was great It helped ensure rooms were cleaned on time and tracked which rooms were ready for check-in,2024-10-23 05:30:00,Positive
1285,131,5,The mobile app was reliable and easy to navigate Our guests enjoyed using it to manage bookings and check in on their own,2024-10-23 05:45:00,Positive

1286,122,1,The guest check-in system had frequent errors It caused delays and frustration for guests during high-traffic periods,2024-10-23 06:00:00,Negative
1287,123,1,The event booking feature didn’t handle large conferences well It crashed during high-demand times and caused chaos,2024-10-23 06:15:00,Negative
1288,124,1,The website had significant downtime on several occasions It impacted bookings and guest experience,2024-10-23 06:30:00,Negative
1289,125,1,The front desk system didn’t integrate well with the reservation system It caused confusion with check-in/check-out times and room assignments,2024-10-23 06:45:00,Negative
1290,126,1,The reservation system had several glitches It led to overbookings and poor guest experiences,2024-10-23 07:00:00,Negative
1291,127,1,The mobile app crashed often and was very slow It was frustrating for both guests and staff,2024-10-23 07:15:00,Negative
1292,128,1,The payment processing system had security flaws It caused payment delays and made guests uneasy,2024-10-23 07:30:00,Negative
1293,129,1,The housekeeping system was frequently out of sync with actual room status It led to confusion and unnecessary delays in preparing rooms for guests,2024-10-23 07:45:00,Negative
1294,130,1,The room assignment system was buggy and often gave guests the wrong room It was highly inconvenient and embarrassing,2024-10-23 08:00:00,Negative
1295,131,1,The reporting features were very limited and didn’t offer detailed insights into guest trends It made it harder to analyze performance,2024-10-23 08:15:00,Negative

1296,132,3,The online check-in system was helpful but could use more customization options for guest preferences It felt too generic,2024-10-23 08:30:00,Neutral
1297,133,3,The guest satisfaction survey feature was easy to use but the results didn’t always provide clear insights It needed more robust analytics,2024-10-23 08:45:00,Neutral
1298,134,3,The restaurant reservation system worked fine but lacked integration with other hotel services It felt disconnected,2024-10-23 09:00:00,Neutral
1299,135,3,The task management tool was good but needed a way to assign tasks based on staff availability It was challenging to manage workflows,2024-10-23 09:15:00,Neutral
1300,136,3,The cleaning schedule was efficient but the system didn’t notify staff when rooms were ready for guest check-in It led to occasional delays,2024-10-23 09:30:00,Neutral
1301,137,3,The integration with third-party booking sites was decent but not always accurate in real-time It caused occasional booking conflicts,2024-10-23 09:45:00,Neutral
1302,138,3,The event management system was useful but required manual updates for some features It could have been more automated,2024-10-23 10:00:00,Neutral
1303,139,3,The reporting tool was nice but lacked flexibility in customizing report formats It felt restrictive for advanced data needs,2024-10-23 10:15:00,Neutral
1304,140,3,The billing system was functional but lacked options for detailed breakdowns of charges It would have been useful for guests requesting detailed invoices,2024-10-23 10:30:00,Neutral
1305,141,3,The guest room selection interface was simple but lacked options for viewing available rooms in real-time It made it hard to quickly find available options,2024-10-23 10:45:00,Neutral

1306,142,5,The reservation system was fast and reliable It helped us increase bookings without facing downtime or errors,2024-10-23 11:00:00,Positive
1307,143,5,The staff management feature was extremely helpful It allowed us to schedule shifts easily and track performance metrics efficiently,2024-10-23 11:15:00,Positive
1308,144,5,The reporting system provided great insights into our revenue and occupancy rates It helped us make data-driven decisions for future promotions,2024-10-23 11:30:00,Positive
1309,145,5,The online payment system was quick and secure It made the check-out process smooth and hassle-free for guests,2024-10-23 11:45:00,Positive
1310,146,5,The guest communication tool was fantastic It allowed us to send targeted messages to guests about special promotions and events,2024-10-23 12:00:00,Positive
1311,147,5,The automated guest feedback feature was a big plus It helped us quickly address any concerns and improve guest satisfaction,2024-10-23 12:15:00,Positive
1312,148,5,The housekeeping scheduling tool was excellent It kept everything organized and ensured no room was missed,2024-10-23 12:30:00,Positive
1313,149,5,The mobile check-in feature was a hit with guests They appreciated the convenience and speed,2024-10-23 12:45:00,Positive
1314,150,5,The integration with the POS system worked seamlessly It allowed us to track guest dining orders and preferences easily,2024-10-23 13:00:00,Positive
1315,151,5,The guest loyalty program was a great addition It rewarded returning guests and encouraged repeat bookings,2024-10-23 13:15:00,Positive

1316,132,1,The online check-in system had frequent errors It made it difficult for guests to check-in on time,2024-10-23 13:30:00,Negative
1317,133,1,The guest survey feature was unreliable It failed to record feedback properly on multiple occasions,2024-10-23 13:45:00,Negative
1318,134,1,The restaurant booking system crashed multiple times during high demand periods It created a lot of confusion and disappointment,2024-10-23 14:00:00,Negative
1319,135,1,The task management system was buggy It caused delays in updating tasks and creating reports,2024-10-23 14:15:00,Negative
1320,136,1,The cleaning schedule was often inaccurate It caused delays in preparing rooms for incoming guests,2024-10-23 14:30:00,Negative
1321,137,1,The third-party booking integration was highly unreliable It led to booking overlaps and cancellations,2024-10-23 14:45:00,Negative
1322,138,1,The event management tool had issues syncing with the hotel calendar It caused confusion and scheduling errors,2024-10-23 15:00:00,Negative
1323,139,1,The reporting system was slow to load and often failed to export data properly It made it difficult to get accurate information on time,2024-10-23 15:15:00,Negative
1324,140,1,The billing system didn’t include an option for splitting payments It made handling group bookings complicated,2024-10-23 15:30:00,Negative
1325,141,1,The room selection interface had glitches It caused confusion when booking multiple rooms,2024-10-23 15:45:00,Negative

1326,142,3,The reservations system works well but sometimes takes too long to load The performance could be improved for quicker bookings,2024-10-23 16:00:00,Neutral
1327,143,3,The guest room allocation system was decent but lacks an easy way to accommodate special requests such as accessibility needs It could be more flexible,2024-10-23 16:15:00,Neutral
1328,144,3,The notification system is functional but often sends duplicate messages It needs better filtering to avoid overwhelming guests and staff,2024-10-23 16:30:00,Neutral
1329,145,3,The integration with payment gateways works but it doesn't support all local payment options It would be helpful for international guests,2024-10-23 16:45:00,Neutral
1330,146,3,The inventory management tool is good but could be more intuitive It takes some time to learn and navigate effectively,2024-10-23 17:00:00,Neutral
1331,147,3,The guest preference tracking feature is useful but could use better options for categorizing guest needs It’s a bit too basic,2024-10-23 17:15:00,Neutral
1332,148,3,The event booking system works but doesn't allow real-time updates It causes confusion when multiple events overlap,2024-10-23 17:30:00,Neutral
1333,149,3,The system's performance is mostly good but it tends to lag during peak booking times It needs optimization to handle higher traffic,2024-10-23 17:45:00,Neutral
1334,150,3,The housekeeping scheduling system is fine but needs an easier way to track cleaning progress It’s a bit hard to get real-time updates on tasks,2024-10-23 18:00:00,Neutral
1335,151,3,The loyalty program is helpful but could be more personalized It doesn’t feel like it’s tailored to individual guest preferences,2024-10-23 18:15:00,Neutral

1336,152,5,The customer service features in the system are excellent They make it easy to track guest requests and resolve issues quickly,2024-10-23 18:30:00,Positive
1337,153,5,The mobile check-in feature is a game-changer for guests They love being able to check-in before arriving and skip the front desk line,2024-10-23 18:45:00,Positive
1338,154,5,The housekeeping management tool is top-notch It helps us efficiently track room status and ensure rooms are prepared in time,2024-10-23 19:00:00,Positive
1339,155,5,The payment gateway integration is smooth and secure It gives guests confidence when booking or paying for services,2024-10-23 19:15:00,Positive
1340,156,5,The reporting tools give excellent insights into revenue trends It’s easy to understand and helps us plan for future improvements,2024-10-23 19:30:00,Positive
1341,157,5,The front desk operations are well-managed The system allows us to access all guest information instantly,2024-10-23 19:45:00,Positive
1342,158,5,The event booking and management feature is fantastic It allows guests to easily book spaces and ensures smooth event execution,2024-10-23 20:00:00,Positive
1343,159,5,The guest satisfaction survey feature is an invaluable tool It gives us immediate feedback and helps us address issues in real-time,2024-10-23 20:15:00,Positive
1344,160,5,The hotel management system is very user-friendly Staff can easily learn and use the system with minimal training,2024-10-23 20:30:00,Positive
1345,161,5,The system’s integration with our property management system (PMS) has been seamless It helps ensure all operations run smoothly without any issues,2024-10-23 20:45:00,Positive

1346,152,1,The system frequently crashes when trying to update guest records It causes delays and frustration among staff,2024-10-23 21:00:00,Negative
1347,153,1,The mobile check-in feature is unreliable It often fails to notify staff when a guest checks in causing confusion,2024-10-23 21:15:00,Negative
1348,154,1,The housekeeping scheduling system is riddled with bugs It doesn’t always update in real time and misses tasks,2024-10-23 21:30:00,Negative
1349,155,1,The payment gateway often fails to process international transactions It causes guest frustration and delays in payment processing,2024-10-23 21:45:00,Negative
1350,156,1,The reports often fail to load or take too long to generate It’s affecting our ability to make timely decisions,2024-10-23 22:00:00,Negative
1351,157,1,The front desk system lags frequently and causes delays when checking in guests It’s a major issue during peak hours,2024-10-23 22:15:00,Negative
1352,158,1,The event booking system is buggy It often causes double-bookings and scheduling conflicts,2024-10-23 22:30:00,Negative
1353,159,1,The guest satisfaction survey tool isn’t working properly It fails to send out surveys on time or doesn’t capture all responses,2024-10-23 22:45:00,Negative
1354,160,1,The user interface is outdated and not intuitive It’s difficult for new staff to navigate the system,2024-10-23 23:00:00,Negative
1355,161,1,The integration with the property management system (PMS) has been inconsistent It causes synchronization issues between guest information and room availability,2024-10-23 23:15:00,Negative

1356,162,3,The reservation system works fine but lacks features for group bookings It would be great if there were easier options for handling large groups,2024-10-24 00:00:00,Neutral
1357,163,3,The guest room selection system is straightforward but sometimes offers limited room choices It could benefit from filtering options to make it easier for guests to select their preferred room type,2024-10-24 00:15:00,Neutral
1358,164,3,The communication tool for staff is useful but could be improved for real-time messaging Sometimes there’s a delay in sending updates to staff,2024-10-24 00:30:00,Neutral
1359,165,3,The invoice generation tool is good but lacks detailed breakdown options It would be helpful if we could add more customizable details on invoices,2024-10-24 00:45:00,Neutral
1360,166,3,The reporting features are okay but the data is a bit hard to analyze It would be great if it offered clearer visuals or graphs for easier understanding,2024-10-24 01:00:00,Neutral
1361,167,3,The system is user-friendly but sometimes logs out unexpectedly It can be inconvenient when staff is in the middle of processing a booking,2024-10-24 01:15:00,Neutral
1362,168,3,The hotel management system functions well but doesn’t integrate well with third-party tools like CRM It would be ideal if it could sync with other platforms we use,2024-10-24 01:30:00,Neutral
1363,169,3,The loyalty program is decent but lacks personalized offers for returning guests It could be improved to make guests feel more appreciated,2024-10-24 01:45:00,Neutral
1364,170,3,The system’s interface is simple but could benefit from more customization options It would be nice to adjust the layout according to our preferences,2024-10-24 02:00:00,Neutral
1365,171,3,The hotel booking calendar is functional but can be slow at times It would be useful if it could handle large volumes of reservations more efficiently,2024-10-24 02:15:00,Neutral

1366,172,5,The front desk check-in process is seamless and fast It makes the entire guest experience much smoother,2024-10-24 02:30:00,Positive
1367,173,5,The real-time room availability updates are very helpful They allow guests to instantly see available rooms and book without delays,2024-10-24 02:45:00,Positive
1368,174,5,The guest feedback system works great We can quickly respond to guests and improve their experience based on their comments,2024-10-24 03:00:00,Positive
1369,175,5,The housekeeping tool is fantastic It tracks tasks in real time ensuring that rooms are cleaned and prepared on schedule,2024-10-24 03:15:00,Positive
1370,176,5,The automatic billing system is efficient It ensures accurate charges for services and room stays minimizing human error,2024-10-24 03:30:00,Positive
1371,177,5,The event management tool is a lifesaver It simplifies the booking and coordination of events making our job much easier,2024-10-24 03:45:00,Positive
1372,178,5,The payment processing feature is reliable and secure Guests can check out quickly and with peace of mind,2024-10-24 04:00:00,Positive
1373,179,5,The reporting system provides clear and actionable insights into sales and occupancy It helps us track performance and adjust our strategy accordingly,2024-10-24 04:15:00,Positive
1374,180,5,The customer service tools are great They allow us to address guest needs and concerns promptly leading to higher satisfaction,2024-10-24 04:30:00,Positive
1375,181,5,The mobile app integration is very smooth It allows guests to book check in and manage their reservations conveniently from their phones,2024-10-24 04:45:00,Positive

1376,172,1,The booking system crashes frequently It causes a lot of frustration for guests who are trying to make reservations,2024-10-24 05:00:00,Negative
1377,173,1,The system doesn't always update room availability in real time It leads to overbookings and confusion for guests and staff,2024-10-24 05:15:00,Negative
1378,174,1,The guest feedback system is broken It often fails to record responses and doesn’t notify us about negative reviews,2024-10-24 05:30:00,Negative
1379,175,1,The housekeeping tool lags and misses updates It often shows rooms as clean even when they’re not which affects guest satisfaction,2024-10-24 05:45:00,Negative
1380,176,1,The billing system has issues with incorrect charges It occasionally adds extras that were not requested by guests,2024-10-24 06:00:00,Negative
1381,177,1,The event management system is confusing to use It doesn’t provide clear options for managing different event types causing mistakes during bookings,2024-10-24 06:15:00,Negative
1382,178,1,The payment processing is slow and often fails to complete transactions It causes major disruptions during guest checkouts,2024-10-24 06:30:00,Negative
1383,179,1,The reporting system frequently crashes when we try to generate detailed reports It’s impossible to get important data for business planning,2024-10-24 06:45:00,Negative
1384,180,1,The customer service chat feature doesn’t work properly It disconnects often causing guests to become frustrated and unsatisfied,2024-10-24 07:00:00,Negative
1385,181,1,The mobile app doesn’t work well with our current version of the system It causes login errors and sometimes doesn’t update guest details correctly,2024-10-24 07:15:00,Negative

1386,182,3,The room booking system is functional but it would be better if we could filter rooms based on guest preferences like accessibility or room size,2024-10-24 07:30:00,Neutral
1387,183,3,The reporting feature is okay but lacks some key metrics such as occupancy rates and average revenue per guest which would be helpful for decision-making,2024-10-24 07:45:00,Neutral
1388,184,3,The check-out process works fine but there could be a smoother way to handle additional charges that guests may incur during their stay,2024-10-24 08:00:00,Neutral
1389,185,3,The customer feedback module is good but it sometimes takes too long to show up on our dashboard It would be great if it updated in real-time,2024-10-24 08:15:00,Neutral
1390,186,3,The event management tool is nice but it can get a bit confusing when trying to add extra services like catering or AV equipment,2024-10-24 08:30:00,Neutral
1391,187,3,The booking system is straightforward but it doesn’t integrate well with our payment processor There are occasional issues when processing credit card payments,2024-10-24 08:45:00,Neutral
1392,188,3,The loyalty program works but could be improved by offering more personalized discounts or rewards for frequent guests,2024-10-24 09:00:00,Neutral
1393,189,3,The dashboard is easy to navigate but lacks some customization options to highlight the most relevant data for our team,2024-10-24 09:15:00,Neutral
1394,190,3,The guest profile system is useful but could allow us to add more personal details to improve guest experience like special requests or preferences,2024-10-24 09:30:00,Neutral
1395,191,3,The hotel booking system is good but doesn’t have automatic confirmations for bookings made by agents which can sometimes lead to confusion,2024-10-24 09:45:00,Neutral

1396,192,5,The room management tool is excellent It allows us to quickly assign rooms and track availability in real-time,2024-10-24 10:00:00,Positive
1397,193,5,The customer support team is fantastic They are quick to resolve any issues or questions we have,2024-10-24 10:15:00,Positive
1398,194,5,The reporting system is very detailed and helps us track important metrics like revenue per room and occupancy rate,2024-10-24 10:30:00,Positive
1399,195,5,The room booking system is very intuitive and makes guest reservations quick and easy It reduces the workload for our front desk staff,2024-10-24 10:45:00,Positive
1400,196,5,The system integrates seamlessly with our third-party payment processors making transactions smooth and secure,2024-10-24 11:00:00,Positive
1401,197,5,The housekeeping tool is a game changer It helps us ensure rooms are cleaned promptly and are ready for new guests without delays,2024-10-24 11:15:00,Positive
1402,198,5,The loyalty program has increased guest retention significantly It’s easy to use and guests enjoy the rewards they get,2024-10-24 11:30:00,Positive
1403,199,5,The reservation system handles high volumes of bookings efficiently Even during peak times the system doesn’t slow down or crash,2024-10-24 11:45:00,Positive
1404,200,5,The integration with our CRM system allows us to track guest preferences and improve our guest service,2024-10-24 12:00:00,Positive
1405,201,5,The event management feature is fantastic It makes organizing conferences weddings and other large events a breeze,2024-10-24 12:15:00,Positive

1406,192,1,The system crashes frequently especially during peak booking times This causes disruptions in our operations and makes it hard to manage reservations,2024-10-24 12:30:00,Negative
1407,193,1,The front desk system is slow to respond when searching for room availability This makes it difficult to serve guests quickly,2024-10-24 12:45:00,Negative
1408,194,1,The billing system sometimes creates errors with charges This causes confusion and can lead to billing disputes with guests,2024-10-24 13:00:00,Negative
1409,195,1,The check-in system frequently misses guest details causing long check-in times and delays at the front desk,2024-10-24 13:15:00,Negative
1410,196,1,The system doesn’t support multi-currency payments properly It leads to incorrect charges for international guests,2024-10-24 13:30:00,Negative
1411,197,1,The reporting feature is unreliable It often fails to generate reports or provides incomplete data making it difficult for us to make informed decisions,2024-10-24 13:45:00,Negative
1412,198,1,The room booking system is hard to navigate and often shows rooms as available when they are already booked leading to overbookings and frustration,2024-10-24 14:00:00,Negative
1413,199,1,The system does not automatically update booking statuses when guests cancel This leads to confusion and delays when new guests try to book the same room,2024-10-24 14:15:00,Negative
1414,200,1,The payment processing system often encounters delays and fails to complete payments This is especially troublesome during checkouts,2024-10-24 14:30:00,Negative
1415,201,1,The customer support team is unresponsive and takes too long to address issues This negatively impacts the guest experience and our operations,2024-10-24 14:45:00,Negative

1416,202,3,The booking system works but it would be helpful if there were a way to see a visual calendar with room availability,2024-10-24 15:00:00,Neutral
1417,203,3,The guest profile feature is useful but it would be more effective if we could store more detailed preferences for each guest like preferred room temperature or pillow type,2024-10-24 15:15:00,Neutral
1418,204,3,The event booking feature is good but doesn’t allow us to customize event packages with multiple services which can be a bit limiting,2024-10-24 15:30:00,Neutral
1419,205,3,The payment system works well but it lacks an easy way to offer discounts directly at checkout for returning guests,2024-10-24 15:45:00,Neutral
1420,206,3,The loyalty program is decent but it doesn’t provide enough tiers or benefits for regular guests It could be improved to offer more incentives,2024-10-24 16:00:00,Neutral
1421,207,3,The interface is user-friendly but it could use a little more customization options to suit our hotel's needs better,2024-10-24 16:15:00,Neutral
1422,208,3,The booking process is simple but could include a real-time update for room availability as some rooms appear available even when they’re already booked,2024-10-24 16:30:00,Neutral
1423,209,3,The housekeeping system is useful but lacks the ability to set up recurring tasks for regular maintenance like carpet cleaning or room repairs,2024-10-24 16:45:00,Neutral
1424,210,3,The reservation system is generally good but it would be more efficient if it automatically adjusted prices during peak seasons or high-demand periods,2024-10-24 17:00:00,Neutral
1425,211,3,The customer service portal is helpful but the response time could be improved for urgent inquiries,2024-10-24 17:15:00,Neutral

1426,212,5,The check-in process is incredibly fast and efficient The staff can get guests checked in quickly which improves the guest experience,2024-10-24 17:30:00,Positive
1427,213,5,The housekeeping module is great It ensures rooms are cleaned promptly and our team can track their progress throughout the day,2024-10-24 17:45:00,Positive
1428,214,5,The integration with third-party services like booking sites is seamless This has helped us increase our visibility and get more reservations,2024-10-24 18:00:00,Positive
1429,215,5,The revenue management system is fantastic It helps us set optimal prices for rooms based on demand and market trends,2024-10-24 18:15:00,Positive
1430,216,5,The reporting system is comprehensive and generates detailed insights into performance metrics like occupancy rates average room rates and revenue per room,2024-10-24 18:30:00,Positive
1431,217,5,The event management feature is easy to use and allows us to customize packages and track bookings for corporate events weddings and conferences,2024-10-24 18:45:00,Positive
1432,218,5,The guest profile system helps us provide personalized experiences for each guest By storing their preferences we can make them feel special every time they visit,2024-10-24 19:00:00,Positive
1433,219,5,The mobile app is great for guests They can check in view their bookings and even order room service directly from their phones,2024-10-24 19:15:00,Positive
1434,220,5,The staff scheduling tool is incredibly helpful It makes managing shifts and ensuring adequate coverage at all times much easier,2024-10-24 19:30:00,Positive
1435,221,5,The customer feedback module is fantastic It lets us quickly collect guest reviews and address any issues immediately,2024-10-24 19:45:00,Positive

1436,222,1,The reservation system is unreliable It crashes when there’s high traffic leading to missed bookings and poor guest experience,2024-10-24 20:00:00,Negative
1437,223,1,The system sometimes displays incorrect room availability It shows rooms as available when they’re already booked leading to double bookings and confusion,2024-10-24 20:15:00,Negative
1438,224,1,The customer support system is slow and unresponsive We’ve had trouble getting timely responses which delays problem resolution,2024-10-24 20:30:00,Negative
1439,225,1,The housekeeping module needs work It doesn’t allow us to schedule cleaning tasks for rooms that need attention on a regular basis,2024-10-24 20:45:00,Negative
1440,226,1,The payment system is unreliable at times It frequently fails to process transactions and causes frustration for both guests and staff,2024-10-24 21:00:00,Negative
1441,227,1,The check-out process is inefficient It takes too long for guests to check out which creates unnecessary delays at the front desk,2024-10-24 21:15:00,Negative
1442,228,1,The booking confirmation email often goes to spam which causes confusion among guests They sometimes don’t know if their reservation was confirmed,2024-10-24 21:30:00,Negative
1443,229,1,The loyalty program lacks flexibility and doesn’t offer enough rewards for frequent guests It needs to be more generous and offer more benefits,2024-10-24 21:45:00,Negative
1444,230,1,The staff scheduling tool is clunky It’s difficult to make quick adjustments or track availability which can cause staffing issues,2024-10-24 22:00:00,Negative
1445,231,1,The event booking tool doesn’t allow us to easily track catering or additional service requests for events leading to missed details and a poor guest experience,2024-10-24 22:15:00,Negative

1446,232,3,The booking system is decent but it could use more flexibility for group reservations particularly when booking multiple rooms for events or conferences,2024-10-24 22:30:00,Neutral
1447,233,3,The check-in system is efficient but it could benefit from more customization options for handling special requests like early check-ins or late check-outs,2024-10-24 22:45:00,Neutral
1448,234,3,The guest review section is useful but it would be better if we could sort reviews by ratings or review types,2024-10-24 23:00:00,Neutral
1449,235,3,The report generation feature is helpful but I wish we could create custom reports based on specific criteria instead of just the pre-defined options,2024-10-24 23:15:00,Neutral
1450,236,3,The customer service portal could be more intuitive It takes too long to locate specific issues in the system when troubleshooting,2024-10-24 23:30:00,Neutral
1451,237,3,The housekeeping management is decent but doesn’t allow for setting cleaning priorities based on guest requests,2024-10-24 23:45:00,Neutral
1452,238,3,The payment system is functional but needs to include more payment gateways to accommodate international guests,2024-10-25 00:00:00,Neutral
1453,239,3,The integration with online travel agencies is convenient but it could be improved to sync prices and availability in real-time more effectively,2024-10-25 00:15:00,Neutral
1454,240,3,The booking platform is good but the system could use better management for cancellations and no-shows,2024-10-25 00:30:00,Neutral
1455,241,3,The reservation system could benefit from an automatic upgrade suggestion for guests who book specific room types,2024-10-25 00:45:00,Neutral

1456,242,5,The booking system is incredibly easy to use Our guests can book rooms without any hassle and the whole process is seamless,2024-10-25 01:00:00,Positive
1457,243,5,The reporting tools are excellent They give us a detailed overview of occupancy rates and revenue which helps us plan better,2024-10-25 01:15:00,Positive
1458,244,5,The loyalty program is great for retaining guests It offers meaningful rewards and we’re seeing a lot of return customers because of it,2024-10-25 01:30:00,Positive
1459,245,5,The housekeeping system is very efficient It helps our team stay on top of their tasks and ensures rooms are cleaned quickly and to a high standard,2024-10-25 01:45:00,Positive
1460,246,5,The event booking feature is fantastic It’s easy to use and lets us customize packages to suit the needs of corporate and social events,2024-10-25 02:00:00,Positive
1461,247,5,The customer support system is fantastic The response times are fast and the support staff is always helpful,2024-10-25 02:15:00,Positive
1462,248,5,The integration with external booking platforms like Expedia and Booking.com works perfectly It helps us reach a broader audience,2024-10-25 02:30:00,Positive
1463,249,5,The mobile app for guests is excellent They can book rooms check in and even order services from their phone making everything so convenient,2024-10-25 02:45:00,Positive
1464,250,5,The payment processing system is reliable and secure It offers various options which makes it easy for guests to pay using their preferred method,2024-10-25 03:00:00,Positive
1465,251,5,The reporting system is very detailed It allows us to track revenue trends and guest demographics helping us improve our services and marketing efforts,2024-10-25 03:15:00,Positive

1466,252,1,The booking system keeps crashing during peak hours which causes major disruptions for both guests and staff,2024-10-25 03:30:00,Negative
1467,253,1,The customer service portal has been slow to respond to urgent issues It takes too long to resolve technical problems,2024-10-25 03:45:00,Negative
1468,254,1,The system fails to correctly update room availability which often leads to double bookings or unavailable rooms being shown as available,2024-10-25 04:00:00,Negative
1469,255,1,The event booking tool is lacking It doesn’t allow us to track additional services like catering or AV equipment requests which can cause confusion during events,2024-10-25 04:15:00,Negative
1470,256,1,The mobile app frequently logs out guests and doesn’t save their preferences which leads to frustration when they try to check in or order room service,2024-10-25 04:30:00,Negative
1471,257,1,The payment system has frequent glitches It sometimes fails to process payments causing major inconveniences for guests trying to settle their bills,2024-10-25 04:45:00,Negative
1472,258,1,The check-out process is slow It takes too long for guests to finalize their bills and leave the hotel which results in long lines at the front desk,2024-10-25 05:00:00,Negative
1473,259,1,The reservation system has errors in booking modifications When guests need to adjust their bookings the system doesn’t always reflect the changes correctly,2024-10-25 05:15:00,Negative
1474,260,1,The staff scheduling tool is not user-friendly It’s difficult to make last-minute changes to staff schedules and track shift changes effectively,2024-10-25 05:30:00,Negative
1475,261,1,The system doesn’t allow us to set automatic room upgrades for guests based on availability which would help improve the guest experience,2024-10-25 05:45:00,Negative

1476,262,3,The guest management system works well but could use a feature for storing special preferences or notes for repeat customers,2024-10-25 06:00:00,Neutral
1477,263,3,The mobile check-in system is handy but sometimes it takes too long to receive a confirmation email leading to confusion for some guests,2024-10-25 06:15:00,Neutral
1478,264,3,The room availability calendar is good but it could benefit from a filter to only show rooms that meet specific guest requests like accessibility features or pet-friendly rooms,2024-10-25 06:30:00,Neutral
1479,265,3,The reservation history is useful but could be more detailed showing a complete breakdown of charges for guests who make multiple changes to their bookings,2024-10-25 06:45:00,Neutral
1480,266,3,The room allocation system works well but sometimes assigns rooms that are too far apart from each other when multiple rooms are booked for the same guests,2024-10-25 07:00:00,Neutral
1481,267,3,The guest portal is convenient but would be better if it allowed for adding or editing preferences directly like preferred room types or special services,2024-10-25 07:15:00,Neutral
1482,268,3,The feedback collection system is effective but lacks the ability to prompt guests for reviews after specific events like check-out or after using hotel amenities,2024-10-25 07:30:00,Neutral
1483,269,3,The inventory management tool is helpful but could use an option to automatically reorder items when stock runs low,2024-10-25 07:45:00,Neutral
1484,270,3,The staff training module is good but needs more interactive content and real-world scenarios to make it more engaging and effective,2024-10-25 08:00:00,Neutral
1485,271,3,The event room booking feature is functional but it would be helpful to have a visual floor plan to help event planners choose the best space,2024-10-25 08:15:00,Neutral

1486,272,5,The check-in experience for our guests is outstanding They love the ability to check-in through the app making their arrival so much smoother,2024-10-25 08:30:00,Positive
1487,273,5,The housekeeping tool is fantastic It helps us manage daily tasks track cleaning progress and make sure rooms are ready for guests on time,2024-10-25 08:45:00,Positive
1488,274,5,The customer service team uses the CRM very efficiently It allows them to manage guest requests and inquiries seamlessly and provides all the details they need,2024-10-25 09:00:00,Positive
1489,275,5,The feedback system is fantastic It gives us immediate insights into guest satisfaction and we can act on any concerns quickly,2024-10-25 09:15:00,Positive
1490,276,5,The booking process for group reservations is very intuitive It makes it easy to handle multiple rooms and special requests for events or conferences,2024-10-25 09:30:00,Positive
1491,277,5,The payment system is robust and secure It offers multiple payment methods and is hassle-free for both guests and staff,2024-10-25 09:45:00,Positive
1492,278,5,The mobile app for staff is extremely useful It keeps everyone connected and informed especially during busy check-in/check-out periods,2024-10-25 10:00:00,Positive
1493,279,5,The inventory management system is very well designed It helps us track room amenities and supplies easily ensuring we never run out of essentials,2024-10-25 10:15:00,Positive
1494,280,5,The event booking system is very user-friendly It allows us to easily handle everything from venue selection to catering and other services,2024-10-25 10:30:00,Positive
1495,281,5,The system's integration with other travel agencies is seamless It automatically updates availability and rates making it much easier to manage bookings,2024-10-25 10:45:00,Positive

1496,282,1,The booking system is not intuitive for first-time users and often confuses our guests when they try to make reservations,2024-10-25 11:00:00,Negative
1497,283,1,The room assignment system has frequent errors which causes double bookings and creates confusion for both staff and guests,2024-10-25 11:15:00,Negative
1498,284,1,The payment processing is too slow Sometimes guests experience delays when trying to pay their bills and this leads to frustration,2024-10-25 11:30:00,Negative
1499,285,1,The mobile app is often buggy It logs guests out fails to update booking statuses and sometimes doesn’t load room availability properly,2024-10-25 11:45:00,Negative
1500,286,1,The housekeeping tool is clunky and difficult to use It’s hard to track the progress of room cleaning tasks in real-time,2024-10-25 12:00:00,Negative
1501,287,1,The customer service portal is not efficient It’s hard to track the status of ongoing requests and there’s no quick way to escalate urgent issues,2024-10-25 12:15:00,Negative
1502,288,1,The reporting system lacks customization We can’t generate the specific reports we need to analyze our performance accurately,2024-10-25 12:30:00,Negative
1503,289,1,The mobile app for staff doesn’t sync well with the desktop system It often causes delays and issues when staff members update guest details or room status,2024-10-25 12:45:00,Negative
1504,290,1,The system’s check-out process is confusing Guests often report difficulties when trying to check out especially when they have pre-paid or partially paid bills,2024-10-25 13:00:00,Negative
1505,291,1,The integration with third-party booking platforms is unreliable Sometimes it fails to update availability correctly which leads to overbookings,2024-10-25 13:15:00,Negative

1506,292,3,The guest check-in feature is convenient but could use a faster processing time sometimes it takes longer than expected,2024-10-25 13:30:00,Neutral
1507,293,3,The housekeeping tool is functional but lacks a feature for notifying guests when their rooms are ready,2024-10-25 13:45:00,Neutral
1508,294,3,The booking system is solid but the calendar view could be more visually appealing and provide quicker access to room details,2024-10-25 14:00:00,Neutral
1509,295,3,The CRM system is helpful but lacks a streamlined way to track guest preferences across multiple visits,2024-10-25 14:15:00,Neutral
1510,296,3,The mobile app is great but it often takes a while for new reservations to show up causing some delays when managing bookings,2024-10-25 14:30:00,Neutral
1511,297,3,The payment processing system is secure but it could benefit from a feature that allows guests to split payments or add multiple credit cards,2024-10-25 14:45:00,Neutral
1512,298,3,The event booking feature is decent but it would be better if it allowed for more customization options like room layouts and seating arrangements,2024-10-25 15:00:00,Neutral
1513,299,3,The check-out system is easy to use but sometimes it doesn’t automatically send email receipts to guests which can lead to confusion,2024-10-25 15:15:00,Neutral
1514,300,3,The reporting system offers useful insights but could use more filtering options for customizing reports by date or guest type,2024-10-25 15:30:00,Neutral
1515,301,3,The staff scheduling system is useful but lacks a way to track overtime hours which makes payroll management a bit challenging,2024-10-25 15:45:00,Neutral

1516,302,5,The guest management system is fantastic It allows us to easily track guest preferences and tailor services to enhance the guest experience,2024-10-25 16:00:00,Positive
1517,303,5,The mobile check-in system is a game-changer It lets guests check-in seamlessly avoiding long lines and making the process faster,2024-10-25 16:15:00,Positive
1518,304,5,The housekeeping app is a great tool for coordinating room cleaning It helps our staff stay organized and ensures all rooms are prepared on time,2024-10-25 16:30:00,Positive
1519,305,5,The booking system is intuitive Guests can easily find and book rooms based on their preferences making the whole process effortless,2024-10-25 16:45:00,Positive
1520,306,5,The staff portal is well-designed It enables our team to access guest information room availability and manage requests efficiently,2024-10-25 17:00:00,Positive
1521,307,5,The event management feature is excellent It streamlines the process of booking rooms managing catering and ensuring everything is set up for events,2024-10-25 17:15:00,Positive
1522,308,5,The payment system is smooth and reliable It handles all forms of payment and ensures transactions are processed securely and quickly,2024-10-25 17:30:00,Positive
1523,309,5,The reporting tool is powerful It provides a comprehensive view of our operations and allows us to track revenue occupancy rates and guest satisfaction easily,2024-10-25 17:45:00,Positive
1524,310,5,The staff scheduling system is excellent It helps us manage shifts and availability efficiently ensuring we have the right coverage at all times,2024-10-25 18:00:00,Positive
1525,311,5,The customer service platform is efficient It allows our team to handle guest inquiries quickly and ensures a smooth experience for our guests,2024-10-25 18:15:00,Positive

1526,312,1,The room booking feature often glitches and shows unavailable rooms as available leading to overbookings and disappointed guests,2024-10-25 18:30:00,Negative
1527,313,1,The payment system sometimes fails to process credit card payments causing delays at check-out and frustration for our guests,2024-10-25 18:45:00,Negative
1528,314,1,The mobile app crashes frequently especially during busy periods making it hard for staff to access important guest information in real-time,2024-10-25 19:00:00,Negative
1529,315,1,The inventory management system doesn’t always update in real-time leading to situations where we run out of necessary room supplies unexpectedly,2024-10-25 19:15:00,Negative
1530,316,1,The event booking system often misses important details like catering or setup preferences causing confusion and extra work for staff,2024-10-25 19:30:00,Negative
1531,317,1,The check-in process has too many steps which often results in longer wait times for guests especially during peak hours,2024-10-25 19:45:00,Negative
1532,318,1,The guest management system needs improvements It’s difficult to navigate and doesn’t always update guest preferences correctly,2024-10-25 20:00:00,Negative
1533,319,1,The housekeeping tool often fails to show real-time updates on room status causing delays and confusion for the staff,2024-10-25 20:15:00,Negative
1534,320,1,The system has frequent downtimes which disrupt the entire hotel’s operations and causes delays in reservations check-ins and other services,2024-10-25 20:30:00,Negative
1535,321,1,The feedback system doesn’t automatically notify managers of urgent issues making it harder to respond quickly to guest complaints,2024-10-25 20:45:00,Negative

1536,322,3,The staff communication system works well but lacks integration with the room management tool making coordination a bit harder for large teams,2024-10-25 21:00:00,Neutral
1537,323,3,The check-in kiosk is useful but could be more user-friendly for non-tech-savvy guests especially with clearer instructions,2024-10-25 21:15:00,Neutral
1538,324,3,The mobile app is decent but could benefit from a feature that allows guests to see and request room upgrades during their stay,2024-10-25 21:30:00,Neutral
1539,325,3,The guest feedback system is effective but needs better customization options for different types of guest interactions,2024-10-25 21:45:00,Neutral
1540,326,3,The hotel’s booking platform is user-friendly but would be better if it allowed guests to filter by additional criteria like amenities or views,2024-10-25 22:00:00,Neutral
1541,327,3,The housekeeping management system is good but we need more detailed reports on room statuses and cleaning schedules for better tracking,2024-10-25 22:15:00,Neutral
1542,328,3,The event scheduling feature is useful but we wish it could integrate with third-party tools like calendars or email services for easy event management,2024-10-25 22:30:00,Neutral
1543,329,3,The front desk staff often have trouble accessing real-time room availability updates which creates confusion during check-ins,2024-10-25 22:45:00,Neutral
1544,330,3,The payment system works well but could include more payment options like PayPal or mobile wallets for convenience,2024-10-25 23:00:00,Neutral
1545,331,3,The reporting system is helpful but would be more useful with additional filtering options for tracking guest demographics and trends,2024-10-25 23:15:00,Neutral

Positive Feedback
1546,332,5,The mobile check-in system is fantastic It reduces wait times and allows our staff to focus on providing better service to guests,2024-10-25 23:30:00,Positive
1547,333,5,The guest profile management tool is an excellent feature It helps us personalize services and make guests feel more welcome during their stay,2024-10-25 23:45:00,Positive
1548,334,5,The booking engine is fast and easy to use both for guests and staff making reservations a smooth process without complications,2024-10-26 00:00:00,Positive
1549,335,5,The housekeeping system has improved our cleaning workflow significantly It enables us to assign tasks more efficiently and maintain room quality,2024-10-26 00:15:00,Positive
1550,336,5,The event management tool is top-notch It allows us to customize event spaces track guests and manage catering seamlessly,2024-10-26 00:30:00,Positive
1551,337,5,The payment processing system is fast and reliable Guests can complete transactions smoothly ensuring an excellent experience at check-out,2024-10-26 00:45:00,Positive
1552,338,5,The staff scheduling system is easy to use and helps us keep track of staff shifts preventing scheduling conflicts and ensuring adequate coverage,2024-10-26 01:00:00,Positive
1553,339,5,The guest communication system allows us to send timely updates and promotions to guests improving guest satisfaction and loyalty,2024-10-26 01:15:00,Positive
1554,340,5,The guest check-out process is smooth and efficient with minimal wait times for guests allowing them to leave the hotel with a positive experience,2024-10-26 01:30:00,Positive
1555,341,5,The feedback management tool is effective in gathering valuable guest insights allowing us to make improvements where needed,2024-10-26 01:45:00,Positive

1556,342,1,The booking system is frequently down leading to errors in reservations and guest dissatisfaction,2024-10-26 02:00:00,Negative
1557,343,1,The payment system has occasional issues with card payments not being processed which delays check-out and upsets guests,2024-10-26 02:15:00,Negative
1558,344,1,The staff communication tool is unreliable with messages sometimes not being delivered to the appropriate team members causing delays in response,2024-10-26 02:30:00,Negative
1559,345,1,The mobile app often crashes when guests try to access booking information leading to frustration and an inconsistent experience,2024-10-26 02:45:00,Negative
1560,346,1,The room availability tool sometimes shows rooms as available when they’re actually booked leading to confusion at check-in and overbooking issues,2024-10-26 03:00:00,Negative
1561,347,1,The event booking feature doesn’t always sync correctly with room availability causing issues when booking rooms for events,2024-10-26 03:15:00,Negative
1562,348,1,The housekeeping system is slow to update room statuses causing delays in room preparation and negatively affecting guest satisfaction,2024-10-26 03:30:00,Negative
1563,349,1,The guest profile system often fails to save important guest preferences making it difficult for our staff to personalize service,2024-10-26 03:45:00,Negative
1564,350,1,The check-in process has too many technical glitches leading to long waits for guests and negatively impacting their first impressions of the hotel,2024-10-26 04:00:00,Negative
1565,351,1,The system has frequent downtimes which disrupt daily operations and lead to delays in guest service impacting the overall guest experience,2024-10-26 04:15:00,Negative

1566,352,3,Room temperature control could be improved as guests often find it difficult to adjust the climate to their preference,2024-10-26 04:30:00,Neutral
1567,353,3,The booking interface is quite clean but lacks a few advanced filtering options to help guests choose the best rooms,2024-10-26 04:45:00,Neutral
1568,354,3,While the hotel staff is friendly response times for requests through the app could be faster,2024-10-26 05:00:00,Neutral
1569,355,3,The system provides good insights but the reporting tool could be a bit more intuitive and faster to generate reports,2024-10-26 05:15:00,Neutral
1570,356,3,The guest portal has great features but we need better options to track loyalty rewards and benefits,2024-10-26 05:30:00,Neutral
1571,357,3,Housekeeping reports are helpful but adding a feature to track room inventory usage in real-time would be beneficial,2024-10-26 05:45:00,Neutral
1572,358,3,The mobile app is easy to use but some features like room booking tend to crash unexpectedly,2024-10-26 06:00:00,Neutral
1573,359,3,The payment system works fine though we’ve noticed occasional delays in processing international payments,2024-10-26 06:15:00,Neutral
1574,360,3,While the event management feature is useful it lacks more advanced customization options for unique event requirements,2024-10-26 06:30:00,Neutral
1575,361,3,The system runs smoothly overall but real-time updates on room availability could be more accurate to avoid overbooking,2024-10-26 06:45:00,Neutral

1576,362,5,The reservation system is incredibly user-friendly making it easy for both guests and staff to book rooms without hassle,2024-10-26 07:00:00,Positive
1577,363,5,The mobile app has been a game-changer for guests allowing them to check-in smoothly and request services quickly,2024-10-26 07:15:00,Positive
1578,364,5,We’ve seen improved customer satisfaction due to faster room assignments and seamless communication with the front desk,2024-10-26 07:30:00,Positive
1579,365,5,The housekeeping management system has significantly streamlined our operations and reduced room cleaning delays,2024-10-26 07:45:00,Positive
1580,366,5,The new feedback system makes it easy for guests to share their experiences helping us improve our service continuously,2024-10-26 08:00:00,Positive
1581,367,5,We’ve had much faster check-ins since the implementation of the self-check-in kiosks providing more convenience for guests,2024-10-26 08:15:00,Positive
1582,368,5,The room availability tool is great and ensures our front desk is always updated preventing overbooking,2024-10-26 08:30:00,Positive
1583,369,5,The reporting tools have become indispensable for tracking guest data and making informed decisions about promotions and services,2024-10-26 08:45:00,Positive
1584,370,5,The system’s quick payment processing allows for a smooth check-out experience improving guest satisfaction significantly,2024-10-26 09:00:00,Positive
1585,371,5,Event planners are impressed by how easy it is to manage reservations and special requests for conferences and weddings,2024-10-26 09:15:00,Positive

1586,372,1,The system crashes frequently during peak booking hours resulting in delays and frustration for both guests and staff,2024-10-26 09:30:00,Negative
1587,373,1,The hotel app is slow and often freezes when attempting to complete booking transactions,2024-10-26 09:45:00,Negative
1588,374,1,We experience significant delays in processing payments especially with credit card transactions,2024-10-26 10:00:00,Negative
1589,375,1,The event scheduling tool doesn't sync well with room availability leading to potential conflicts in room bookings for events,2024-10-26 10:15:00,Negative
1590,376,1,Guests often report issues with incorrect room service orders leading to negative feedback despite our best efforts,2024-10-26 10:30:00,Negative
1591,377,1,The system occasionally misreports room availability leading to overbookings and customer dissatisfaction,2024-10-26 10:45:00,Negative
1592,378,1,There are frequent glitches with the room allocation tool which makes it hard to assign guests to the appropriate rooms quickly,2024-10-26 11:00:00,Negative
1593,379,1,Housekeeping staff sometimes don't receive real-time updates on room status resulting in delays in room readiness,2024-10-26 11:15:00,Negative
1594,380,1,The system’s analytics reports take too long to load which hinders quick decision-making for improving hotel operations,2024-10-26 11:30:00,Negative
1595,381,1,The system often has login issues preventing staff from accessing key functionalities during busy hours,2024-10-26 11:45:00,Negative

1596,382,3,The booking calendar is useful but lacks a feature to highlight special offers or discounts,2024-10-26 12:00:00,Neutral
1597,383,3,The loyalty program integration is decent but would benefit from more detailed tracking options,2024-10-26 12:15:00,Neutral
1598,384,3,Guest profiles load quickly though it would help to have a tagging system for frequent visitors,2024-10-26 12:30:00,Neutral
1599,385,3,The system’s language support is good but could include more regional languages for international guests,2024-10-26 12:45:00,Neutral
1600,386,3,Room inventory management works well but adding automatic stock alerts would improve efficiency,2024-10-26 13:00:00,Neutral
1601,387,3,The integration with third-party payment gateways is fine but occasionally shows minor delays,2024-10-26 13:15:00,Neutral
1602,388,3,While the system logs are detailed filtering options could be added to speed up troubleshooting,2024-10-26 13:30:00,Neutral
1603,389,3,The event planner module is effective but needs more layout templates for better customization,2024-10-26 13:45:00,Neutral
1604,390,3,Staff training modules are helpful but could use more examples specific to our hotel’s operations,2024-10-26 14:00:00,Neutral
1605,391,3,The analytics dashboard provides good data but would benefit from a clearer visual representation of trends,2024-10-26 14:15:00,Neutral

1606,392,5,The guest history feature has improved our ability to personalize guest experiences significantly,2024-10-26 14:30:00,Positive
1607,393,5,Self-service kiosks allow guests to check in and out quickly enhancing the overall customer experience,2024-10-26 14:45:00,Positive
1608,394,5,Automated notifications for room readiness have reduced waiting times and improved guest satisfaction,2024-10-26 15:00:00,Positive
1609,395,5,Room service tracking helps ensure timely deliveries which has led to fewer complaints from guests,2024-10-26 15:15:00,Positive
1610,396,5,The event management tools make it easy to coordinate large-scale events with minimal effort,2024-10-26 15:30:00,Positive
1611,397,5,The loyalty program integration encourages repeat bookings and has led to a rise in customer retention,2024-10-26 15:45:00,Positive
1612,398,5,Real-time updates for room availability have drastically reduced instances of overbooking,2024-10-26 16:00:00,Positive
1613,399,5,Guests appreciate the seamless experience provided by the online booking and payment features,2024-10-26 16:15:00,Positive
1614,400,5,The system’s ability to integrate with third-party apps has opened up new opportunities for guest services,2024-10-26 16:30:00,Positive
1615,401,5,Analytics from the dashboard have helped us identify key trends boosting operational efficiency,2024-10-26 16:45:00,Positive

1616,402,1,The app frequently loses connection to the server leading to delays and guest frustration,2024-10-26 17:00:00,Negative
1617,403,1,Customizing invoices for corporate guests is overly complicated and takes too much time,2024-10-26 17:15:00,Negative
1618,404,1,The inventory tracker often fails to sync with real-time updates from housekeeping staff,2024-10-26 17:30:00,Negative
1619,405,1,International credit card payments occasionally get declined without any clear reason or error message,2024-10-26 17:45:00,Negative
1620,406,1,The system’s reporting tool crashes when exporting data for more than one year at a time,2024-10-26 18:00:00,Negative
1621,407,1,Housekeeping requests submitted through the app often don’t reach staff in a timely manner,2024-10-26 18:15:00,Negative
1622,408,1,The event scheduler double-books rooms during peak seasons creating problems for both guests and staff,2024-10-26 18:30:00,Negative
1623,409,1,Error messages displayed during booking provide no clear guidance on how to resolve the issue,2024-10-26 18:45:00,Negative
1624,410,1,The lack of offline mode creates issues when the internet connection is unstable during check-ins,2024-10-26 19:00:00,Negative
1625,411,1,Staff members find it difficult to navigate the cluttered interface of the admin portal,2024-10-26 19:15:00,Negative

1626,412,3,The reservation system is functional but needs better integration with housekeeping updates,2024-10-26 19:30:00,Neutral
1627,413,3,Customer support tickets are manageable but lack automated follow-up reminders for staff,2024-10-26 19:45:00,Neutral
1628,414,3,The mobile app offers decent functionality but could use a cleaner user interface design,2024-10-26 20:00:00,Neutral
1629,415,3,Room availability updates work fine but occasionally show outdated data during peak hours,2024-10-26 20:15:00,Neutral
1630,416,3,The report generation feature works well but takes longer than expected for larger data sets,2024-10-26 20:30:00,Neutral
1631,417,3,Event planning tools are helpful but could benefit from drag-and-drop scheduling options,2024-10-26 20:45:00,Neutral
1632,418,3,The staff roster module is effective but could use better color-coding for shifts,2024-10-26 21:00:00,Neutral
1633,419,3,Guest preferences are recorded accurately but could be highlighted more prominently,2024-10-26 21:15:00,Neutral
1634,420,3,The messaging feature works fine but lacks a read receipt option for internal communication,2024-10-26 21:30:00,Neutral
1635,421,3,The loyalty rewards system is functional but needs better visibility in guest profiles,2024-10-26 21:45:00,Neutral

1636,422,5,The housekeeping coordination tool has streamlined room turnover processes significantly,2024-10-26 22:00:00,Positive
1637,423,5,The online feedback form integration allows us to gather guest insights effortlessly,2024-10-26 22:15:00,Positive
1638,424,5,Dynamic pricing adjustments have boosted revenue by adapting to real-time demand changes,2024-10-26 22:30:00,Positive
1639,425,5,The multilingual support feature has improved communication with international guests greatly,2024-10-26 22:45:00,Positive
1640,426,5,Inventory management alerts have helped reduce overstocking and inventory mismanagement,2024-10-26 23:00:00,Positive
1641,427,5,The integrated marketing tools have increased bookings by enabling targeted email campaigns,2024-10-26 23:15:00,Positive
1642,428,5,Mobile notifications for upcoming bookings have made guests feel more informed and valued,2024-10-26 23:30:00,Positive
1643,429,5,The system’s cloud-based backup ensures data safety and seamless recovery in emergencies,2024-10-26 23:45:00,Positive
1644,430,5,Integration with travel agency platforms has expanded our reach and increased occupancy,2024-10-27 00:00:00,Positive
1645,431,5,The customizable dashboard provides clear insights helping us make data-driven decisions,2024-10-27 00:15:00,Positive

1646,432,1,The check-out process is overly complicated for guests using mobile devices,2024-10-27 00:30:00,Negative
1647,433,1,Delayed sync between room status and the system causes scheduling conflicts for housekeeping,2024-10-27 00:45:00,Negative
1648,434,1,International guests often face payment gateway errors when using specific card providers,2024-10-27 01:00:00,Negative
1649,435,1,Staff permissions are too rigid preventing department heads from accessing relevant reports,2024-10-27 01:15:00,Negative
1650,436,1,The guest messaging tool frequently fails to deliver messages sent during peak hours,2024-10-27 01:30:00,Negative
1651,437,1,Automatic room assignment sometimes allocates unavailable or under-maintenance rooms,2024-10-27 01:45:00,Negative
1652,438,1,Exporting financial data to third-party accounting tools results in inconsistent formatting,2024-10-27 02:00:00,Negative
1653,439,1,The system crashes occasionally when adding new staff profiles during peak usage times,2024-10-27 02:15:00,Negative
1654,440,1,The lack of notifications for loyalty point expiration leads to guest dissatisfaction,2024-10-27 02:30:00,Negative
1655,441,1,Overbooking notifications are either delayed or do not trigger during busy seasons,2024-10-27 02:45:00,Negative

1656,442,3,System usability is acceptable but lacks advanced analytics for revenue tracking,2024-10-27 03:00:00,Neutral
1657,443,3,Housekeeping notifications work well but are sometimes delayed during busy hours,2024-10-27 03:15:00,Neutral
1658,444,3,Online booking is efficient but lacks support for split billing among guests,2024-10-27 03:30:00,Neutral
1659,445,3,The calendar view is helpful but could include color-coded event categories,2024-10-27 03:45:00,Neutral
1660,446,3,Guest data tracking is accurate but lacks an option for custom data fields,2024-10-27 04:00:00,Neutral
1661,447,3,The payment portal is secure but could use faster transaction processing times,2024-10-27 04:15:00,Neutral
1662,448,3,Room service integration is functional but misses a feature for guest feedback,2024-10-27 04:30:00,Neutral
1663,449,3,The loyalty program is fair but could be enhanced with exclusive member perks,2024-10-27 04:45:00,Neutral
1664,450,3,The dashboard layout is clear but lacks customization options for specific needs,2024-10-27 05:00:00,Neutral
1665,451,3,Staff assignment tools are reliable but could benefit from real-time notifications,2024-10-27 05:15:00,Neutral

1666,452,5,Inventory tracking features have reduced stock discrepancies significantly,2024-10-27 05:30:00,Positive
1667,453,5,Guest feedback forms have improved service quality through actionable insights,2024-10-27 05:45:00,Positive
1668,454,5,The room booking system simplifies guest reservations for large groups,2024-10-27 06:00:00,Positive
1669,455,5,Mobile check-in services have enhanced guest convenience and satisfaction,2024-10-27 06:15:00,Positive
1670,456,5,The maintenance module ensures quick responses to guest-reported issues,2024-10-27 06:30:00,Positive
1671,457,5,Dynamic room rates have optimized revenue during peak and low seasons,2024-10-27 06:45:00,Positive
1672,458,5,The email reminders ensure guests never miss important reservation updates,2024-10-27 07:00:00,Positive
1673,459,5,Integration with payment gateways has boosted international booking success,2024-10-27 07:15:00,Positive
1674,460,5,The notification system keeps staff informed of updates in real-time,2024-10-27 07:30:00,Positive
1675,461,5,Customizable reports provide detailed insights into operational efficiency,2024-10-27 07:45:00,Positive

1676,462,1,The event planning tools often freeze when creating large-scale bookings,2024-10-27 08:00:00,Negative
1677,463,1,The guest messaging app frequently loses connection during high usage,2024-10-27 08:15:00,Negative
1678,464,1,Delayed room status updates have led to booking errors and guest complaints,2024-10-27 08:30:00,Negative
1679,465,1,The reporting system crashes when processing high-volume data exports,2024-10-27 08:45:00,Negative
1680,466,1,Online payment issues result in double charges for some international cards,2024-10-27 09:00:00,Negative
1681,467,1,Staff schedules lack flexibility for split shifts or last-minute changes,2024-10-27 09:15:00,Negative
1682,468,1,The system fails to update loyalty points after completed guest checkouts,2024-10-27 09:30:00,Negative
1683,469,1,Limited offline functionality disrupts operations during network outages,2024-10-27 09:45:00,Negative
1684,470,1,Language support is inconsistent especially for non-English-speaking guests,2024-10-27 10:00:00,Negative
1685,471,1,Auto-suggestions in the booking interface often display incorrect data,2024-10-27 10:15:00,Negative

1686,472,3,Staff portal is functional but requires a more intuitive user experience,2024-10-27 10:30:00,Neutral
1687,473,3,Reservation editing works but lacks a preview option for updated details,2024-10-27 10:45:00,Neutral
1688,474,3,Guest check-out process is smooth but could include automated invoicing,2024-10-27 11:00:00,Neutral
1689,475,3,Room availability tracking is helpful but lacks a color-coded status view,2024-10-27 11:15:00,Neutral
1690,476,3,Conference booking is reliable but lacks support for catering arrangements,2024-10-27 11:30:00,Neutral
1691,477,3,Staff communication tools are effective but could include voice messaging,2024-10-27 11:45:00,Neutral
1692,478,3,The occupancy dashboard is informative but updates slower during peak times,2024-10-27 12:00:00,Neutral
1693,479,3,The app integration is decent but lacks support for popular third-party tools,2024-10-27 12:15:00,Neutral
1694,480,3,The currency converter is useful but occasionally shows outdated rates,2024-10-27 12:30:00,Neutral
1695,481,3,Guest registration forms are easy to use but lack multilingual support,2024-10-27 12:45:00,Neutral

1696,482,5,The guest loyalty program has increased repeat bookings significantly,2024-10-27 13:00:00,Positive
1697,483,5,Integration with third-party APIs has simplified guest reservation workflows,2024-10-27 13:15:00,Positive
1698,484,5,Automated room cleaning schedules ensure timely housekeeping services,2024-10-27 13:30:00,Positive
1699,485,5,Real-time booking updates have minimized reservation conflicts effectively,2024-10-27 13:45:00,Positive
1700,486,5,Custom billing options have made it easier for corporate group bookings,2024-10-27 14:00:00,Positive
1701,487,5,The multilingual interface has improved accessibility for global guests,2024-10-27 14:15:00,Positive
1702,488,5,Push notifications enhance communication between staff and management,2024-10-27 14:30:00,Positive
1703,489,5,Guest profiles provide actionable insights for personalized services,2024-10-27 14:45:00,Positive
1704,490,5,The analytics module provides detailed insights into booking trends,2024-10-27 15:00:00,Positive
1705,491,5,Responsive design ensures seamless access across all device platforms,2024-10-27 15:15:00,Positive

1706,492,1,Double-booking occurs frequently during high demand seasons,2024-10-27 15:30:00,Negative
1707,493,1,Inconsistent performance of mobile check-in leads to guest frustration,2024-10-27 15:45:00,Negative
1708,494,1,Delayed updates in housekeeping status disrupt operational planning,2024-10-27 16:00:00,Negative
1709,495,1,Guest feedback forms lack support for multimedia attachments,2024-10-27 16:15:00,Negative
1710,496,1,Invoicing errors cause discrepancies in guest billing records,2024-10-27 16:30:00,Negative
1711,497,1,Lack of support for split payments inconveniences group travelers,2024-10-27 16:45:00,Negative
1712,498,1,User permissions for staff management are difficult to configure,2024-10-27 17:00:00,Negative
1713,499,1,The server frequently crashes when exporting reports with high volume,2024-10-27 17:15:00,Negative
1714,500,1,Booking search filters are unreliable when handling partial queries,2024-10-27 17:30:00,Negative
1715,501,1,The booking system lacks robust fraud prevention mechanisms,2024-10-27 17:45:00,Negative

1716,502,3,Room upgrades work well but should notify guests about availability sooner,2024-10-27 18:00:00,Neutral
1717,503,3,Loyalty program is effective but redemption process feels complicated,2024-10-27 18:15:00,Neutral
1718,504,3,Housekeeping logs are helpful but could integrate with staff schedules,2024-10-27 18:30:00,Neutral
1719,505,3,Check-in notifications are useful but arrive slightly delayed sometimes,2024-10-27 18:45:00,Neutral
1720,506,3,The guest feedback tool is decent but lacks options for anonymous entries,2024-10-27 19:00:00,Neutral
1721,507,3,Menu recommendations work okay but need real-time updates for inventory,2024-10-27 19:15:00,Neutral
1722,508,3,Guest preferences feature is good but misses integration with dining options,2024-10-27 19:30:00,Neutral
1723,509,3,Seasonal rates are functional but complicated to adjust for peak days,2024-10-27 19:45:00,Neutral
1724,510,3,The dashboard interface is clean but requires more customization options,2024-10-27 20:00:00,Neutral
1725,511,3,Room categories are clear but could include more visual distinctions,2024-10-27 20:15:00,Neutral

1726,512,5,Reservation workflows are seamless and improve overall guest experience,2024-10-27 20:30:00,Positive
1727,513,5,Room availability alerts save time and help avoid overbooked situations,2024-10-27 20:45:00,Positive
1728,514,5,Efficient housekeeping scheduling keeps operations running smoothly,2024-10-27 21:00:00,Positive
1729,515,5,Guest notifications enhance communication and reduce check-in delays,2024-10-27 21:15:00,Positive
1730,516,5,Staff training module simplifies onboarding and ensures team consistency,2024-10-27 21:30:00,Positive
1731,517,5,Quick billing options make check-outs faster and reduce guest waiting,2024-10-27 21:45:00,Positive
1732,518,5,Analytics provide deep insights into booking and seasonal trends,2024-10-27 22:00:00,Positive
1733,519,5,The mobile app enhances guest interaction and self-service capabilities,2024-10-27 22:15:00,Positive
1734,520,5,Event management tools are intuitive and boost conference bookings,2024-10-27 22:30:00,Positive
1735,521,5,Automated reminders improve guest engagement and reduce missed bookings,2024-10-27 22:45:00,Positive

1736,522,1,Server downtime frequently disrupts guest reservation workflows,2024-10-27 23:00:00,Negative
1737,523,1,The mobile app is unstable and crashes when performing certain actions,2024-10-27 23:15:00,Negative
1738,524,1,Guest profiles lack data accuracy leading to mismatched preferences,2024-10-27 23:30:00,Negative
1739,525,1,The support chat feature is slow and fails during peak usage hours,2024-10-27 23:45:00,Negative
1740,526,1,Room service orders are often delayed due to system synchronization errors,2024-10-28 00:00:00,Negative
1741,527,1,Inconsistent updates in the room inventory create double-booking risks,2024-10-28 00:15:00,Negative
1742,528,1,Notifications about guest arrivals are unreliable and delayed frequently,2024-10-28 00:30:00,Negative
1743,529,1,Third-party integrations fail during high traffic periods disrupting payments,2024-10-28 00:45:00,Negative
1744,530,1,Unintuitive UI makes it difficult for new users to navigate the system,2024-10-28 01:00:00,Negative
1745,531,1,Report exports are inconsistent and result in missing critical data,2024-10-28 01:15:00,Negative

1746,532,3,Staff scheduling is adequate but could use better shift rotation options,2024-10-28 01:30:00,Neutral
1747,533,3,Guest information management is decent but needs automated data updates,2024-10-28 01:45:00,Neutral
1748,534,3,The loyalty program is useful but lacks tiered rewards for frequent guests,2024-10-28 02:00:00,Neutral
1749,535,3,Room service interface works but could simplify item customization options,2024-10-28 02:15:00,Neutral
1750,536,3,Reservation editing is flexible but requires more intuitive navigation,2024-10-28 02:30:00,Neutral
1751,537,3,Payment gateway integration is okay but often faces synchronization issues,2024-10-28 02:45:00,Neutral
1752,538,3,The notification feature is functional but delays disrupt guest experience,2024-10-28 03:00:00,Neutral
1753,539,3,Event booking tools are decent but need clearer venue-specific options,2024-10-28 03:15:00,Neutral
1754,540,3,Room inventory management is reliable but could improve on automation,2024-10-28 03:30:00,Neutral
1755,541,3,Staff portal is efficient but login issues occur during high usage,2024-10-28 03:45:00,Neutral

1756,542,5,Dynamic pricing adjustments optimize revenue and improve booking flow,2024-10-28 04:00:00,Positive
1757,543,5,Room availability insights boost efficiency and prevent overbookings,2024-10-28 04:15:00,Positive
1758,544,5,The analytics dashboard provides actionable insights into guest patterns,2024-10-28 04:30:00,Positive
1759,545,5,Customizable room preferences enhance the personalization of guest stays,2024-10-28 04:45:00,Positive
1760,546,5,The self-check-in process is fast and reduces lobby congestion effectively,2024-10-28 05:00:00,Positive
1761,547,5,Automated cleaning schedules streamline housekeeping and improve hygiene,2024-10-28 05:15:00,Positive
1762,548,5,Real-time notifications improve communication and reduce missed opportunities,2024-10-28 05:30:00,Positive
1763,549,5,Mobile booking experience is smooth and drives higher user engagement,2024-10-28 05:45:00,Positive
1764,550,5,Quick response times for guest inquiries boost satisfaction significantly,2024-10-28 06:00:00,Positive
1765,551,5,Secure payment systems ensure trust and reduce transaction-related concerns,2024-10-28 06:15:00,Positive

1766,552,1,The reservation system crashes frequently during peak booking periods,2024-10-28 06:30:00,Negative
1767,553,1,Guest profiles fail to save updates leading to incomplete preferences,2024-10-28 06:45:00,Negative
1768,554,1,The interface design is confusing and adds unnecessary complexity,2024-10-28 07:00:00,Negative
1769,555,1,Event booking data inconsistencies cause issues during final confirmations,2024-10-28 07:15:00,Negative
1770,556,1,Notifications for special offers often fail to reach the intended guests,2024-10-28 07:30:00,Negative
1771,557,1,Payment delays occur frequently due to errors in the gateway integration,2024-10-28 07:45:00,Negative
1772,558,1,Slow response times on the staff portal delay operational efficiency,2024-10-28 08:00:00,Negative
1773,559,1,Reports generation takes too long and occasionally shows incorrect results,2024-10-28 08:15:00,Negative
1774,560,1,Room preferences are mismatched leading to guest dissatisfaction frequently,2024-10-28 08:30:00,Negative
1775,561,1,Housekeeping assignments are delayed due to unresponsive scheduling tools,2024-10-28 08:45:00,Negative

1776,562,3,Room upgrades are available but lack promotional offers for loyalty members,2024-10-28 09:00:00,Neutral
1777,563,3,Reservation cancellation is smooth but needs partial refund options,2024-10-28 09:15:00,Neutral
1778,564,3,Staff training modules are sufficient but lack advanced learning tools,2024-10-28 09:30:00,Neutral
1779,565,3,Event planning software is functional but lacks customization options,2024-10-28 09:45:00,Neutral
1780,566,3,Inventory tracking works but occasionally fails to update in real-time,2024-10-28 10:00:00,Neutral
1781,567,3,Loyalty points redemption is straightforward but could offer better perks,2024-10-28 10:15:00,Neutral
1782,568,3,Room cleanliness tracking is helpful but suffers from delayed updates,2024-10-28 10:30:00,Neutral
1783,569,3,Booking reminders are useful but sometimes arrive too close to check-in,2024-10-28 10:45:00,Neutral
1784,570,3,Feedback collection is efficient but could integrate multilingual support,2024-10-28 11:00:00,Neutral
1785,571,3,Discount application is easy but doesn’t display savings prominently,2024-10-28 11:15:00,Neutral

1786,572,5,Streamlined booking processes minimize errors and improve guest experience,2024-10-28 11:30:00,Positive
1787,573,5,Comprehensive reporting tools enable better management decisions daily,2024-10-28 11:45:00,Positive
1788,574,5,Integration with third-party apps enhances overall operational efficiency,2024-10-28 12:00:00,Positive
1789,575,5,Room availability updates are instant and prevent double-booking issues,2024-10-28 12:15:00,Positive
1790,576,5,User-friendly navigation boosts ease of use for both staff and guests,2024-10-28 12:30:00,Positive
1791,577,5,Customizable package options provide guests with tailored experiences,2024-10-28 12:45:00,Positive
1792,578,5,Seamless check-out speeds up the process and reduces wait times greatly,2024-10-28 13:00:00,Positive
1793,579,5,Guest preferences storage ensures repeat visitors feel more welcome,2024-10-28 13:15:00,Positive
1794,580,5,Automated billing eliminates errors and ensures accurate transactions,2024-10-28 13:30:00,Positive
1795,581,5,The loyalty program provides great value and encourages repeat bookings,2024-10-28 13:45:00,Positive

1796,582,1,Frequent downtimes during peak seasons disrupt operational efficiency,2024-10-28 14:00:00,Negative
1797,583,1,Room assignment errors lead to guest complaints and dissatisfaction frequently,2024-10-28 14:15:00,Negative
1798,584,1,Inadequate notification systems fail to alert staff about urgent updates,2024-10-28 14:30:00,Negative
1799,585,1,Slow data synchronization impacts real-time reservation management heavily,2024-10-28 14:45:00,Negative
1800,586,1,Complex refund processes create frustration for guests and staff alike,2024-10-28 15:00:00,Negative
1801,587,1,Incomplete analytics reports miss key metrics for effective management,2024-10-28 15:15:00,Negative
1802,588,1,Limited payment options inconvenience international guests frequently,2024-10-28 15:30:00,Negative
1803,589,1,Glitchy mobile apps reduce the effectiveness of self-service check-ins,2024-10-28 15:45:00,Negative
1804,590,1,Lack of multi-language support alienates guests from non-English regions,2024-10-28 16:00:00,Negative
1805,591,1,Guest requests take too long to process due to system inefficiencies,2024-10-28 16:15:00,Negative

1806,592,3,Room preferences are saved but not consistently applied during check-in,2024-10-28 16:30:00,Neutral
1807,593,3,Service requests logging is good but response times are inconsistent,2024-10-28 16:45:00,Neutral
1808,594,3,Housekeeping scheduling works but requires manual adjustments frequently,2024-10-28 17:00:00,Neutral
1809,595,3,Digital keycards are convenient but fail to function occasionally,2024-10-28 17:15:00,Neutral
1810,596,3,Event management tools are helpful but lack scalability for larger events,2024-10-28 17:30:00,Neutral
1811,597,3,Food ordering options are adequate but do not include allergen information,2024-10-28 17:45:00,Neutral
1812,598,3,Late checkout policy is clear but flexibility is limited for premium members,2024-10-28 18:00:00,Neutral
1813,599,3,Guest profiles are detailed but sometimes fail to load completely,2024-10-28 18:15:00,Neutral
1814,600,3,Payment gateways are secure but sometimes reject valid transactions,2024-10-28 18:30:00,Neutral
1815,601,3,Customer feedback collection is efficient but lacks in-depth analysis,2024-10-28 18:45:00,Neutral

1816,602,5,Smart room features enhance comfort and create memorable experiences,2024-10-28 19:00:00,Positive
1817,603,5,Automated reminders reduce no-shows and improve reservation efficiency,2024-10-28 19:15:00,Positive
1818,604,5,Real-time updates boost confidence in managing booking availability,2024-10-28 19:30:00,Positive
1819,605,5,Custom room upgrades increase guest satisfaction and revenue streams,2024-10-28 19:45:00,Positive
1820,606,5,Contactless payments simplify check-out processes and minimize delays,2024-10-28 20:00:00,Positive
1821,607,5,Dynamic pricing strategies maximize profits and ensure fair rates,2024-10-28 20:15:00,Positive
1822,608,5,Instant notifications keep guests informed and reduce miscommunications,2024-10-28 20:30:00,Positive
1823,609,5,Personalized packages cater to specific guest needs effectively and efficiently,2024-10-28 20:45:00,Positive
1824,610,5,Simple UI designs enhance overall user experience for staff and guests,2024-10-28 21:00:00,Positive
1825,611,5,Centralized dashboards improve management oversight and decision-making,2024-10-28 21:15:00,Positive

1826,612,1,Frequent login issues frustrate staff and hinder operational workflows,2024-10-28 21:30:00,Negative
1827,613,1,Limited room photos make online bookings less appealing for customers,2024-10-28 21:45:00,Negative
1828,614,1,Payment verification delays inconvenience guests during the check-out process,2024-10-28 22:00:00,Negative
1829,615,1,Unresponsive tech support creates delays in resolving system failures,2024-10-28 22:15:00,Negative
1830,616,1,Reservation conflicts occur frequently and damage customer satisfaction,2024-10-28 22:30:00,Negative
1831,617,1,Report generation crashes when handling larger datasets for analysis,2024-10-28 22:45:00,Negative
1832,618,1,Lack of secure backups risks losing important guest and booking data,2024-10-28 23:00:00,Negative
1833,619,1,Inconsistent notifications disrupt guest expectations and staff operations,2024-10-28 23:15:00,Negative
1834,620,1,Staff schedules are often inaccurate due to faulty synchronization settings,2024-10-28 23:30:00,Negative
1835,621,1,Outdated menus in the app confuse guests and lead to complaints often,2024-10-28 23:45:00,Negative

1836,622,3,Loyalty rewards are functional but lack tiered benefit differentiation,2024-10-29 00:00:00,Neutral
1837,623,3,Check-in queues are manageable but self-service kiosks are underutilized,2024-10-29 00:15:00,Neutral
1838,624,3,Room rates display accurately but currency conversion is inconsistent,2024-10-29 00:30:00,Neutral
1839,625,3,Room service timing is acceptable but lacks real-time tracking options,2024-10-29 00:45:00,Neutral
1840,626,3,Parking space allocation is clear but sometimes oversubscribed,2024-10-29 01:00:00,Neutral
1841,627,3,Staff availability schedules are visible but updates are occasionally delayed,2024-10-29 01:15:00,Neutral
1842,628,3,Wi-Fi connection quality is decent but disconnects during high usage periods,2024-10-29 01:30:00,Neutral
1843,629,3,Event bookings are straightforward but adding customizations is cumbersome,2024-10-29 01:45:00,Neutral
1844,630,3,Guest surveys are insightful but response rates remain relatively low,2024-10-29 02:00:00,Neutral
1845,631,3,Staff communication tools are good but occasionally experience outages,2024-10-29 02:15:00,Neutral

1846,632,5,Digital receipts simplify expense tracking and reduce paper usage,2024-10-29 02:30:00,Positive
1847,633,5,Feedback insights enhance operational decisions and customer satisfaction,2024-10-29 02:45:00,Positive
1848,634,5,Room upgrades process is seamless and boosts guest satisfaction overall,2024-10-29 03:00:00,Positive
1849,635,5,Advanced search filters improve booking customization and save time,2024-10-29 03:15:00,Positive
1850,636,5,Efficient housekeeping scheduling reduces delays and increases cleanliness,2024-10-29 03:30:00,Positive
1851,637,5,Mobile check-in streamlines arrivals and enhances guest convenience,2024-10-29 03:45:00,Positive
1852,638,5,Room temperature control adds comfort and improves guest experiences,2024-10-29 04:00:00,Positive
1853,639,5,Integrated payment systems simplify transactions and reduce errors,2024-10-29 04:15:00,Positive
1854,640,5,Push notifications enhance engagement and keep guests informed easily,2024-10-29 04:30:00,Positive
1855,641,5,Room availability updates are instant and prevent overbooking issues,2024-10-29 04:45:00,Positive

1856,642,1,Limited customization options frustrate event planners and reduce appeal,2024-10-29 05:00:00,Negative
1857,643,1,Booking filters often malfunction and make searching unnecessarily difficult,2024-10-29 05:15:00,Negative
1858,644,1,Check-out process delays inconvenience guests and affect satisfaction negatively,2024-10-29 05:30:00,Negative
1859,645,1,Duplicate reservations occur frequently and confuse front-desk staff,2024-10-29 05:45:00,Negative
1860,646,1,Unclear refund policies discourage cancellations and lead to complaints,2024-10-29 06:00:00,Negative
1861,647,1,Outdated staff contact lists delay communications during emergencies,2024-10-29 06:15:00,Negative
1862,648,1,Guest complaint tracking is unreliable and leads to unresolved issues often,2024-10-29 06:30:00,Negative
1863,649,1,Mobile app crashes disrupt bookings and frustrate frequent travelers,2024-10-29 06:45:00,Negative
1864,650,1,Insufficient training causes errors in bookings and operational workflows,2024-10-29 07:00:00,Negative
1865,651,1,Payment failures increase disputes and lead to negative customer experiences,2024-10-29 07:15:00,Negative

1866,652,3,Check-in automation is functional but lacks personalization options,2024-10-29 07:30:00,Neutral
1867,653,3,Room layout is efficient but could be more spacious,2024-10-29 07:45:00,Neutral
1868,654,3,Customer service response time is decent but can be improved during peak hours,2024-10-29 08:00:00,Neutral
1869,655,3,Maintenance requests are processed quickly but updates are inconsistent,2024-10-29 08:15:00,Neutral
1870,656,3,Room amenities are adequate but need better replenishment schedules,2024-10-29 08:30:00,Neutral
1871,657,3,Security measures are visible but need clearer communication to guests,2024-10-29 08:45:00,Neutral
1872,658,3,Wi-Fi service is decent but signal strength varies across the hotel,2024-10-29 09:00:00,Neutral
1873,659,3,Hotel cleanliness is maintained but some areas require more frequent checks,2024-10-29 09:15:00,Neutral
1874,660,3,Pool facilities are available but maintenance is sometimes overlooked,2024-10-29 09:30:00,Neutral
1875,661,3,Room service menu is diverse but lacks some dietary options,2024-10-29 09:45:00,Neutral

1876,662,5,Quick check-out process enhances guest convenience and satisfaction,2024-10-29 10:00:00,Positive
1877,663,5,Seamless booking system simplifies reservations and boosts guest retention,2024-10-29 10:15:00,Positive
1878,664,5,Staff professionalism creates a welcoming atmosphere and improves guest loyalty,2024-10-29 10:30:00,Positive
1879,665,5,Room lighting is excellent and contributes to a relaxing environment,2024-10-29 10:45:00,Positive
1880,666,5,Customer loyalty program provides valuable rewards and enhances retention,2024-10-29 11:00:00,Positive
1881,667,5,Modern interior design enhances overall guest experience and comfort,2024-10-29 11:15:00,Positive
1882,668,5,Convenient mobile app streamlines service requests and room control,2024-10-29 11:30:00,Positive
1883,669,5,On-site dining options are diverse and offer excellent meal quality,2024-10-29 11:45:00,Positive
1884,670,5,Housekeeping is efficient and rooms are always spotless upon arrival,2024-10-29 12:00:00,Positive
1885,671,5,Concierge team provides useful recommendations and enhances local experience,2024-10-29 12:15:00,Positive

1886,672,1,Reservation cancellations are complicated and cause unnecessary frustration,2024-10-29 12:30:00,Negative
1887,673,1,Room service delays are frequent and impact guest satisfaction negatively,2024-10-29 12:45:00,Negative
1888,674,1,Noise levels in common areas disrupt the guest experience,2024-10-29 13:00:00,Negative
1889,675,1,Staff turnover is high and affects consistency of service,2024-10-29 13:15:00,Negative
1890,676,1,Hotel amenities are often unavailable due to maintenance issues,2024-10-29 13:30:00,Negative
1891,677,1,Booking system glitches cause overbookings and guest inconvenience,2024-10-29 13:45:00,Negative
1892,678,1,Elevator wait times are long and inefficient during peak hours,2024-10-29 14:00:00,Negative
1893,679,1,Communication with guests is unclear and leads to confusion,2024-10-29 14:15:00,Negative
1894,680,1,Room temperature control is erratic and does not meet guest preferences,2024-10-29 14:30:00,Negative
1895,681,1,Parking options are limited and cause inconvenience for guests,2024-10-29 14:45:00,Negative

1896,682,3,Check-out timing could be more flexible,2024-10-29 15:00:00,Neutral
1897,683,3,Guest rooms are adequate but could use more amenities,2024-10-29 15:15:00,Neutral
1898,684,3,Pool area is clean but lacks shaded spots,2024-10-29 15:30:00,Neutral
1899,685,3,Room temperature control is functional but inconsistent,2024-10-29 15:45:00,Neutral
1900,686,3,Staff friendliness is noticeable but varies during peak hours,2024-10-29 16:00:00,Neutral
1901,687,3,Food options are fine but could cater more to dietary restrictions,2024-10-29 16:15:00,Neutral
1902,688,3,Service response time is decent but can be delayed during busy periods,2024-10-29 16:30:00,Neutral
1903,689,3,In-room entertainment options are good but outdated,2024-10-29 16:45:00,Neutral
1904,690,3,Security features are visible but not fully reassuring,2024-10-29 17:00:00,Neutral
1905,691,3,Noise isolation is adequate but could be improved,2024-10-29 17:15:00,Neutral

1906,692,5,Efficient check-in process makes arrival stress-free,2024-10-29 17:30:00,Positive
1907,693,5,Excellent room service delivers fresh meals quickly,2024-10-29 17:45:00,Positive
1908,694,5,Location is ideal and close to major attractions,2024-10-29 18:00:00,Positive
1909,695,5,Staff is friendly and always available for assistance,2024-10-29 18:15:00,Positive
1910,696,5,Great room quality with modern fixtures and clean spaces,2024-10-29 18:30:00,Positive
1911,697,5,Superb on-site dining options with a variety of cuisines,2024-10-29 18:45:00,Positive
1912,698,5,Well-maintained gym facilities enhance fitness options,2024-10-29 19:00:00,Positive
1913,699,5,Hotel provides timely shuttle service to key destinations,2024-10-29 19:15:00,Positive
1914,700,5,Concierge services are helpful and offer great recommendations,2024-10-29 19:30:00,Positive
1915,701,5,Rooms are spacious and offer a relaxing atmosphere,2024-10-29 19:45:00,Positive

1916,702,1,Reservation system has glitches that cause delays,2024-10-29 20:00:00,Negative
1917,703,1,Check-in process is slow and inefficient,2024-10-29 20:15:00,Negative
1918,704,1,Room cleanliness was subpar and needed improvement,2024-10-29 20:30:00,Negative
1919,705,1,Wi-Fi connection is unstable and disrupts work,2024-10-29 20:45:00,Negative
1920,706,1,Elevator service is slow and causes delays,2024-10-29 21:00:00,Negative
1921,707,1,Hotel maintenance is inconsistent and affects comfort,2024-10-29 21:15:00,Negative
1922,708,1,Staff attitude is unprofessional and unhelpful at times,2024-10-29 21:30:00,Negative
1923,709,1,Air conditioning is noisy and ineffective,2024-10-29 21:45:00,Negative
1924,710,1,The room did not match the description in the booking,2024-10-29 22:00:00,Negative
1925,711,1,Food quality is poor and lacks flavor,2024-10-29 22:15:00,Negative

1926,712,3,Room is comfortable but lacks enough charging outlets,2024-10-29 22:30:00,Neutral
1927,713,3,Staff is polite but not very responsive,2024-10-29 22:45:00,Neutral
1928,714,3,Housekeeping service is average needs improvement,2024-10-29 23:00:00,Neutral
1929,715,3,Wi-Fi connection works well but can be slow during peak hours,2024-10-29 23:15:00,Neutral
1930,716,3,The hotel offers good amenities but is a bit outdated,2024-10-29 23:30:00,Neutral
1931,717,3,Location is good but parking can be difficult,2024-10-29 23:45:00,Neutral
1932,718,3,Room temperature control is inconsistent,2024-10-29 23:59:00,Neutral
1933,719,3,The restaurant has good food but the prices are high,2024-10-30 00:15:00,Neutral
1934,720,3,The gym is decent but lacks variety in equipment,2024-10-30 00:30:00,Neutral
1935,721,3,Check-out process is simple but could be faster,2024-10-30 00:45:00,Neutral

1936,722,5,Great location with stunning views,2024-10-30 01:00:00,Positive
1937,723,5,Friendly staff makes the experience memorable,2024-10-30 01:15:00,Positive
1938,724,5,Rooms are spacious and very clean,2024-10-30 01:30:00,Positive
1939,725,5,Efficient room service with great food quality,2024-10-30 01:45:00,Positive
1940,726,5,Hotel facilities are modern and well-maintained,2024-10-30 02:00:00,Positive
1941,727,5,Impressive decor throughout the hotel,2024-10-30 02:15:00,Positive
1942,728,5,Exceptional service from every staff member,2024-10-30 02:30:00,Positive
1943,729,5,Convenient shuttle service to nearby attractions,2024-10-30 02:45:00,Positive
1944,730,5,The pool is clean and relaxing,2024-10-30 03:00:00,Positive
1945,731,5,Delicious breakfast with plenty of options,2024-10-30 03:15:00,Positive

1946,732,1,Rooms are noisy and uncomfortable,2024-10-30 03:30:00,Negative
1947,733,1,The service is slow and disorganized,2024-10-30 03:45:00,Negative
1948,734,1,No hot water in the shower,2024-10-30 04:00:00,Negative
1949,735,1,Food was bland and overpriced,2024-10-30 04:15:00,Negative
1950,736,1,The room smelled musty and unpleasant,2024-10-30 04:30:00,Negative
1951,737,1,There were issues with the elevator,2024-10-30 04:45:00,Negative
1952,738,1,Staff were unprofessional and inattentive,2024-10-30 05:00:00,Negative
1953,739,1,Facilities are outdated and need renovation,2024-10-30 05:15:00,Negative
1954,740,1,Check-in process took too long,2024-10-30 05:30:00,Negative
1955,741,1,Uncomfortable beds and noisy environment,2024-10-30 05:45:00,Negative

1956,742,3,Good service but slow,2024-10-30 06:00:00,Neutral
1957,743,3,Clean room but outdated,2024-10-30 06:15:00,Neutral
1958,744,3,Decent food overpriced,2024-10-30 06:30:00,Neutral
1959,745,3,Staff was helpful but unorganized,2024-10-30 06:45:00,Neutral
1960,746,3,Good amenities but noisy,2024-10-30 07:00:00,Neutral
1961,747,3,Great location but limited parking,2024-10-30 07:15:00,Neutral
1962,748,3,Comfortable room but poor lighting,2024-10-30 07:30:00,Neutral
1963,749,3,Convenient check-in but crowded,2024-10-30 07:45:00,Neutral
1964,750,3,Quiet but small,2024-10-30 08:00:00,Neutral
1965,751,3,Great view but expensive,2024-10-30 08:15:00,Neutral

1966,752,5,Excellent experience,2024-10-30 08:30:00,Positive
1967,753,5,Beautiful hotel,2024-10-30 08:45:00,Positive
1968,754,5,Very clean,2024-10-30 09:00:00,Positive
1969,755,5,Friendly staff,2024-10-30 09:15:00,Positive
1970,756,5,Great breakfast,2024-10-30 09:30:00,Positive
1971,757,5,Excellent service,2024-10-30 09:45:00,Positive
1972,758,5,Comfortable stay,2024-10-30 10:00:00,Positive
1973,759,5,Amazing pool,2024-10-30 10:15:00,Positive
1974,760,5,Perfect location,2024-10-30 10:30:00,Positive
1975,761,5,Cozy room,2024-10-30 10:45:00,Positive

1976,762,1,Unpleasant smell,2024-10-30 11:00:00,Negative
1977,763,1,Very noisy,2024-10-30 11:15:00,Negative
1978,764,1,Lack of cleanliness,2024-10-30 11:30:00,Negative
1979,765,1,Slow service,2024-10-30 11:45:00,Negative
1980,766,1,Uncomfortable bed,2024-10-30 12:00:00,Negative
1981,767,1,Expensive food,2024-10-30 12:15:00,Negative
1982,768,1,Dirty room,2024-10-30 12:30:00,Negative
1983,769,1,Unhelpful staff,2024-10-30 12:45:00,Negative
1984,770,1,Poor amenities,2024-10-30 13:00:00,Negative
1985,771,1,Bad experience,2024-10-30 13:15:00,Negative

1986,772,3,Good service mediocre,2024-10-30 13:30:00,Neutral
1987,773,3,Decent room expensive,2024-10-30 13:45:00,Neutral
1988,774,3,Good location average,2024-10-30 14:00:00,Neutral
1989,775,3,Comfortable bed noisy,2024-10-30 14:15:00,Neutral
1990,776,3,Helpful staff crowded,2024-10-30 14:30:00,Neutral
1991,777,3,Quiet place outdated,2024-10-30 14:45:00,Neutral
1992,778,3,Fast check-in limited,2024-10-30 15:00:00,Neutral
1993,779,3,Cozy room small,2024-10-30 15:15:00,Neutral
1994,780,3,Good amenities expensive,2024-10-30 15:30:00,Neutral
1995,781,3,Average food overpriced,2024-10-30 15:45:00,Neutral

1996,782,5,Wonderful stay,2024-10-30 16:00:00,Positive
1997,783,5,Excellent value,2024-10-30 16:15:00,Positive
1998,784,5,Superb service,2024-10-30 16:30:00,Positive
1999,785,5,Very clean,2024-10-30 16:45:00,Positive
2000,786,5,Fantastic view,2024-10-30 17:00:00,Positive
2001,787,5,Perfect location,2024-10-30 17:15:00,Positive
2002,788,5,Comfortable stay,2024-10-30 17:30:00,Positive
2003,789,5,Great atmosphere,2024-10-30 17:45:00,Positive
2004,790,5,Excellent facilities,2024-10-30 18:00:00,Positive
2005,791,5,Friendly staff,2024-10-30 18:15:00,Positive

2006,792,1,Slow check-in,2024-10-30 18:30:00,Negative
2007,793,1,Dirty room,2024-10-30 18:45:00,Negative
2008,794,1,Noisy environment,2024-10-30 19:00:00,Negative
2009,795,1,Uncomfortable bed,2024-10-30 19:15:00,Negative
2010,796,1,Cold shower,2024-10-30 19:30:00,Negative
2011,797,1,Unhelpful staff,2024-10-30 19:45:00,Negative
2012,798,1,No hot water,2024-10-30 20:00:00,Negative
2013,799,1,Noisy guests,2024-10-30 20:15:00,Negative
2014,800,1,Lack of cleanliness,2024-10-30 20:30:00,Negative
2015,801,1,Bad experience,2024-10-30 20:45:00,Negative

2016,802,3,Good experience acceptable,2024-10-30 21:00:00,Neutral
2017,803,3,Convenient location expensive,2024-10-30 21:15:00,Neutral
2018,804,3,Comfortable stay noisy,2024-10-30 21:30:00,Neutral
2019,805,3,Helpful team pricey,2024-10-30 21:45:00,Neutral
2020,806,3,Clean room cramped,2024-10-30 22:00:00,Neutral
2021,807,3,Well managed basic,2024-10-30 22:15:00,Neutral
2022,808,3,Quick service overpriced,2024-10-30 22:30:00,Neutral
2023,809,3,Friendly staff minimal,2024-10-30 22:45:00,Neutral
2024,810,3,Quiet place outdated,2024-10-30 23:00:00,Neutral
2025,811,3,Standard room crowded,2024-10-30 23:15:00,Neutral

2026,812,5,Awesome experience,2024-10-30 23:30:00,Positive
2027,813,5,Wonderful time,2024-10-30 23:45:00,Positive
2028,814,5,Very clean,2024-10-31 00:00:00,Positive
2029,815,5,Great value,2024-10-31 00:15:00,Positive
2030,816,5,Super friendly,2024-10-31 00:30:00,Positive
2031,817,5,Best service,2024-10-31 00:45:00,Positive
2032,818,5,Perfect stay,2024-10-31 01:00:00,Positive
2033,819,5,Highly recommended,2024-10-31 01:15:00,Positive
2034,820,5,Friendly staff,2024-10-31 01:30:00,Positive
2035,821,5,Excellent hotel,2024-10-31 01:45:00,Positive

2036,822,1,Dirty towels,2024-10-31 02:00:00,Negative
2037,823,1,Noisy neighbors,2024-10-31 02:15:00,Negative
2038,824,1,Cold room,2024-10-31 02:30:00,Negative
2039,825,1,Bad service,2024-10-31 02:45:00,Negative
2040,826,1,Unclean floors,2024-10-31 03:00:00,Negative
2041,827,1,Lack of towels,2024-10-31 03:15:00,Negative
2042,828,1,Slow staff,2024-10-31 03:30:00,Negative
2043,829,1,No WiFi,2024-10-31 03:45:00,Negative
2044,830,1,Uncomfortable chair,2024-10-31 04:00:00,Negative
2045,831,1,Unclean bed,2024-10-31 04:15:00,Negative

2046,832,3,Good service decent,2024-10-31 04:30:00,Neutral
2047,833,3,Convenient location noisy,2024-10-31 04:45:00,Neutral
2048,834,3,Comfortable stay expensive,2024-10-31 05:00:00,Neutral
2049,835,3,Decent value crowded,2024-10-31 05:15:00,Neutral
2050,836,3,Helpful staff uncomfortable,2024-10-31 05:30:00,Neutral
2051,837,3,Great atmosphere poor lighting,2024-10-31 05:45:00,Neutral
2052,838,3,Calm place limited amenities,2024-10-31 06:00:00,Neutral
2053,839,3,Okay room small,2024-10-31 06:15:00,Neutral
2054,840,3,Friendly staff basic,2024-10-31 06:30:00,Neutral
2055,841,3,Simple setup noisy,2024-10-31 06:45:00,Neutral

2056,842,5,Excellent service,2024-10-31 07:00:00,Positive
2057,843,5,Great atmosphere,2024-10-31 07:15:00,Positive
2058,844,5,Fantastic stay,2024-10-31 07:30:00,Positive
2059,845,5,Very clean,2024-10-31 07:45:00,Positive
2060,846,5,Outstanding staff,2024-10-31 08:00:00,Positive
2061,847,5,Top quality,2024-10-31 08:15:00,Positive
2062,848,5,Wonderful location,2024-10-31 08:30:00,Positive
2063,849,5,Perfect experience,2024-10-31 08:45:00,Positive
2064,850,5,Amazing view,2024-10-31 09:00:00,Positive
2065,851,5,Highly recommended,2024-10-31 09:15:00,Positive

2066,852,1,Unclean room,2024-10-31 09:30:00,Negative
2067,853,1,Noisy hotel,2024-10-31 09:45:00,Negative
2068,854,1,Slow service,2024-10-31 10:00:00,Negative
2069,855,1,Lack of amenities,2024-10-31 10:15:00,Negative
2070,856,1,Uncomfortable stay,2024-10-31 10:30:00,Negative
2071,857,1,Dirty sheets,2024-10-31 10:45:00,Negative
2072,858,1,Poor location,2024-10-31 11:00:00,Negative
2073,859,1,Cold bed,2024-10-31 11:15:00,Negative
2074,860,1,Loud guests,2024-10-31 11:30:00,Negative
2075,861,1,Bad Service,2024-10-31 11:45:00,Negative

2076,862,3,Reasonable pricing average,2024-10-31 12:00:00,Neutral
2077,863,3,Average service crowded,2024-10-31 12:15:00,Neutral
2078,864,3,Decent staff noisy,2024-10-31 12:30:00,Neutral
2079,865,3,Good enough basic,2024-10-31 12:45:00,Neutral
2080,866,3,Okay experience unremarkable,2024-10-31 13:00:00,Neutral
2081,867,3,Acceptable food bland,2024-10-31 13:15:00,Neutral
2082,868,3,Peaceful location limited,2024-10-31 13:30:00,Neutral
2083,869,3,Functional setup small,2024-10-31 13:45:00,Neutral
2084,870,3,Polite staff plain,2024-10-31 14:00:00,Neutral
2085,871,3,Convenient place dated,2024-10-31 14:15:00,Neutral

2086,872,5,Luxury experience,2024-10-31 14:30:00,Positive
2087,873,5,Spotless rooms,2024-10-31 14:45:00,Positive
2088,874,5,Great service,2024-10-31 15:00:00,Positive
2089,875,5,Beautiful ambiance,2024-10-31 15:15:00,Positive
2090,876,5,Incredible stay,2024-10-31 15:30:00,Positive
2091,877,5,Superb amenities,2024-10-31 15:45:00,Positive
2092,878,5,Exceptional hospitality,2024-10-31 16:00:00,Positive
2093,879,5,Fantastic food,2024-10-31 16:15:00,Positive
2094,880,5,Lovely environment,2024-10-31 16:30:00,Positive
2095,881,5,Outstanding location,2024-10-31 16:45:00,Positive

2096,882,1,Rude staff,2024-10-31 17:00:00,Negative
2097,883,1,Smelly room,2024-10-31 17:15:00,Negative
2098,884,1,Broken appliances,2024-10-31 17:30:00,Negative
2099,885,1,Poor hygiene,2024-10-31 17:45:00,Negative
2100,886,1,Unhelpful reception,2024-10-31 18:00:00,Negative
2101,887,1,Tiny bathroom,2024-10-31 18:15:00,Negative
2102,888,1,Disorganized management,2024-10-31 18:30:00,Negative
2103,889,1,Limited parking,2024-10-31 18:45:00,Negative
2104,890,1,Dirty carpets,2024-10-31 19:00:00,Negative
2105,891,1,Leaky faucet,2024-10-31 19:15:00,Negative
